2026-08-16 20:55:59 RUN phase3-20260816-205559 layout=phase3 model=Qwen3-1.7B config=c8p3 C=8 P=3 stage=fit n_seeds=16384 stage2_seeds=65535 layers_limit=None eval_mode=cached resume=True stack=bfba9230e93f|NVIDIA GeForce RTX 4090|torch2.11.0+cu128
2026-08-16 20:56:01 HASH originals sha256=42fb692854712fa1c4d375c5cde965af... verified=True
2026-08-16 20:56:01 ACT capturing activation scales (12 prompts, bf16 model)
2026-08-16 20:59:20 ACT done (196 tensors, 199.3s)
2026-08-16 20:59:20 FIT start model=Qwen3-1.7B config=c8p3 C=8 P=3 tensors=196 variants=5 n_seeds=16384 units=980
2026-08-16 20:59:25 FIT model.layers.0.self_attn.q_proj.weight :: seed_only bpw=4.0000 rel_err=0.1551 t=5.17s [1/980] ETA=1.46h
2026-08-16 20:59:26 FIT model.layers.0.self_attn.q_proj.weight :: awq_p0.5 bpw=4.2400 rel_err=0.1521 t=0.48s [2/980] ETA=0.81h
2026-08-16 20:59:26 FIT model.layers.0.self_attn.q_proj.weight :: awq_p1.0 bpw=4.4800 rel_err=0.1497 t=0.36s [3/980] ETA=0.58h
2026-08-16 20:59:27 FIT model.layers.0.self_attn.q_proj.weight :: awq_p2.0 bpw=4.9600 rel_err=0.1442 t=0.69s [4/980] ETA=0.49h
2026-08-16 20:59:27 FIT model.layers.0.self_attn.q_proj.weight :: rtn4 bpw=4.5000 rel_err=0.1015 t=0.00s [5/980] ETA=0.39h
2026-08-16 20:59:30 FIT model.layers.0.self_attn.k_proj.weight :: seed_only bpw=4.0000 rel_err=0.1545 t=2.32s [6/980] ETA=0.44h
2026-08-16 20:59:30 FIT model.layers.0.self_attn.k_proj.weight :: awq_p0.5 bpw=4.2400 rel_err=0.1516 t=0.10s [7/980] ETA=0.38h
2026-08-16 20:59:30 FIT model.layers.0.self_attn.k_proj.weight :: awq_p1.0 bpw=4.4800 rel_err=0.1493 t=0.18s [8/980] ETA=0.34h
2026-08-16 20:59:31 FIT model.layers.0.self_attn.k_proj.weight :: awq_p2.0 bpw=4.9600 rel_err=0.1439 t=0.34s [9/980] ETA=0.32h
2026-08-16 20:59:31 FIT model.layers.0.self_attn.k_proj.weight :: rtn4 bpw=4.5000 rel_err=0.0994 t=0.00s [10/980] ETA=0.29h
2026-08-16 20:59:33 FIT model.layers.0.self_attn.v_proj.weight :: seed_only bpw=4.0000 rel_err=0.1548 t=2.32s [11/980] ETA=0.32h
2026-08-16 20:59:33 FIT model.layers.0.self_attn.v_proj.weight :: awq_p0.5 bpw=4.2400 rel_err=0.1532 t=0.10s [12/980] ETA=0.30h
2026-08-16 20:59:34 FIT model.layers.0.self_attn.v_proj.weight :: awq_p1.0 bpw=4.4800 rel_err=0.1509 t=0.19s [13/980] ETA=0.28h
2026-08-16 20:59:34 FIT model.layers.0.self_attn.v_proj.weight :: awq_p2.0 bpw=4.9600 rel_err=0.1459 t=0.35s [14/980] ETA=0.27h
2026-08-16 20:59:34 FIT model.layers.0.self_attn.v_proj.weight :: rtn4 bpw=4.5000 rel_err=0.0995 t=0.00s [15/980] ETA=0.25h
2026-08-16 20:59:39 FIT model.layers.0.self_attn.o_proj.weight :: seed_only bpw=4.0000 rel_err=0.1540 t=4.63s [16/980] ETA=0.32h
2026-08-16 20:59:39 FIT model.layers.0.self_attn.o_proj.weight :: awq_p0.5 bpw=4.2400 rel_err=0.1489 t=0.16s [17/980] ETA=0.30h
2026-08-16 20:59:40 FIT model.layers.0.self_attn.o_proj.weight :: awq_p1.0 bpw=4.4800 rel_err=0.1460 t=0.30s [18/980] ETA=0.29h
2026-08-16 20:59:40 FIT model.layers.0.self_attn.o_proj.weight :: awq_p2.0 bpw=4.9600 rel_err=0.1412 t=0.58s [19/980] ETA=0.28h
2026-08-16 20:59:40 FIT model.layers.0.self_attn.o_proj.weight :: rtn4 bpw=4.5000 rel_err=0.0978 t=0.00s [20/980] ETA=0.27h
2026-08-16 20:59:55 FIT model.layers.0.mlp.gate_proj.weight :: seed_only bpw=4.0000 rel_err=0.1546 t=13.88s [21/980] ETA=0.44h
2026-08-16 20:59:55 FIT model.layers.0.mlp.gate_proj.weight :: awq_p0.5 bpw=4.2400 rel_err=0.1514 t=0.55s [22/980] ETA=0.43h
2026-08-16 20:59:57 FIT model.layers.0.mlp.gate_proj.weight :: awq_p1.0 bpw=4.4800 rel_err=0.1482 t=1.07s [23/980] ETA=0.42h
2026-08-16 20:59:59 FIT model.layers.0.mlp.gate_proj.weight :: awq_p2.0 bpw=4.9600 rel_err=0.1425 t=2.02s [24/980] ETA=0.43h
2026-08-16 20:59:59 FIT model.layers.0.mlp.gate_proj.weight :: rtn4 bpw=4.5000 rel_err=0.0994 t=0.00s [25/980] ETA=0.41h
2026-08-16 21:00:13 FIT model.layers.0.mlp.up_proj.weight :: seed_only bpw=4.0000 rel_err=0.1548 t=13.88s [26/980] ETA=0.54h
2026-08-16 21:00:14 FIT model.layers.0.mlp.up_proj.weight :: awq_p0.5 bpw=4.2400 rel_err=0.1520 t=0.55s [27/980] ETA=0.53h
2026-08-16 21:00:15 FIT model.layers.0.mlp.up_proj.weight :: awq_p1.0 bpw=4.4800 rel_err=0.1492 t=1.08s [28/980] ETA=0.52h
2026-08-16 21:00:17 FIT model.layers.0.mlp.up_proj.weight :: awq_p2.0 bpw=4.9600 rel_err=0.1441 t=2.08s [29/980] ETA=0.52h
2026-08-16 21:00:18 FIT model.layers.0.mlp.up_proj.weight :: rtn4 bpw=4.5000 rel_err=0.0991 t=0.00s [30/980] ETA=0.51h
2026-08-16 21:00:32 FIT model.layers.0.mlp.down_proj.weight :: seed_only bpw=4.0000 rel_err=0.1548 t=13.88s [31/980] ETA=0.61h
2026-08-16 21:00:33 FIT model.layers.0.mlp.down_proj.weight :: awq_p0.5 bpw=4.2400 rel_err=0.1528 t=0.56s [32/980] ETA=0.60h
2026-08-16 21:00:34 FIT model.layers.0.mlp.down_proj.weight :: awq_p1.0 bpw=4.4800 rel_err=0.1508 t=1.08s [33/980] ETA=0.59h
2026-08-16 21:00:36 FIT model.layers.0.mlp.down_proj.weight :: awq_p2.0 bpw=4.9600 rel_err=0.1472 t=2.07s [34/980] ETA=0.59h
2026-08-16 21:00:36 FIT model.layers.0.mlp.down_proj.weight :: rtn4 bpw=4.5000 rel_err=0.1001 t=0.00s [35/980] ETA=0.57h
2026-08-16 21:00:41 FIT model.layers.1.self_attn.q_proj.weight :: seed_only bpw=4.0000 rel_err=0.1548 t=4.63s [36/980] ETA=0.59h
2026-08-16 21:00:41 FIT model.layers.1.self_attn.q_proj.weight :: awq_p0.5 bpw=4.2400 rel_err=0.1508 t=0.19s [37/980] ETA=0.58h
2026-08-16 21:00:42 FIT model.layers.1.self_attn.q_proj.weight :: awq_p1.0 bpw=4.4800 rel_err=0.1474 t=0.35s [38/980] ETA=0.56h
2026-08-16 21:00:43 FIT model.layers.1.self_attn.q_proj.weight :: awq_p2.0 bpw=4.9600 rel_err=0.1416 t=0.65s [39/980] ETA=0.55h
2026-08-16 21:00:43 FIT model.layers.1.self_attn.q_proj.weight :: rtn4 bpw=4.5000 rel_err=0.1000 t=0.00s [40/980] ETA=0.54h
2026-08-16 21:00:45 FIT model.layers.1.self_attn.k_proj.weight :: seed_only bpw=4.0000 rel_err=0.1549 t=2.32s [41/980] ETA=0.54h
2026-08-16 21:00:45 FIT model.layers.1.self_attn.k_proj.weight :: awq_p0.5 bpw=4.2400 rel_err=0.1510 t=0.10s [42/980] ETA=0.53h
2026-08-16 21:00:46 FIT model.layers.1.self_attn.k_proj.weight :: awq_p1.0 bpw=4.4800 rel_err=0.1480 t=0.18s [43/980] ETA=0.52h
2026-08-16 21:00:46 FIT model.layers.1.self_attn.k_proj.weight :: awq_p2.0 bpw=4.9600 rel_err=0.1425 t=0.34s [44/980] ETA=0.51h
2026-08-16 21:00:46 FIT model.layers.1.self_attn.k_proj.weight :: rtn4 bpw=4.5000 rel_err=0.1007 t=0.00s [45/980] ETA=0.50h
2026-08-16 21:00:49 FIT model.layers.1.self_attn.v_proj.weight :: seed_only bpw=4.0000 rel_err=0.1549 t=2.32s [46/980] ETA=0.50h
2026-08-16 21:00:49 FIT model.layers.1.self_attn.v_proj.weight :: awq_p0.5 bpw=4.2400 rel_err=0.1522 t=0.10s [47/980] ETA=0.49h
2026-08-16 21:00:49 FIT model.layers.1.self_attn.v_proj.weight :: awq_p1.0 bpw=4.4800 rel_err=0.1499 t=0.18s [48/980] ETA=0.48h
2026-08-16 21:00:50 FIT model.layers.1.self_attn.v_proj.weight :: awq_p2.0 bpw=4.9600 rel_err=0.1453 t=0.35s [49/980] ETA=0.47h
2026-08-16 21:00:50 FIT model.layers.1.self_attn.v_proj.weight :: rtn4 bpw=4.5000 rel_err=0.0993 t=0.00s [50/980] ETA=0.46h
2026-08-16 21:00:55 FIT model.layers.1.self_attn.o_proj.weight :: seed_only bpw=4.0000 rel_err=0.1544 t=4.63s [51/980] ETA=0.48h
2026-08-16 21:00:55 FIT model.layers.1.self_attn.o_proj.weight :: awq_p0.5 bpw=4.2400 rel_err=0.1511 t=0.18s [52/980] ETA=0.47h
2026-08-16 21:00:55 FIT model.layers.1.self_attn.o_proj.weight :: awq_p1.0 bpw=4.4800 rel_err=0.1485 t=0.35s [53/980] ETA=0.46h
2026-08-16 21:00:56 FIT model.layers.1.self_attn.o_proj.weight :: awq_p2.0 bpw=4.9600 rel_err=0.1438 t=0.67s [54/980] ETA=0.46h
2026-08-16 21:00:56 FIT model.layers.1.self_attn.o_proj.weight :: rtn4 bpw=4.5000 rel_err=0.0985 t=0.00s [55/980] ETA=0.45h
2026-08-16 21:01:10 FIT model.layers.1.mlp.gate_proj.weight :: seed_only bpw=4.0000 rel_err=0.1540 t=13.88s [56/980] ETA=0.51h
2026-08-16 21:01:11 FIT model.layers.1.mlp.gate_proj.weight :: awq_p0.5 bpw=4.2400 rel_err=0.1522 t=0.56s [57/980] ETA=0.50h
2026-08-16 21:01:12 FIT model.layers.1.mlp.gate_proj.weight :: awq_p1.0 bpw=4.4800 rel_err=0.1494 t=1.10s [58/980] ETA=0.50h
2026-08-16 21:01:15 FIT model.layers.1.mlp.gate_proj.weight :: awq_p2.0 bpw=4.9600 rel_err=0.1436 t=2.08s [59/980] ETA=0.50h
2026-08-16 21:01:15 FIT model.layers.1.mlp.gate_proj.weight :: rtn4 bpw=4.5000 rel_err=0.0985 t=0.00s [60/980] ETA=0.49h
2026-08-16 21:01:29 FIT model.layers.1.mlp.up_proj.weight :: seed_only bpw=4.0000 rel_err=0.1546 t=13.89s [61/980] ETA=0.54h
2026-08-16 21:01:30 FIT model.layers.1.mlp.up_proj.weight :: awq_p0.5 bpw=4.2400 rel_err=0.1512 t=0.55s [62/980] ETA=0.53h
2026-08-16 21:01:31 FIT model.layers.1.mlp.up_proj.weight :: awq_p1.0 bpw=4.4800 rel_err=0.1478 t=1.06s [63/980] ETA=0.53h
2026-08-16 21:01:33 FIT model.layers.1.mlp.up_proj.weight :: awq_p2.0 bpw=4.9600 rel_err=0.1416 t=2.00s [64/980] ETA=0.53h
2026-08-16 21:01:33 FIT model.layers.1.mlp.up_proj.weight :: rtn4 bpw=4.5000 rel_err=0.0994 t=0.00s [65/980] ETA=0.52h
2026-08-16 21:01:48 FIT model.layers.1.mlp.down_proj.weight :: seed_only bpw=4.0000 rel_err=0.1569 t=13.89s [66/980] ETA=0.57h
2026-08-16 21:01:48 FIT model.layers.1.mlp.down_proj.weight :: awq_p0.5 bpw=4.2400 rel_err=0.1546 t=0.55s [67/980] ETA=0.56h
2026-08-16 21:01:50 FIT model.layers.1.mlp.down_proj.weight :: awq_p1.0 bpw=4.4800 rel_err=0.1526 t=1.07s [68/980] ETA=0.56h
2026-08-16 21:01:52 FIT model.layers.1.mlp.down_proj.weight :: awq_p2.0 bpw=4.9600 rel_err=0.1487 t=2.06s [69/980] ETA=0.56h
2026-08-16 21:01:52 FIT model.layers.1.mlp.down_proj.weight :: rtn4 bpw=4.5000 rel_err=0.1059 t=0.00s [70/980] ETA=0.55h
2026-08-16 21:01:57 FIT model.layers.2.self_attn.q_proj.weight :: seed_only bpw=4.0000 rel_err=0.1551 t=4.64s [71/980] ETA=0.56h
2026-08-16 21:01:57 FIT model.layers.2.self_attn.q_proj.weight :: awq_p0.5 bpw=4.2400 rel_err=0.1508 t=0.18s [72/980] ETA=0.55h
2026-08-16 21:01:57 FIT model.layers.2.self_attn.q_proj.weight :: awq_p1.0 bpw=4.4800 rel_err=0.1474 t=0.35s [73/980] ETA=0.54h
2026-08-16 21:01:58 FIT model.layers.2.self_attn.q_proj.weight :: awq_p2.0 bpw=4.9600 rel_err=0.1418 t=0.66s [74/980] ETA=0.54h
2026-08-16 21:01:58 FIT model.layers.2.self_attn.q_proj.weight :: rtn4 bpw=4.5000 rel_err=0.1010 t=0.00s [75/980] ETA=0.53h
2026-08-16 21:02:01 FIT model.layers.2.self_attn.k_proj.weight :: seed_only bpw=4.0000 rel_err=0.1549 t=2.32s [76/980] ETA=0.53h
2026-08-16 21:02:01 FIT model.layers.2.self_attn.k_proj.weight :: awq_p0.5 bpw=4.2400 rel_err=0.1512 t=0.10s [77/980] ETA=0.52h
2026-08-16 21:02:01 FIT model.layers.2.self_attn.k_proj.weight :: awq_p1.0 bpw=4.4800 rel_err=0.1482 t=0.18s [78/980] ETA=0.52h
2026-08-16 21:02:02 FIT model.layers.2.self_attn.k_proj.weight :: awq_p2.0 bpw=4.9600 rel_err=0.1429 t=0.34s [79/980] ETA=0.51h
2026-08-16 21:02:02 FIT model.layers.2.self_attn.k_proj.weight :: rtn4 bpw=4.5000 rel_err=0.1002 t=0.00s [80/980] ETA=0.51h
2026-08-16 21:02:04 FIT model.layers.2.self_attn.v_proj.weight :: seed_only bpw=4.0000 rel_err=0.1549 t=2.32s [81/980] ETA=0.51h
2026-08-16 21:02:05 FIT model.layers.2.self_attn.v_proj.weight :: awq_p0.5 bpw=4.2400 rel_err=0.1523 t=0.10s [82/980] ETA=0.50h
2026-08-16 21:02:05 FIT model.layers.2.self_attn.v_proj.weight :: awq_p1.0 bpw=4.4800 rel_err=0.1498 t=0.18s [83/980] ETA=0.49h
2026-08-16 21:02:05 FIT model.layers.2.self_attn.v_proj.weight :: awq_p2.0 bpw=4.9600 rel_err=0.1448 t=0.35s [84/980] ETA=0.49h
2026-08-16 21:02:05 FIT model.layers.2.self_attn.v_proj.weight :: rtn4 bpw=4.5000 rel_err=0.0993 t=0.00s [85/980] ETA=0.48h
2026-08-16 21:02:10 FIT model.layers.2.self_attn.o_proj.weight :: seed_only bpw=4.0000 rel_err=0.1541 t=4.64s [86/980] ETA=0.49h
2026-08-16 21:02:10 FIT model.layers.2.self_attn.o_proj.weight :: awq_p0.5 bpw=4.2400 rel_err=0.1500 t=0.18s [87/980] ETA=0.49h
2026-08-16 21:02:11 FIT model.layers.2.self_attn.o_proj.weight :: awq_p1.0 bpw=4.4800 rel_err=0.1472 t=0.33s [88/980] ETA=0.48h
2026-08-16 21:02:12 FIT model.layers.2.self_attn.o_proj.weight :: awq_p2.0 bpw=4.9600 rel_err=0.1423 t=0.63s [89/980] ETA=0.48h
2026-08-16 21:02:12 FIT model.layers.2.self_attn.o_proj.weight :: rtn4 bpw=4.5000 rel_err=0.0979 t=0.00s [90/980] ETA=0.47h
2026-08-16 21:02:26 FIT model.layers.2.mlp.gate_proj.weight :: seed_only bpw=4.0000 rel_err=0.1539 t=13.89s [91/980] ETA=0.50h
2026-08-16 21:02:27 FIT model.layers.2.mlp.gate_proj.weight :: awq_p0.5 bpw=4.2400 rel_err=0.1519 t=0.56s [92/980] ETA=0.50h
2026-08-16 21:02:28 FIT model.layers.2.mlp.gate_proj.weight :: awq_p1.0 bpw=4.4800 rel_err=0.1487 t=1.09s [93/980] ETA=0.50h
2026-08-16 21:02:30 FIT model.layers.2.mlp.gate_proj.weight :: awq_p2.0 bpw=4.9600 rel_err=0.1427 t=2.07s [94/980] ETA=0.50h
2026-08-16 21:02:30 FIT model.layers.2.mlp.gate_proj.weight :: rtn4 bpw=4.5000 rel_err=0.0978 t=0.00s [95/980] ETA=0.49h
2026-08-16 21:02:45 FIT model.layers.2.mlp.up_proj.weight :: seed_only bpw=4.0000 rel_err=0.1543 t=13.90s [96/980] ETA=0.52h
2026-08-16 21:02:45 FIT model.layers.2.mlp.up_proj.weight :: awq_p0.5 bpw=4.2400 rel_err=0.1509 t=0.54s [97/980] ETA=0.52h
2026-08-16 21:02:47 FIT model.layers.2.mlp.up_proj.weight :: awq_p1.0 bpw=4.4800 rel_err=0.1477 t=1.05s [98/980] ETA=0.52h
2026-08-16 21:02:49 FIT model.layers.2.mlp.up_proj.weight :: awq_p2.0 bpw=4.9600 rel_err=0.1420 t=2.03s [99/980] ETA=0.52h
2026-08-16 21:02:49 FIT model.layers.2.mlp.up_proj.weight :: rtn4 bpw=4.5000 rel_err=0.0987 t=0.00s [100/980] ETA=0.51h
2026-08-16 21:03:03 FIT model.layers.2.mlp.down_proj.weight :: seed_only bpw=4.0000 rel_err=0.1552 t=13.90s [101/980] ETA=0.54h
2026-08-16 21:03:04 FIT model.layers.2.mlp.down_proj.weight :: awq_p0.5 bpw=4.2400 rel_err=0.1527 t=0.55s [102/980] ETA=0.54h
2026-08-16 21:03:05 FIT model.layers.2.mlp.down_proj.weight :: awq_p1.0 bpw=4.4800 rel_err=0.1506 t=1.08s [103/980] ETA=0.53h
2026-08-16 21:03:07 FIT model.layers.2.mlp.down_proj.weight :: awq_p2.0 bpw=4.9600 rel_err=0.1468 t=2.07s [104/980] ETA=0.53h
2026-08-16 21:03:08 FIT model.layers.2.mlp.down_proj.weight :: rtn4 bpw=4.5000 rel_err=0.1016 t=0.00s [105/980] ETA=0.53h
2026-08-16 21:03:12 FIT model.layers.3.self_attn.q_proj.weight :: seed_only bpw=4.0000 rel_err=0.1550 t=4.64s [106/980] ETA=0.53h
2026-08-16 21:03:13 FIT model.layers.3.self_attn.q_proj.weight :: awq_p0.5 bpw=4.2400 rel_err=0.1506 t=0.18s [107/980] ETA=0.53h
2026-08-16 21:03:13 FIT model.layers.3.self_attn.q_proj.weight :: awq_p1.0 bpw=4.4800 rel_err=0.1471 t=0.35s [108/980] ETA=0.52h
2026-08-16 21:03:14 FIT model.layers.3.self_attn.q_proj.weight :: awq_p2.0 bpw=4.9600 rel_err=0.1412 t=0.65s [109/980] ETA=0.52h
2026-08-16 21:03:14 FIT model.layers.3.self_attn.q_proj.weight :: rtn4 bpw=4.5000 rel_err=0.1009 t=0.00s [110/980] ETA=0.51h
2026-08-16 21:03:16 FIT model.layers.3.self_attn.k_proj.weight :: seed_only bpw=4.0000 rel_err=0.1552 t=2.32s [111/980] ETA=0.51h
2026-08-16 21:03:17 FIT model.layers.3.self_attn.k_proj.weight :: awq_p0.5 bpw=4.2400 rel_err=0.1504 t=0.10s [112/980] ETA=0.51h
2026-08-16 21:03:17 FIT model.layers.3.self_attn.k_proj.weight :: awq_p1.0 bpw=4.4800 rel_err=0.1474 t=0.18s [113/980] ETA=0.50h
2026-08-16 21:03:17 FIT model.layers.3.self_attn.k_proj.weight :: awq_p2.0 bpw=4.9600 rel_err=0.1415 t=0.34s [114/980] ETA=0.50h
2026-08-16 21:03:17 FIT model.layers.3.self_attn.k_proj.weight :: rtn4 bpw=4.5000 rel_err=0.1023 t=0.00s [115/980] ETA=0.50h
2026-08-16 21:03:20 FIT model.layers.3.self_attn.v_proj.weight :: seed_only bpw=4.0000 rel_err=0.1552 t=2.32s [116/980] ETA=0.50h
2026-08-16 21:03:20 FIT model.layers.3.self_attn.v_proj.weight :: awq_p0.5 bpw=4.2400 rel_err=0.1521 t=0.10s [117/980] ETA=0.49h
2026-08-16 21:03:20 FIT model.layers.3.self_attn.v_proj.weight :: awq_p1.0 bpw=4.4800 rel_err=0.1493 t=0.18s [118/980] ETA=0.49h
2026-08-16 21:03:21 FIT model.layers.3.self_attn.v_proj.weight :: awq_p2.0 bpw=4.9600 rel_err=0.1442 t=0.35s [119/980] ETA=0.48h
2026-08-16 21:03:21 FIT model.layers.3.self_attn.v_proj.weight :: rtn4 bpw=4.5000 rel_err=0.1001 t=0.00s [120/980] ETA=0.48h
2026-08-16 21:03:26 FIT model.layers.3.self_attn.o_proj.weight :: seed_only bpw=4.0000 rel_err=0.1543 t=4.64s [121/980] ETA=0.48h
2026-08-16 21:03:26 FIT model.layers.3.self_attn.o_proj.weight :: awq_p0.5 bpw=4.2400 rel_err=0.1518 t=0.19s [122/980] ETA=0.48h
2026-08-16 21:03:26 FIT model.layers.3.self_attn.o_proj.weight :: awq_p1.0 bpw=4.4800 rel_err=0.1495 t=0.35s [123/980] ETA=0.48h
2026-08-16 21:03:27 FIT model.layers.3.self_attn.o_proj.weight :: awq_p2.0 bpw=4.9600 rel_err=0.1452 t=0.67s [124/980] ETA=0.47h
2026-08-16 21:03:27 FIT model.layers.3.self_attn.o_proj.weight :: rtn4 bpw=4.5000 rel_err=0.0980 t=0.00s [125/980] ETA=0.47h
2026-08-16 21:03:42 FIT model.layers.3.mlp.gate_proj.weight :: seed_only bpw=4.0000 rel_err=0.1540 t=13.90s [126/980] ETA=0.49h
2026-08-16 21:03:42 FIT model.layers.3.mlp.gate_proj.weight :: awq_p0.5 bpw=4.2400 rel_err=0.1521 t=0.56s [127/980] ETA=0.49h
2026-08-16 21:03:44 FIT model.layers.3.mlp.gate_proj.weight :: awq_p1.0 bpw=4.4800 rel_err=0.1489 t=1.09s [128/980] ETA=0.49h
2026-08-16 21:03:46 FIT model.layers.3.mlp.gate_proj.weight :: awq_p2.0 bpw=4.9600 rel_err=0.1430 t=2.08s [129/980] ETA=0.49h
2026-08-16 21:03:46 FIT model.layers.3.mlp.gate_proj.weight :: rtn4 bpw=4.5000 rel_err=0.0979 t=0.00s [130/980] ETA=0.48h
2026-08-16 21:04:00 FIT model.layers.3.mlp.up_proj.weight :: seed_only bpw=4.0000 rel_err=0.1544 t=13.90s [131/980] ETA=0.50h
2026-08-16 21:04:01 FIT model.layers.3.mlp.up_proj.weight :: awq_p0.5 bpw=4.2400 rel_err=0.1513 t=0.55s [132/980] ETA=0.50h
2026-08-16 21:04:02 FIT model.layers.3.mlp.up_proj.weight :: awq_p1.0 bpw=4.4800 rel_err=0.1481 t=1.07s [133/980] ETA=0.50h
2026-08-16 21:04:05 FIT model.layers.3.mlp.up_proj.weight :: awq_p2.0 bpw=4.9600 rel_err=0.1424 t=2.05s [134/980] ETA=0.50h
2026-08-16 21:04:05 FIT model.layers.3.mlp.up_proj.weight :: rtn4 bpw=4.5000 rel_err=0.0986 t=0.00s [135/980] ETA=0.50h
2026-08-16 21:04:19 FIT model.layers.3.mlp.down_proj.weight :: seed_only bpw=4.0000 rel_err=0.1551 t=13.90s [136/980] ETA=0.52h
2026-08-16 21:04:20 FIT model.layers.3.mlp.down_proj.weight :: awq_p0.5 bpw=4.2400 rel_err=0.1529 t=0.55s [137/980] ETA=0.51h
2026-08-16 21:04:21 FIT model.layers.3.mlp.down_proj.weight :: awq_p1.0 bpw=4.4800 rel_err=0.1511 t=1.08s [138/980] ETA=0.51h
2026-08-16 21:04:23 FIT model.layers.3.mlp.down_proj.weight :: awq_p2.0 bpw=4.9600 rel_err=0.1473 t=2.08s [139/980] ETA=0.51h
2026-08-16 21:04:24 FIT model.layers.3.mlp.down_proj.weight :: rtn4 bpw=4.5000 rel_err=0.1003 t=0.00s [140/980] ETA=0.51h
2026-08-16 21:04:28 FIT model.layers.4.self_attn.q_proj.weight :: seed_only bpw=4.0000 rel_err=0.1547 t=4.64s [141/980] ETA=0.51h
2026-08-16 21:04:29 FIT model.layers.4.self_attn.q_proj.weight :: awq_p0.5 bpw=4.2400 rel_err=0.1511 t=0.19s [142/980] ETA=0.51h
2026-08-16 21:04:29 FIT model.layers.4.self_attn.q_proj.weight :: awq_p1.0 bpw=4.4800 rel_err=0.1478 t=0.35s [143/980] ETA=0.50h
2026-08-16 21:04:30 FIT model.layers.4.self_attn.q_proj.weight :: awq_p2.0 bpw=4.9600 rel_err=0.1419 t=0.66s [144/980] ETA=0.50h
2026-08-16 21:04:30 FIT model.layers.4.self_attn.q_proj.weight :: rtn4 bpw=4.5000 rel_err=0.0998 t=0.00s [145/980] ETA=0.50h
2026-08-16 21:04:33 FIT model.layers.4.self_attn.k_proj.weight :: seed_only bpw=4.0000 rel_err=0.1549 t=2.32s [146/980] ETA=0.50h
2026-08-16 21:04:33 FIT model.layers.4.self_attn.k_proj.weight :: awq_p0.5 bpw=4.2400 rel_err=0.1509 t=0.10s [147/980] ETA=0.49h
2026-08-16 21:04:33 FIT model.layers.4.self_attn.k_proj.weight :: awq_p1.0 bpw=4.4800 rel_err=0.1481 t=0.18s [148/980] ETA=0.49h
2026-08-16 21:04:34 FIT model.layers.4.self_attn.k_proj.weight :: awq_p2.0 bpw=4.9600 rel_err=0.1423 t=0.34s [149/980] ETA=0.49h
2026-08-16 21:04:34 FIT model.layers.4.self_attn.k_proj.weight :: rtn4 bpw=4.5000 rel_err=0.1015 t=0.00s [150/980] ETA=0.48h
2026-08-16 21:04:36 FIT model.layers.4.self_attn.v_proj.weight :: seed_only bpw=4.0000 rel_err=0.1549 t=2.32s [151/980] ETA=0.48h
2026-08-16 21:04:36 FIT model.layers.4.self_attn.v_proj.weight :: awq_p0.5 bpw=4.2400 rel_err=0.1524 t=0.10s [152/980] ETA=0.48h
2026-08-16 21:04:37 FIT model.layers.4.self_attn.v_proj.weight :: awq_p1.0 bpw=4.4800 rel_err=0.1497 t=0.19s [153/980] ETA=0.48h
2026-08-16 21:04:37 FIT model.layers.4.self_attn.v_proj.weight :: awq_p2.0 bpw=4.9600 rel_err=0.1443 t=0.35s [154/980] ETA=0.47h
2026-08-16 21:04:37 FIT model.layers.4.self_attn.v_proj.weight :: rtn4 bpw=4.5000 rel_err=0.0996 t=0.00s [155/980] ETA=0.47h
2026-08-16 21:04:42 FIT model.layers.4.self_attn.o_proj.weight :: seed_only bpw=4.0000 rel_err=0.1543 t=4.64s [156/980] ETA=0.47h
2026-08-16 21:04:42 FIT model.layers.4.self_attn.o_proj.weight :: awq_p0.5 bpw=4.2400 rel_err=0.1511 t=0.17s [157/980] ETA=0.47h
2026-08-16 21:04:43 FIT model.layers.4.self_attn.o_proj.weight :: awq_p1.0 bpw=4.4800 rel_err=0.1489 t=0.31s [158/980] ETA=0.47h
2026-08-16 21:04:43 FIT model.layers.4.self_attn.o_proj.weight :: awq_p2.0 bpw=4.9600 rel_err=0.1450 t=0.56s [159/980] ETA=0.46h
2026-08-16 21:04:43 FIT model.layers.4.self_attn.o_proj.weight :: rtn4 bpw=4.5000 rel_err=0.0983 t=0.00s [160/980] ETA=0.46h
2026-08-16 21:04:58 FIT model.layers.4.mlp.gate_proj.weight :: seed_only bpw=4.0000 rel_err=0.1541 t=13.90s [161/980] ETA=0.48h
2026-08-16 21:04:59 FIT model.layers.4.mlp.gate_proj.weight :: awq_p0.5 bpw=4.2400 rel_err=0.1523 t=0.56s [162/980] ETA=0.47h
2026-08-16 21:05:00 FIT model.layers.4.mlp.gate_proj.weight :: awq_p1.0 bpw=4.4800 rel_err=0.1488 t=1.09s [163/980] ETA=0.47h
2026-08-16 21:05:02 FIT model.layers.4.mlp.gate_proj.weight :: awq_p2.0 bpw=4.9600 rel_err=0.1426 t=2.07s [164/980] ETA=0.47h
2026-08-16 21:05:02 FIT model.layers.4.mlp.gate_proj.weight :: rtn4 bpw=4.5000 rel_err=0.0980 t=0.00s [165/980] ETA=0.47h
2026-08-16 21:05:17 FIT model.layers.4.mlp.up_proj.weight :: seed_only bpw=4.0000 rel_err=0.1545 t=13.90s [166/980] ETA=0.49h
2026-08-16 21:05:18 FIT model.layers.4.mlp.up_proj.weight :: awq_p0.5 bpw=4.2400 rel_err=0.1512 t=0.55s [167/980] ETA=0.48h
2026-08-16 21:05:19 FIT model.layers.4.mlp.up_proj.weight :: awq_p1.0 bpw=4.4800 rel_err=0.1478 t=1.07s [168/980] ETA=0.48h
2026-08-16 21:05:21 FIT model.layers.4.mlp.up_proj.weight :: awq_p2.0 bpw=4.9600 rel_err=0.1420 t=2.04s [169/980] ETA=0.48h
2026-08-16 21:05:21 FIT model.layers.4.mlp.up_proj.weight :: rtn4 bpw=4.5000 rel_err=0.0987 t=0.00s [170/980] ETA=0.48h
2026-08-16 21:05:36 FIT model.layers.4.mlp.down_proj.weight :: seed_only bpw=4.0000 rel_err=0.1552 t=13.90s [171/980] ETA=0.49h
2026-08-16 21:05:37 FIT model.layers.4.mlp.down_proj.weight :: awq_p0.5 bpw=4.2400 rel_err=0.1523 t=0.55s [172/980] ETA=0.49h
2026-08-16 21:05:38 FIT model.layers.4.mlp.down_proj.weight :: awq_p1.0 bpw=4.4800 rel_err=0.1498 t=1.08s [173/980] ETA=0.49h
2026-08-16 21:05:40 FIT model.layers.4.mlp.down_proj.weight :: awq_p2.0 bpw=4.9600 rel_err=0.1451 t=2.08s [174/980] ETA=0.49h
2026-08-16 21:05:40 FIT model.layers.4.mlp.down_proj.weight :: rtn4 bpw=4.5000 rel_err=0.1008 t=0.00s [175/980] ETA=0.49h
2026-08-16 21:05:45 FIT model.layers.5.self_attn.q_proj.weight :: seed_only bpw=4.0000 rel_err=0.1549 t=4.64s [176/980] ETA=0.49h
2026-08-16 21:05:45 FIT model.layers.5.self_attn.q_proj.weight :: awq_p0.5 bpw=4.2400 rel_err=0.1513 t=0.18s [177/980] ETA=0.49h
2026-08-16 21:05:46 FIT model.layers.5.self_attn.q_proj.weight :: awq_p1.0 bpw=4.4800 rel_err=0.1483 t=0.35s [178/980] ETA=0.48h
2026-08-16 21:05:46 FIT model.layers.5.self_attn.q_proj.weight :: awq_p2.0 bpw=4.9600 rel_err=0.1427 t=0.66s [179/980] ETA=0.48h
2026-08-16 21:05:47 FIT model.layers.5.self_attn.q_proj.weight :: rtn4 bpw=4.5000 rel_err=0.1001 t=0.00s [180/980] ETA=0.48h
2026-08-16 21:05:49 FIT model.layers.5.self_attn.k_proj.weight :: seed_only bpw=4.0000 rel_err=0.1546 t=2.32s [181/980] ETA=0.48h
2026-08-16 21:05:49 FIT model.layers.5.self_attn.k_proj.weight :: awq_p0.5 bpw=4.2400 rel_err=0.1521 t=0.10s [182/980] ETA=0.47h
2026-08-16 21:05:50 FIT model.layers.5.self_attn.k_proj.weight :: awq_p1.0 bpw=4.4800 rel_err=0.1496 t=0.18s [183/980] ETA=0.47h
2026-08-16 21:05:50 FIT model.layers.5.self_attn.k_proj.weight :: awq_p2.0 bpw=4.9600 rel_err=0.1446 t=0.34s [184/980] ETA=0.47h
2026-08-16 21:05:50 FIT model.layers.5.self_attn.k_proj.weight :: rtn4 bpw=4.5000 rel_err=0.0989 t=0.00s [185/980] ETA=0.47h
2026-08-16 21:05:53 FIT model.layers.5.self_attn.v_proj.weight :: seed_only bpw=4.0000 rel_err=0.1558 t=2.32s [186/980] ETA=0.47h
2026-08-16 21:05:53 FIT model.layers.5.self_attn.v_proj.weight :: awq_p0.5 bpw=4.2400 rel_err=0.1515 t=0.10s [187/980] ETA=0.46h
2026-08-16 21:05:53 FIT model.layers.5.self_attn.v_proj.weight :: awq_p1.0 bpw=4.4800 rel_err=0.1489 t=0.18s [188/980] ETA=0.46h
2026-08-16 21:05:54 FIT model.layers.5.self_attn.v_proj.weight :: awq_p2.0 bpw=4.9600 rel_err=0.1438 t=0.35s [189/980] ETA=0.46h
2026-08-16 21:05:54 FIT model.layers.5.self_attn.v_proj.weight :: rtn4 bpw=4.5000 rel_err=0.1036 t=0.00s [190/980] ETA=0.45h
2026-08-16 21:05:59 FIT model.layers.5.self_attn.o_proj.weight :: seed_only bpw=4.0000 rel_err=0.1540 t=4.64s [191/980] ETA=0.46h
2026-08-16 21:05:59 FIT model.layers.5.self_attn.o_proj.weight :: awq_p0.5 bpw=4.2400 rel_err=0.1480 t=0.14s [192/980] ETA=0.45h
2026-08-16 21:05:59 FIT model.layers.5.self_attn.o_proj.weight :: awq_p1.0 bpw=4.4800 rel_err=0.1456 t=0.29s [193/980] ETA=0.45h
2026-08-16 21:06:00 FIT model.layers.5.self_attn.o_proj.weight :: awq_p2.0 bpw=4.9600 rel_err=0.1416 t=0.56s [194/980] ETA=0.45h
2026-08-16 21:06:00 FIT model.layers.5.self_attn.o_proj.weight :: rtn4 bpw=4.5000 rel_err=0.0972 t=0.00s [195/980] ETA=0.45h
2026-08-16 21:06:14 FIT model.layers.5.mlp.gate_proj.weight :: seed_only bpw=4.0000 rel_err=0.1543 t=13.90s [196/980] ETA=0.46h
2026-08-16 21:06:15 FIT model.layers.5.mlp.gate_proj.weight :: awq_p0.5 bpw=4.2400 rel_err=0.1516 t=0.56s [197/980] ETA=0.46h
2026-08-16 21:06:16 FIT model.layers.5.mlp.gate_proj.weight :: awq_p1.0 bpw=4.4800 rel_err=0.1482 t=1.07s [198/980] ETA=0.46h
2026-08-16 21:06:18 FIT model.layers.5.mlp.gate_proj.weight :: awq_p2.0 bpw=4.9600 rel_err=0.1421 t=2.03s [199/980] ETA=0.46h
2026-08-16 21:06:18 FIT model.layers.5.mlp.gate_proj.weight :: rtn4 bpw=4.5000 rel_err=0.0987 t=0.00s [200/980] ETA=0.45h
2026-08-16 21:06:33 FIT model.layers.5.mlp.up_proj.weight :: seed_only bpw=4.0000 rel_err=0.1546 t=13.90s [201/980] ETA=0.47h
2026-08-16 21:06:34 FIT model.layers.5.mlp.up_proj.weight :: awq_p0.5 bpw=4.2400 rel_err=0.1513 t=0.55s [202/980] ETA=0.46h
2026-08-16 21:06:35 FIT model.layers.5.mlp.up_proj.weight :: awq_p1.0 bpw=4.4800 rel_err=0.1481 t=1.08s [203/980] ETA=0.46h
2026-08-16 21:06:37 FIT model.layers.5.mlp.up_proj.weight :: awq_p2.0 bpw=4.9600 rel_err=0.1424 t=2.08s [204/980] ETA=0.46h
2026-08-16 21:06:37 FIT model.layers.5.mlp.up_proj.weight :: rtn4 bpw=4.5000 rel_err=0.0990 t=0.00s [205/980] ETA=0.46h
2026-08-16 21:06:51 FIT model.layers.5.mlp.down_proj.weight :: seed_only bpw=4.0000 rel_err=0.1548 t=13.90s [206/980] ETA=0.47h
2026-08-16 21:06:52 FIT model.layers.5.mlp.down_proj.weight :: awq_p0.5 bpw=4.2400 rel_err=0.1518 t=0.55s [207/980] ETA=0.47h
2026-08-16 21:06:53 FIT model.layers.5.mlp.down_proj.weight :: awq_p1.0 bpw=4.4800 rel_err=0.1489 t=1.08s [208/980] ETA=0.47h
2026-08-16 21:06:56 FIT model.layers.5.mlp.down_proj.weight :: awq_p2.0 bpw=4.9600 rel_err=0.1435 t=2.08s [209/980] ETA=0.47h
2026-08-16 21:06:56 FIT model.layers.5.mlp.down_proj.weight :: rtn4 bpw=4.5000 rel_err=0.1005 t=0.00s [210/980] ETA=0.46h
2026-08-16 21:07:01 FIT model.layers.6.self_attn.q_proj.weight :: seed_only bpw=4.0000 rel_err=0.1548 t=4.64s [211/980] ETA=0.47h
2026-08-16 21:07:01 FIT model.layers.6.self_attn.q_proj.weight :: awq_p0.5 bpw=4.2400 rel_err=0.1498 t=0.18s [212/980] ETA=0.46h
2026-08-16 21:07:01 FIT model.layers.6.self_attn.q_proj.weight :: awq_p1.0 bpw=4.4800 rel_err=0.1455 t=0.34s [213/980] ETA=0.46h
2026-08-16 21:07:02 FIT model.layers.6.self_attn.q_proj.weight :: awq_p2.0 bpw=4.9600 rel_err=0.1387 t=0.63s [214/980] ETA=0.46h
2026-08-16 21:07:02 FIT model.layers.6.self_attn.q_proj.weight :: rtn4 bpw=4.5000 rel_err=0.1004 t=0.00s [215/980] ETA=0.46h
2026-08-16 21:07:05 FIT model.layers.6.self_attn.k_proj.weight :: seed_only bpw=4.0000 rel_err=0.1552 t=2.32s [216/980] ETA=0.46h
2026-08-16 21:07:05 FIT model.layers.6.self_attn.k_proj.weight :: awq_p0.5 bpw=4.2400 rel_err=0.1504 t=0.10s [217/980] ETA=0.45h
2026-08-16 21:07:05 FIT model.layers.6.self_attn.k_proj.weight :: awq_p1.0 bpw=4.4800 rel_err=0.1473 t=0.18s [218/980] ETA=0.45h
2026-08-16 21:07:06 FIT model.layers.6.self_attn.k_proj.weight :: awq_p2.0 bpw=4.9600 rel_err=0.1411 t=0.34s [219/980] ETA=0.45h
2026-08-16 21:07:06 FIT model.layers.6.self_attn.k_proj.weight :: rtn4 bpw=4.5000 rel_err=0.1023 t=0.00s [220/980] ETA=0.45h
2026-08-16 21:07:08 FIT model.layers.6.self_attn.v_proj.weight :: seed_only bpw=4.0000 rel_err=0.1552 t=2.32s [221/980] ETA=0.45h
2026-08-16 21:07:08 FIT model.layers.6.self_attn.v_proj.weight :: awq_p0.5 bpw=4.2400 rel_err=0.1526 t=0.10s [222/980] ETA=0.44h
2026-08-16 21:07:09 FIT model.layers.6.self_attn.v_proj.weight :: awq_p1.0 bpw=4.4800 rel_err=0.1497 t=0.18s [223/980] ETA=0.44h
2026-08-16 21:07:09 FIT model.layers.6.self_attn.v_proj.weight :: awq_p2.0 bpw=4.9600 rel_err=0.1443 t=0.35s [224/980] ETA=0.44h
2026-08-16 21:07:09 FIT model.layers.6.self_attn.v_proj.weight :: rtn4 bpw=4.5000 rel_err=0.0998 t=0.00s [225/980] ETA=0.44h
2026-08-16 21:07:14 FIT model.layers.6.self_attn.o_proj.weight :: seed_only bpw=4.0000 rel_err=0.1542 t=4.64s [226/980] ETA=0.44h
2026-08-16 21:07:14 FIT model.layers.6.self_attn.o_proj.weight :: awq_p0.5 bpw=4.2400 rel_err=0.1516 t=0.16s [227/980] ETA=0.44h
2026-08-16 21:07:15 FIT model.layers.6.self_attn.o_proj.weight :: awq_p1.0 bpw=4.4800 rel_err=0.1498 t=0.29s [228/980] ETA=0.43h
2026-08-16 21:07:15 FIT model.layers.6.self_attn.o_proj.weight :: awq_p2.0 bpw=4.9600 rel_err=0.1462 t=0.54s [229/980] ETA=0.43h
2026-08-16 21:07:15 FIT model.layers.6.self_attn.o_proj.weight :: rtn4 bpw=4.5000 rel_err=0.0981 t=0.00s [230/980] ETA=0.43h
2026-08-16 21:07:30 FIT model.layers.6.mlp.gate_proj.weight :: seed_only bpw=4.0000 rel_err=0.1543 t=13.90s [231/980] ETA=0.44h
2026-08-16 21:07:30 FIT model.layers.6.mlp.gate_proj.weight :: awq_p0.5 bpw=4.2400 rel_err=0.1517 t=0.56s [232/980] ETA=0.44h
2026-08-16 21:07:32 FIT model.layers.6.mlp.gate_proj.weight :: awq_p1.0 bpw=4.4800 rel_err=0.1482 t=1.07s [233/980] ETA=0.44h
2026-08-16 21:07:34 FIT model.layers.6.mlp.gate_proj.weight :: awq_p2.0 bpw=4.9600 rel_err=0.1420 t=2.02s [234/980] ETA=0.44h
2026-08-16 21:07:34 FIT model.layers.6.mlp.gate_proj.weight :: rtn4 bpw=4.5000 rel_err=0.0989 t=0.00s [235/980] ETA=0.43h
2026-08-16 21:07:48 FIT model.layers.6.mlp.up_proj.weight :: seed_only bpw=4.0000 rel_err=0.1547 t=13.90s [236/980] ETA=0.45h
2026-08-16 21:07:49 FIT model.layers.6.mlp.up_proj.weight :: awq_p0.5 bpw=4.2400 rel_err=0.1514 t=0.55s [237/980] ETA=0.44h
2026-08-16 21:07:50 FIT model.layers.6.mlp.up_proj.weight :: awq_p1.0 bpw=4.4800 rel_err=0.1481 t=1.07s [238/980] ETA=0.44h
2026-08-16 21:07:53 FIT model.layers.6.mlp.up_proj.weight :: awq_p2.0 bpw=4.9600 rel_err=0.1424 t=2.06s [239/980] ETA=0.44h
2026-08-16 21:07:53 FIT model.layers.6.mlp.up_proj.weight :: rtn4 bpw=4.5000 rel_err=0.0991 t=0.00s [240/980] ETA=0.44h
2026-08-16 21:08:07 FIT model.layers.6.mlp.down_proj.weight :: seed_only bpw=4.0000 rel_err=0.1552 t=13.90s [241/980] ETA=0.45h
2026-08-16 21:08:08 FIT model.layers.6.mlp.down_proj.weight :: awq_p0.5 bpw=4.2400 rel_err=0.1520 t=0.55s [242/980] ETA=0.45h
2026-08-16 21:08:09 FIT model.layers.6.mlp.down_proj.weight :: awq_p1.0 bpw=4.4800 rel_err=0.1489 t=1.08s [243/980] ETA=0.45h
2026-08-16 21:08:12 FIT model.layers.6.mlp.down_proj.weight :: awq_p2.0 bpw=4.9600 rel_err=0.1434 t=2.07s [244/980] ETA=0.45h
2026-08-16 21:08:12 FIT model.layers.6.mlp.down_proj.weight :: rtn4 bpw=4.5000 rel_err=0.1016 t=0.00s [245/980] ETA=0.44h
2026-08-16 21:08:17 FIT model.layers.7.self_attn.q_proj.weight :: seed_only bpw=4.0000 rel_err=0.1546 t=4.64s [246/980] ETA=0.44h
2026-08-16 21:08:17 FIT model.layers.7.self_attn.q_proj.weight :: awq_p0.5 bpw=4.2400 rel_err=0.1511 t=0.19s [247/980] ETA=0.44h
2026-08-16 21:08:17 FIT model.layers.7.self_attn.q_proj.weight :: awq_p1.0 bpw=4.4800 rel_err=0.1478 t=0.35s [248/980] ETA=0.44h
2026-08-16 21:08:18 FIT model.layers.7.self_attn.q_proj.weight :: awq_p2.0 bpw=4.9600 rel_err=0.1420 t=0.66s [249/980] ETA=0.44h
2026-08-16 21:08:18 FIT model.layers.7.self_attn.q_proj.weight :: rtn4 bpw=4.5000 rel_err=0.0997 t=0.00s [250/980] ETA=0.44h
2026-08-16 21:08:21 FIT model.layers.7.self_attn.k_proj.weight :: seed_only bpw=4.0000 rel_err=0.1546 t=2.32s [251/980] ETA=0.44h
2026-08-16 21:08:21 FIT model.layers.7.self_attn.k_proj.weight :: awq_p0.5 bpw=4.2400 rel_err=0.1521 t=0.10s [252/980] ETA=0.43h
2026-08-16 21:08:21 FIT model.layers.7.self_attn.k_proj.weight :: awq_p1.0 bpw=4.4800 rel_err=0.1494 t=0.18s [253/980] ETA=0.43h
2026-08-16 21:08:22 FIT model.layers.7.self_attn.k_proj.weight :: awq_p2.0 bpw=4.9600 rel_err=0.1438 t=0.34s [254/980] ETA=0.43h
2026-08-16 21:08:22 FIT model.layers.7.self_attn.k_proj.weight :: rtn4 bpw=4.5000 rel_err=0.0991 t=0.00s [255/980] ETA=0.43h
2026-08-16 21:08:24 FIT model.layers.7.self_attn.v_proj.weight :: seed_only bpw=4.0000 rel_err=0.1552 t=2.32s [256/980] ETA=0.43h
2026-08-16 21:08:24 FIT model.layers.7.self_attn.v_proj.weight :: awq_p0.5 bpw=4.2400 rel_err=0.1518 t=0.10s [257/980] ETA=0.43h
2026-08-16 21:08:25 FIT model.layers.7.self_attn.v_proj.weight :: awq_p1.0 bpw=4.4800 rel_err=0.1487 t=0.18s [258/980] ETA=0.42h
2026-08-16 21:08:25 FIT model.layers.7.self_attn.v_proj.weight :: awq_p2.0 bpw=4.9600 rel_err=0.1432 t=0.35s [259/980] ETA=0.42h
2026-08-16 21:08:25 FIT model.layers.7.self_attn.v_proj.weight :: rtn4 bpw=4.5000 rel_err=0.1006 t=0.00s [260/980] ETA=0.42h
2026-08-16 21:08:30 FIT model.layers.7.self_attn.o_proj.weight :: seed_only bpw=4.0000 rel_err=0.1543 t=4.64s [261/980] ETA=0.42h
2026-08-16 21:08:30 FIT model.layers.7.self_attn.o_proj.weight :: awq_p0.5 bpw=4.2400 rel_err=0.1510 t=0.18s [262/980] ETA=0.42h
2026-08-16 21:08:31 FIT model.layers.7.self_attn.o_proj.weight :: awq_p1.0 bpw=4.4800 rel_err=0.1486 t=0.34s [263/980] ETA=0.42h
2026-08-16 21:08:31 FIT model.layers.7.self_attn.o_proj.weight :: awq_p2.0 bpw=4.9600 rel_err=0.1441 t=0.63s [264/980] ETA=0.42h
2026-08-16 21:08:31 FIT model.layers.7.self_attn.o_proj.weight :: rtn4 bpw=4.5000 rel_err=0.0983 t=0.00s [265/980] ETA=0.41h
2026-08-16 21:08:46 FIT model.layers.7.mlp.gate_proj.weight :: seed_only bpw=4.0000 rel_err=0.1541 t=13.90s [266/980] ETA=0.42h
2026-08-16 21:08:47 FIT model.layers.7.mlp.gate_proj.weight :: awq_p0.5 bpw=4.2400 rel_err=0.1521 t=0.56s [267/980] ETA=0.42h
2026-08-16 21:08:48 FIT model.layers.7.mlp.gate_proj.weight :: awq_p1.0 bpw=4.4800 rel_err=0.1485 t=1.07s [268/980] ETA=0.42h
2026-08-16 21:08:50 FIT model.layers.7.mlp.gate_proj.weight :: awq_p2.0 bpw=4.9600 rel_err=0.1420 t=2.03s [269/980] ETA=0.42h
2026-08-16 21:08:50 FIT model.layers.7.mlp.gate_proj.weight :: rtn4 bpw=4.5000 rel_err=0.0980 t=0.00s [270/980] ETA=0.42h
2026-08-16 21:09:04 FIT model.layers.7.mlp.up_proj.weight :: seed_only bpw=4.0000 rel_err=0.1546 t=13.90s [271/980] ETA=0.42h
2026-08-16 21:09:05 FIT model.layers.7.mlp.up_proj.weight :: awq_p0.5 bpw=4.2400 rel_err=0.1511 t=0.55s [272/980] ETA=0.42h
2026-08-16 21:09:06 FIT model.layers.7.mlp.up_proj.weight :: awq_p1.0 bpw=4.4800 rel_err=0.1477 t=1.07s [273/980] ETA=0.42h
2026-08-16 21:09:09 FIT model.layers.7.mlp.up_proj.weight :: awq_p2.0 bpw=4.9600 rel_err=0.1418 t=2.04s [274/980] ETA=0.42h
2026-08-16 21:09:09 FIT model.layers.7.mlp.up_proj.weight :: rtn4 bpw=4.5000 rel_err=0.0990 t=0.00s [275/980] ETA=0.42h
2026-08-16 21:09:23 FIT model.layers.7.mlp.down_proj.weight :: seed_only bpw=4.0000 rel_err=0.1552 t=13.90s [276/980] ETA=0.43h
2026-08-16 21:09:24 FIT model.layers.7.mlp.down_proj.weight :: awq_p0.5 bpw=4.2400 rel_err=0.1523 t=0.55s [277/980] ETA=0.43h
2026-08-16 21:09:25 FIT model.layers.7.mlp.down_proj.weight :: awq_p1.0 bpw=4.4800 rel_err=0.1493 t=1.07s [278/980] ETA=0.42h
2026-08-16 21:09:27 FIT model.layers.7.mlp.down_proj.weight :: awq_p2.0 bpw=4.9600 rel_err=0.1438 t=2.06s [279/980] ETA=0.42h
2026-08-16 21:09:27 FIT model.layers.7.mlp.down_proj.weight :: rtn4 bpw=4.5000 rel_err=0.1009 t=0.00s [280/980] ETA=0.42h
2026-08-16 21:09:32 FIT model.layers.8.self_attn.q_proj.weight :: seed_only bpw=4.0000 rel_err=0.1549 t=4.64s [281/980] ETA=0.42h
2026-08-16 21:09:32 FIT model.layers.8.self_attn.q_proj.weight :: awq_p0.5 bpw=4.2400 rel_err=0.1504 t=0.18s [282/980] ETA=0.42h
2026-08-16 21:09:33 FIT model.layers.8.self_attn.q_proj.weight :: awq_p1.0 bpw=4.4800 rel_err=0.1461 t=0.34s [283/980] ETA=0.42h
2026-08-16 21:09:34 FIT model.layers.8.self_attn.q_proj.weight :: awq_p2.0 bpw=4.9600 rel_err=0.1391 t=0.63s [284/980] ETA=0.42h
2026-08-16 21:09:34 FIT model.layers.8.self_attn.q_proj.weight :: rtn4 bpw=4.5000 rel_err=0.1011 t=0.00s [285/980] ETA=0.42h
2026-08-16 21:09:36 FIT model.layers.8.self_attn.k_proj.weight :: seed_only bpw=4.0000 rel_err=0.1553 t=2.32s [286/980] ETA=0.42h
2026-08-16 21:09:36 FIT model.layers.8.self_attn.k_proj.weight :: awq_p0.5 bpw=4.2400 rel_err=0.1506 t=0.10s [287/980] ETA=0.41h
2026-08-16 21:09:37 FIT model.layers.8.self_attn.k_proj.weight :: awq_p1.0 bpw=4.4800 rel_err=0.1469 t=0.18s [288/980] ETA=0.41h
2026-08-16 21:09:37 FIT model.layers.8.self_attn.k_proj.weight :: awq_p2.0 bpw=4.9600 rel_err=0.1401 t=0.33s [289/980] ETA=0.41h
2026-08-16 21:09:37 FIT model.layers.8.self_attn.k_proj.weight :: rtn4 bpw=4.5000 rel_err=0.1040 t=0.00s [290/980] ETA=0.41h
2026-08-16 21:09:40 FIT model.layers.8.self_attn.v_proj.weight :: seed_only bpw=4.0000 rel_err=0.1550 t=2.32s [291/980] ETA=0.41h
2026-08-16 21:09:40 FIT model.layers.8.self_attn.v_proj.weight :: awq_p0.5 bpw=4.2400 rel_err=0.1523 t=0.10s [292/980] ETA=0.41h
2026-08-16 21:09:40 FIT model.layers.8.self_attn.v_proj.weight :: awq_p1.0 bpw=4.4800 rel_err=0.1494 t=0.18s [293/980] ETA=0.40h
2026-08-16 21:09:41 FIT model.layers.8.self_attn.v_proj.weight :: awq_p2.0 bpw=4.9600 rel_err=0.1441 t=0.35s [294/980] ETA=0.40h
2026-08-16 21:09:41 FIT model.layers.8.self_attn.v_proj.weight :: rtn4 bpw=4.5000 rel_err=0.0995 t=0.00s [295/980] ETA=0.40h
2026-08-16 21:09:46 FIT model.layers.8.self_attn.o_proj.weight :: seed_only bpw=4.0000 rel_err=0.1543 t=4.64s [296/980] ETA=0.40h
2026-08-16 21:09:46 FIT model.layers.8.self_attn.o_proj.weight :: awq_p0.5 bpw=4.2400 rel_err=0.1522 t=0.18s [297/980] ETA=0.40h
2026-08-16 21:09:46 FIT model.layers.8.self_attn.o_proj.weight :: awq_p1.0 bpw=4.4800 rel_err=0.1504 t=0.34s [298/980] ETA=0.40h
2026-08-16 21:09:47 FIT model.layers.8.self_attn.o_proj.weight :: awq_p2.0 bpw=4.9600 rel_err=0.1468 t=0.62s [299/980] ETA=0.40h
2026-08-16 21:09:47 FIT model.layers.8.self_attn.o_proj.weight :: rtn4 bpw=4.5000 rel_err=0.0981 t=0.00s [300/980] ETA=0.39h
2026-08-16 21:10:01 FIT model.layers.8.mlp.gate_proj.weight :: seed_only bpw=4.0000 rel_err=0.1542 t=13.90s [301/980] ETA=0.40h
2026-08-16 21:10:02 FIT model.layers.8.mlp.gate_proj.weight :: awq_p0.5 bpw=4.2400 rel_err=0.1519 t=0.55s [302/980] ETA=0.40h
2026-08-16 21:10:03 FIT model.layers.8.mlp.gate_proj.weight :: awq_p1.0 bpw=4.4800 rel_err=0.1483 t=1.06s [303/980] ETA=0.40h
2026-08-16 21:10:06 FIT model.layers.8.mlp.gate_proj.weight :: awq_p2.0 bpw=4.9600 rel_err=0.1418 t=2.01s [304/980] ETA=0.40h
2026-08-16 21:10:06 FIT model.layers.8.mlp.gate_proj.weight :: rtn4 bpw=4.5000 rel_err=0.0985 t=0.00s [305/980] ETA=0.40h
2026-08-16 21:10:20 FIT model.layers.8.mlp.up_proj.weight :: seed_only bpw=4.0000 rel_err=0.1547 t=13.90s [306/980] ETA=0.40h
2026-08-16 21:10:21 FIT model.layers.8.mlp.up_proj.weight :: awq_p0.5 bpw=4.2400 rel_err=0.1514 t=0.55s [307/980] ETA=0.40h
2026-08-16 21:10:22 FIT model.layers.8.mlp.up_proj.weight :: awq_p1.0 bpw=4.4800 rel_err=0.1480 t=1.07s [308/980] ETA=0.40h
2026-08-16 21:10:24 FIT model.layers.8.mlp.up_proj.weight :: awq_p2.0 bpw=4.9600 rel_err=0.1421 t=2.06s [309/980] ETA=0.40h
2026-08-16 21:10:24 FIT model.layers.8.mlp.up_proj.weight :: rtn4 bpw=4.5000 rel_err=0.0991 t=0.00s [310/980] ETA=0.40h
2026-08-16 21:10:39 FIT model.layers.8.mlp.down_proj.weight :: seed_only bpw=4.0000 rel_err=0.1553 t=13.90s [311/980] ETA=0.41h
2026-08-16 21:10:39 FIT model.layers.8.mlp.down_proj.weight :: awq_p0.5 bpw=4.2400 rel_err=0.1524 t=0.55s [312/980] ETA=0.40h
2026-08-16 21:10:41 FIT model.layers.8.mlp.down_proj.weight :: awq_p1.0 bpw=4.4800 rel_err=0.1495 t=1.07s [313/980] ETA=0.40h
2026-08-16 21:10:43 FIT model.layers.8.mlp.down_proj.weight :: awq_p2.0 bpw=4.9600 rel_err=0.1440 t=2.06s [314/980] ETA=0.40h
2026-08-16 21:10:43 FIT model.layers.8.mlp.down_proj.weight :: rtn4 bpw=4.5000 rel_err=0.1013 t=0.00s [315/980] ETA=0.40h
2026-08-16 21:10:48 FIT model.layers.9.self_attn.q_proj.weight :: seed_only bpw=4.0000 rel_err=0.1549 t=4.64s [316/980] ETA=0.40h
2026-08-16 21:10:48 FIT model.layers.9.self_attn.q_proj.weight :: awq_p0.5 bpw=4.2400 rel_err=0.1508 t=0.18s [317/980] ETA=0.40h
2026-08-16 21:10:49 FIT model.layers.9.self_attn.q_proj.weight :: awq_p1.0 bpw=4.4800 rel_err=0.1466 t=0.34s [318/980] ETA=0.40h
2026-08-16 21:10:49 FIT model.layers.9.self_attn.q_proj.weight :: awq_p2.0 bpw=4.9600 rel_err=0.1396 t=0.63s [319/980] ETA=0.40h
2026-08-16 21:10:49 FIT model.layers.9.self_attn.q_proj.weight :: rtn4 bpw=4.5000 rel_err=0.1011 t=0.00s [320/980] ETA=0.39h
2026-08-16 21:10:52 FIT model.layers.9.self_attn.k_proj.weight :: seed_only bpw=4.0000 rel_err=0.1554 t=2.32s [321/980] ETA=0.39h
2026-08-16 21:10:52 FIT model.layers.9.self_attn.k_proj.weight :: awq_p0.5 bpw=4.2400 rel_err=0.1516 t=0.10s [322/980] ETA=0.39h
2026-08-16 21:10:52 FIT model.layers.9.self_attn.k_proj.weight :: awq_p1.0 bpw=4.4800 rel_err=0.1485 t=0.18s [323/980] ETA=0.39h
2026-08-16 21:10:53 FIT model.layers.9.self_attn.k_proj.weight :: awq_p2.0 bpw=4.9600 rel_err=0.1424 t=0.34s [324/980] ETA=0.39h
2026-08-16 21:10:53 FIT model.layers.9.self_attn.k_proj.weight :: rtn4 bpw=4.5000 rel_err=0.1037 t=0.00s [325/980] ETA=0.39h
2026-08-16 21:10:55 FIT model.layers.9.self_attn.v_proj.weight :: seed_only bpw=4.0000 rel_err=0.1557 t=2.32s [326/980] ETA=0.39h
2026-08-16 21:10:56 FIT model.layers.9.self_attn.v_proj.weight :: awq_p0.5 bpw=4.2400 rel_err=0.1520 t=0.10s [327/980] ETA=0.39h
2026-08-16 21:10:56 FIT model.layers.9.self_attn.v_proj.weight :: awq_p1.0 bpw=4.4800 rel_err=0.1486 t=0.18s [328/980] ETA=0.38h
2026-08-16 21:10:56 FIT model.layers.9.self_attn.v_proj.weight :: awq_p2.0 bpw=4.9600 rel_err=0.1426 t=0.34s [329/980] ETA=0.38h
2026-08-16 21:10:56 FIT model.layers.9.self_attn.v_proj.weight :: rtn4 bpw=4.5000 rel_err=0.1014 t=0.00s [330/980] ETA=0.38h
2026-08-16 21:11:01 FIT model.layers.9.self_attn.o_proj.weight :: seed_only bpw=4.0000 rel_err=0.1538 t=4.64s [331/980] ETA=0.38h
2026-08-16 21:11:01 FIT model.layers.9.self_attn.o_proj.weight :: awq_p0.5 bpw=4.2400 rel_err=0.1503 t=0.16s [332/980] ETA=0.38h
2026-08-16 21:11:02 FIT model.layers.9.self_attn.o_proj.weight :: awq_p1.0 bpw=4.4800 rel_err=0.1486 t=0.30s [333/980] ETA=0.38h
2026-08-16 21:11:02 FIT model.layers.9.self_attn.o_proj.weight :: awq_p2.0 bpw=4.9600 rel_err=0.1454 t=0.55s [334/980] ETA=0.38h
2026-08-16 21:11:03 FIT model.layers.9.self_attn.o_proj.weight :: rtn4 bpw=4.5000 rel_err=0.0981 t=0.00s [335/980] ETA=0.38h
2026-08-16 21:11:17 FIT model.layers.9.mlp.gate_proj.weight :: seed_only bpw=4.0000 rel_err=0.1543 t=13.90s [336/980] ETA=0.38h
2026-08-16 21:11:18 FIT model.layers.9.mlp.gate_proj.weight :: awq_p0.5 bpw=4.2400 rel_err=0.1521 t=0.55s [337/980] ETA=0.38h
2026-08-16 21:11:19 FIT model.layers.9.mlp.gate_proj.weight :: awq_p1.0 bpw=4.4800 rel_err=0.1486 t=1.06s [338/980] ETA=0.38h
2026-08-16 21:11:21 FIT model.layers.9.mlp.gate_proj.weight :: awq_p2.0 bpw=4.9600 rel_err=0.1422 t=2.00s [339/980] ETA=0.38h
2026-08-16 21:11:21 FIT model.layers.9.mlp.gate_proj.weight :: rtn4 bpw=4.5000 rel_err=0.0988 t=0.00s [340/980] ETA=0.38h
2026-08-16 21:11:35 FIT model.layers.9.mlp.up_proj.weight :: seed_only bpw=4.0000 rel_err=0.1546 t=13.90s [341/980] ETA=0.38h
2026-08-16 21:11:36 FIT model.layers.9.mlp.up_proj.weight :: awq_p0.5 bpw=4.2400 rel_err=0.1519 t=0.55s [342/980] ETA=0.38h
2026-08-16 21:11:37 FIT model.layers.9.mlp.up_proj.weight :: awq_p1.0 bpw=4.4800 rel_err=0.1486 t=1.07s [343/980] ETA=0.38h
2026-08-16 21:11:39 FIT model.layers.9.mlp.up_proj.weight :: awq_p2.0 bpw=4.9600 rel_err=0.1428 t=2.06s [344/980] ETA=0.38h
2026-08-16 21:11:40 FIT model.layers.9.mlp.up_proj.weight :: rtn4 bpw=4.5000 rel_err=0.0991 t=0.00s [345/980] ETA=0.38h
2026-08-16 21:11:54 FIT model.layers.9.mlp.down_proj.weight :: seed_only bpw=4.0000 rel_err=0.1555 t=13.90s [346/980] ETA=0.38h
2026-08-16 21:11:55 FIT model.layers.9.mlp.down_proj.weight :: awq_p0.5 bpw=4.2400 rel_err=0.1531 t=0.55s [347/980] ETA=0.38h
2026-08-16 21:11:56 FIT model.layers.9.mlp.down_proj.weight :: awq_p1.0 bpw=4.4800 rel_err=0.1507 t=1.07s [348/980] ETA=0.38h
2026-08-16 21:11:58 FIT model.layers.9.mlp.down_proj.weight :: awq_p2.0 bpw=4.9600 rel_err=0.1458 t=2.06s [349/980] ETA=0.38h
2026-08-16 21:11:58 FIT model.layers.9.mlp.down_proj.weight :: rtn4 bpw=4.5000 rel_err=0.1018 t=0.00s [350/980] ETA=0.38h
2026-08-16 21:12:03 FIT model.layers.10.self_attn.q_proj.weight :: seed_only bpw=4.0000 rel_err=0.1546 t=4.64s [351/980] ETA=0.38h
2026-08-16 21:12:03 FIT model.layers.10.self_attn.q_proj.weight :: awq_p0.5 bpw=4.2400 rel_err=0.1511 t=0.18s [352/980] ETA=0.38h
2026-08-16 21:12:04 FIT model.layers.10.self_attn.q_proj.weight :: awq_p1.0 bpw=4.4800 rel_err=0.1476 t=0.34s [353/980] ETA=0.38h
2026-08-16 21:12:05 FIT model.layers.10.self_attn.q_proj.weight :: awq_p2.0 bpw=4.9600 rel_err=0.1417 t=0.65s [354/980] ETA=0.38h
2026-08-16 21:12:05 FIT model.layers.10.self_attn.q_proj.weight :: rtn4 bpw=4.5000 rel_err=0.0996 t=0.00s [355/980] ETA=0.37h
2026-08-16 21:12:07 FIT model.layers.10.self_attn.k_proj.weight :: seed_only bpw=4.0000 rel_err=0.1544 t=2.32s [356/980] ETA=0.37h
2026-08-16 21:12:07 FIT model.layers.10.self_attn.k_proj.weight :: awq_p0.5 bpw=4.2400 rel_err=0.1523 t=0.10s [357/980] ETA=0.37h
2026-08-16 21:12:08 FIT model.layers.10.self_attn.k_proj.weight :: awq_p1.0 bpw=4.4800 rel_err=0.1494 t=0.18s [358/980] ETA=0.37h
2026-08-16 21:12:08 FIT model.layers.10.self_attn.k_proj.weight :: awq_p2.0 bpw=4.9600 rel_err=0.1434 t=0.34s [359/980] ETA=0.37h
2026-08-16 21:12:08 FIT model.layers.10.self_attn.k_proj.weight :: rtn4 bpw=4.5000 rel_err=0.0991 t=0.00s [360/980] ETA=0.37h
2026-08-16 21:12:11 FIT model.layers.10.self_attn.v_proj.weight :: seed_only bpw=4.0000 rel_err=0.1553 t=2.32s [361/980] ETA=0.37h
2026-08-16 21:12:11 FIT model.layers.10.self_attn.v_proj.weight :: awq_p0.5 bpw=4.2400 rel_err=0.1523 t=0.10s [362/980] ETA=0.37h
2026-08-16 21:12:11 FIT model.layers.10.self_attn.v_proj.weight :: awq_p1.0 bpw=4.4800 rel_err=0.1492 t=0.18s [363/980] ETA=0.36h
2026-08-16 21:12:12 FIT model.layers.10.self_attn.v_proj.weight :: awq_p2.0 bpw=4.9600 rel_err=0.1437 t=0.35s [364/980] ETA=0.36h
2026-08-16 21:12:12 FIT model.layers.10.self_attn.v_proj.weight :: rtn4 bpw=4.5000 rel_err=0.1002 t=0.00s [365/980] ETA=0.36h
2026-08-16 21:12:17 FIT model.layers.10.self_attn.o_proj.weight :: seed_only bpw=4.0000 rel_err=0.1546 t=4.64s [366/980] ETA=0.36h
2026-08-16 21:12:17 FIT model.layers.10.self_attn.o_proj.weight :: awq_p0.5 bpw=4.2400 rel_err=0.1515 t=0.18s [367/980] ETA=0.36h
2026-08-16 21:12:17 FIT model.layers.10.self_attn.o_proj.weight :: awq_p1.0 bpw=4.4800 rel_err=0.1491 t=0.34s [368/980] ETA=0.36h
2026-08-16 21:12:18 FIT model.layers.10.self_attn.o_proj.weight :: awq_p2.0 bpw=4.9600 rel_err=0.1447 t=0.64s [369/980] ETA=0.36h
2026-08-16 21:12:18 FIT model.layers.10.self_attn.o_proj.weight :: rtn4 bpw=4.5000 rel_err=0.0984 t=0.00s [370/980] ETA=0.36h
2026-08-16 21:12:33 FIT model.layers.10.mlp.gate_proj.weight :: seed_only bpw=4.0000 rel_err=0.1546 t=13.90s [371/980] ETA=0.36h
2026-08-16 21:12:33 FIT model.layers.10.mlp.gate_proj.weight :: awq_p0.5 bpw=4.2400 rel_err=0.1517 t=0.55s [372/980] ETA=0.36h
2026-08-16 21:12:35 FIT model.layers.10.mlp.gate_proj.weight :: awq_p1.0 bpw=4.4800 rel_err=0.1480 t=1.05s [373/980] ETA=0.36h
2026-08-16 21:12:37 FIT model.layers.10.mlp.gate_proj.weight :: awq_p2.0 bpw=4.9600 rel_err=0.1413 t=1.97s [374/980] ETA=0.36h
2026-08-16 21:12:37 FIT model.layers.10.mlp.gate_proj.weight :: rtn4 bpw=4.5000 rel_err=0.1002 t=0.00s [375/980] ETA=0.36h
2026-08-16 21:12:51 FIT model.layers.10.mlp.up_proj.weight :: seed_only bpw=4.0000 rel_err=0.1548 t=13.90s [376/980] ETA=0.36h
2026-08-16 21:12:52 FIT model.layers.10.mlp.up_proj.weight :: awq_p0.5 bpw=4.2400 rel_err=0.1520 t=0.55s [377/980] ETA=0.36h
2026-08-16 21:12:53 FIT model.layers.10.mlp.up_proj.weight :: awq_p1.0 bpw=4.4800 rel_err=0.1486 t=1.06s [378/980] ETA=0.36h
2026-08-16 21:12:55 FIT model.layers.10.mlp.up_proj.weight :: awq_p2.0 bpw=4.9600 rel_err=0.1426 t=2.04s [379/980] ETA=0.36h
2026-08-16 21:12:55 FIT model.layers.10.mlp.up_proj.weight :: rtn4 bpw=4.5000 rel_err=0.1004 t=0.00s [380/980] ETA=0.36h
2026-08-16 21:13:10 FIT model.layers.10.mlp.down_proj.weight :: seed_only bpw=4.0000 rel_err=0.1560 t=13.90s [381/980] ETA=0.36h
2026-08-16 21:13:11 FIT model.layers.10.mlp.down_proj.weight :: awq_p0.5 bpw=4.2400 rel_err=0.1534 t=0.55s [382/980] ETA=0.36h
2026-08-16 21:13:12 FIT model.layers.10.mlp.down_proj.weight :: awq_p1.0 bpw=4.4800 rel_err=0.1515 t=1.08s [383/980] ETA=0.36h
2026-08-16 21:13:14 FIT model.layers.10.mlp.down_proj.weight :: awq_p2.0 bpw=4.9600 rel_err=0.1474 t=2.08s [384/980] ETA=0.36h
2026-08-16 21:13:14 FIT model.layers.10.mlp.down_proj.weight :: rtn4 bpw=4.5000 rel_err=0.1042 t=0.00s [385/980] ETA=0.36h
2026-08-16 21:13:19 FIT model.layers.11.self_attn.q_proj.weight :: seed_only bpw=4.0000 rel_err=0.1552 t=4.64s [386/980] ETA=0.36h
2026-08-16 21:13:20 FIT model.layers.11.self_attn.q_proj.weight :: awq_p0.5 bpw=4.2400 rel_err=0.1506 t=0.18s [387/980] ETA=0.36h
2026-08-16 21:13:20 FIT model.layers.11.self_attn.q_proj.weight :: awq_p1.0 bpw=4.4800 rel_err=0.1464 t=0.33s [388/980] ETA=0.36h
2026-08-16 21:13:21 FIT model.layers.11.self_attn.q_proj.weight :: awq_p2.0 bpw=4.9600 rel_err=0.1393 t=0.61s [389/980] ETA=0.35h
2026-08-16 21:13:21 FIT model.layers.11.self_attn.q_proj.weight :: rtn4 bpw=4.5000 rel_err=0.1006 t=0.00s [390/980] ETA=0.35h
2026-08-16 21:13:23 FIT model.layers.11.self_attn.k_proj.weight :: seed_only bpw=4.0000 rel_err=0.1555 t=2.32s [391/980] ETA=0.35h
2026-08-16 21:13:23 FIT model.layers.11.self_attn.k_proj.weight :: awq_p0.5 bpw=4.2400 rel_err=0.1524 t=0.10s [392/980] ETA=0.35h
2026-08-16 21:13:24 FIT model.layers.11.self_attn.k_proj.weight :: awq_p1.0 bpw=4.4800 rel_err=0.1500 t=0.18s [393/980] ETA=0.35h
2026-08-16 21:13:24 FIT model.layers.11.self_attn.k_proj.weight :: awq_p2.0 bpw=4.9600 rel_err=0.1444 t=0.34s [394/980] ETA=0.35h
2026-08-16 21:13:24 FIT model.layers.11.self_attn.k_proj.weight :: rtn4 bpw=4.5000 rel_err=0.1025 t=0.00s [395/980] ETA=0.35h
2026-08-16 21:13:27 FIT model.layers.11.self_attn.v_proj.weight :: seed_only bpw=4.0000 rel_err=0.1561 t=2.32s [396/980] ETA=0.35h
2026-08-16 21:13:27 FIT model.layers.11.self_attn.v_proj.weight :: awq_p0.5 bpw=4.2400 rel_err=0.1533 t=0.10s [397/980] ETA=0.35h
2026-08-16 21:13:27 FIT model.layers.11.self_attn.v_proj.weight :: awq_p1.0 bpw=4.4800 rel_err=0.1507 t=0.18s [398/980] ETA=0.34h
2026-08-16 21:13:28 FIT model.layers.11.self_attn.v_proj.weight :: awq_p2.0 bpw=4.9600 rel_err=0.1455 t=0.34s [399/980] ETA=0.34h
2026-08-16 21:13:28 FIT model.layers.11.self_attn.v_proj.weight :: rtn4 bpw=4.5000 rel_err=0.1028 t=0.00s [400/980] ETA=0.34h
2026-08-16 21:13:32 FIT model.layers.11.self_attn.o_proj.weight :: seed_only bpw=4.0000 rel_err=0.1545 t=4.64s [401/980] ETA=0.34h
2026-08-16 21:13:33 FIT model.layers.11.self_attn.o_proj.weight :: awq_p0.5 bpw=4.2400 rel_err=0.1461 t=0.14s [402/980] ETA=0.34h
2026-08-16 21:13:33 FIT model.layers.11.self_attn.o_proj.weight :: awq_p1.0 bpw=4.4800 rel_err=0.1443 t=0.27s [403/980] ETA=0.34h
2026-08-16 21:13:34 FIT model.layers.11.self_attn.o_proj.weight :: awq_p2.0 bpw=4.9600 rel_err=0.1415 t=0.53s [404/980] ETA=0.34h
2026-08-16 21:13:34 FIT model.layers.11.self_attn.o_proj.weight :: rtn4 bpw=4.5000 rel_err=0.0985 t=0.00s [405/980] ETA=0.34h
2026-08-16 21:13:48 FIT model.layers.11.mlp.gate_proj.weight :: seed_only bpw=4.0000 rel_err=0.1546 t=13.90s [406/980] ETA=0.34h
2026-08-16 21:13:49 FIT model.layers.11.mlp.gate_proj.weight :: awq_p0.5 bpw=4.2400 rel_err=0.1517 t=0.54s [407/980] ETA=0.34h
2026-08-16 21:13:50 FIT model.layers.11.mlp.gate_proj.weight :: awq_p1.0 bpw=4.4800 rel_err=0.1481 t=1.05s [408/980] ETA=0.34h
2026-08-16 21:13:52 FIT model.layers.11.mlp.gate_proj.weight :: awq_p2.0 bpw=4.9600 rel_err=0.1417 t=1.99s [409/980] ETA=0.34h
2026-08-16 21:13:52 FIT model.layers.11.mlp.gate_proj.weight :: rtn4 bpw=4.5000 rel_err=0.0998 t=0.00s [410/980] ETA=0.34h
2026-08-16 21:14:06 FIT model.layers.11.mlp.up_proj.weight :: seed_only bpw=4.0000 rel_err=0.1548 t=13.90s [411/980] ETA=0.34h
2026-08-16 21:14:07 FIT model.layers.11.mlp.up_proj.weight :: awq_p0.5 bpw=4.2400 rel_err=0.1515 t=0.55s [412/980] ETA=0.34h
2026-08-16 21:14:09 FIT model.layers.11.mlp.up_proj.weight :: awq_p1.0 bpw=4.4800 rel_err=0.1481 t=1.07s [413/980] ETA=0.34h
2026-08-16 21:14:11 FIT model.layers.11.mlp.up_proj.weight :: awq_p2.0 bpw=4.9600 rel_err=0.1422 t=2.04s [414/980] ETA=0.34h
2026-08-16 21:14:11 FIT model.layers.11.mlp.up_proj.weight :: rtn4 bpw=4.5000 rel_err=0.0996 t=0.00s [415/980] ETA=0.34h
2026-08-16 21:14:25 FIT model.layers.11.mlp.down_proj.weight :: seed_only bpw=4.0000 rel_err=0.1557 t=13.90s [416/980] ETA=0.34h
2026-08-16 21:14:26 FIT model.layers.11.mlp.down_proj.weight :: awq_p0.5 bpw=4.2400 rel_err=0.1535 t=0.55s [417/980] ETA=0.34h
2026-08-16 21:14:27 FIT model.layers.11.mlp.down_proj.weight :: awq_p1.0 bpw=4.4800 rel_err=0.1515 t=1.08s [418/980] ETA=0.34h
2026-08-16 21:14:29 FIT model.layers.11.mlp.down_proj.weight :: awq_p2.0 bpw=4.9600 rel_err=0.1473 t=2.08s [419/980] ETA=0.34h
2026-08-16 21:14:30 FIT model.layers.11.mlp.down_proj.weight :: rtn4 bpw=4.5000 rel_err=0.1026 t=0.00s [420/980] ETA=0.34h
2026-08-16 21:14:34 FIT model.layers.12.self_attn.q_proj.weight :: seed_only bpw=4.0000 rel_err=0.1548 t=4.64s [421/980] ETA=0.34h
2026-08-16 21:14:35 FIT model.layers.12.self_attn.q_proj.weight :: awq_p0.5 bpw=4.2400 rel_err=0.1507 t=0.18s [422/980] ETA=0.34h
2026-08-16 21:14:35 FIT model.layers.12.self_attn.q_proj.weight :: awq_p1.0 bpw=4.4800 rel_err=0.1468 t=0.33s [423/980] ETA=0.33h
2026-08-16 21:14:36 FIT model.layers.12.self_attn.q_proj.weight :: awq_p2.0 bpw=4.9600 rel_err=0.1404 t=0.61s [424/980] ETA=0.33h
2026-08-16 21:14:36 FIT model.layers.12.self_attn.q_proj.weight :: rtn4 bpw=4.5000 rel_err=0.0997 t=0.00s [425/980] ETA=0.33h
2026-08-16 21:14:39 FIT model.layers.12.self_attn.k_proj.weight :: seed_only bpw=4.0000 rel_err=0.1551 t=2.32s [426/980] ETA=0.33h
2026-08-16 21:14:39 FIT model.layers.12.self_attn.k_proj.weight :: awq_p0.5 bpw=4.2400 rel_err=0.1521 t=0.10s [427/980] ETA=0.33h
2026-08-16 21:14:39 FIT model.layers.12.self_attn.k_proj.weight :: awq_p1.0 bpw=4.4800 rel_err=0.1489 t=0.18s [428/980] ETA=0.33h
2026-08-16 21:14:39 FIT model.layers.12.self_attn.k_proj.weight :: awq_p2.0 bpw=4.9600 rel_err=0.1427 t=0.33s [429/980] ETA=0.33h
2026-08-16 21:14:39 FIT model.layers.12.self_attn.k_proj.weight :: rtn4 bpw=4.5000 rel_err=0.1013 t=0.00s [430/980] ETA=0.33h
2026-08-16 21:14:42 FIT model.layers.12.self_attn.v_proj.weight :: seed_only bpw=4.0000 rel_err=0.1555 t=2.32s [431/980] ETA=0.33h
2026-08-16 21:14:42 FIT model.layers.12.self_attn.v_proj.weight :: awq_p0.5 bpw=4.2400 rel_err=0.1526 t=0.10s [432/980] ETA=0.32h
2026-08-16 21:14:42 FIT model.layers.12.self_attn.v_proj.weight :: awq_p1.0 bpw=4.4800 rel_err=0.1498 t=0.18s [433/980] ETA=0.32h
2026-08-16 21:14:43 FIT model.layers.12.self_attn.v_proj.weight :: awq_p2.0 bpw=4.9600 rel_err=0.1448 t=0.34s [434/980] ETA=0.32h
2026-08-16 21:14:43 FIT model.layers.12.self_attn.v_proj.weight :: rtn4 bpw=4.5000 rel_err=0.1006 t=0.00s [435/980] ETA=0.32h
2026-08-16 21:14:48 FIT model.layers.12.self_attn.o_proj.weight :: seed_only bpw=4.0000 rel_err=0.1545 t=4.64s [436/980] ETA=0.32h
2026-08-16 21:14:48 FIT model.layers.12.self_attn.o_proj.weight :: awq_p0.5 bpw=4.2400 rel_err=0.1518 t=0.17s [437/980] ETA=0.32h
2026-08-16 21:14:48 FIT model.layers.12.self_attn.o_proj.weight :: awq_p1.0 bpw=4.4800 rel_err=0.1500 t=0.32s [438/980] ETA=0.32h
2026-08-16 21:14:49 FIT model.layers.12.self_attn.o_proj.weight :: awq_p2.0 bpw=4.9600 rel_err=0.1468 t=0.59s [439/980] ETA=0.32h
2026-08-16 21:14:49 FIT model.layers.12.self_attn.o_proj.weight :: rtn4 bpw=4.5000 rel_err=0.0984 t=0.00s [440/980] ETA=0.32h
2026-08-16 21:15:04 FIT model.layers.12.mlp.gate_proj.weight :: seed_only bpw=4.0000 rel_err=0.1545 t=13.91s [441/980] ETA=0.32h
2026-08-16 21:15:04 FIT model.layers.12.mlp.gate_proj.weight :: awq_p0.5 bpw=4.2400 rel_err=0.1517 t=0.54s [442/980] ETA=0.32h
2026-08-16 21:15:06 FIT model.layers.12.mlp.gate_proj.weight :: awq_p1.0 bpw=4.4800 rel_err=0.1480 t=1.04s [443/980] ETA=0.32h
2026-08-16 21:15:08 FIT model.layers.12.mlp.gate_proj.weight :: awq_p2.0 bpw=4.9600 rel_err=0.1415 t=1.98s [444/980] ETA=0.32h
2026-08-16 21:15:08 FIT model.layers.12.mlp.gate_proj.weight :: rtn4 bpw=4.5000 rel_err=0.0994 t=0.00s [445/980] ETA=0.32h
2026-08-16 21:15:22 FIT model.layers.12.mlp.up_proj.weight :: seed_only bpw=4.0000 rel_err=0.1548 t=13.90s [446/980] ETA=0.32h
2026-08-16 21:15:23 FIT model.layers.12.mlp.up_proj.weight :: awq_p0.5 bpw=4.2400 rel_err=0.1514 t=0.55s [447/980] ETA=0.32h
2026-08-16 21:15:24 FIT model.layers.12.mlp.up_proj.weight :: awq_p1.0 bpw=4.4800 rel_err=0.1479 t=1.06s [448/980] ETA=0.32h
2026-08-16 21:15:26 FIT model.layers.12.mlp.up_proj.weight :: awq_p2.0 bpw=4.9600 rel_err=0.1419 t=2.03s [449/980] ETA=0.32h
2026-08-16 21:15:27 FIT model.layers.12.mlp.up_proj.weight :: rtn4 bpw=4.5000 rel_err=0.0998 t=0.00s [450/980] ETA=0.32h
2026-08-16 21:15:41 FIT model.layers.12.mlp.down_proj.weight :: seed_only bpw=4.0000 rel_err=0.1558 t=13.90s [451/980] ETA=0.32h
2026-08-16 21:15:42 FIT model.layers.12.mlp.down_proj.weight :: awq_p0.5 bpw=4.2400 rel_err=0.1536 t=0.55s [452/980] ETA=0.32h
2026-08-16 21:15:43 FIT model.layers.12.mlp.down_proj.weight :: awq_p1.0 bpw=4.4800 rel_err=0.1519 t=1.07s [453/980] ETA=0.32h
2026-08-16 21:15:45 FIT model.layers.12.mlp.down_proj.weight :: awq_p2.0 bpw=4.9600 rel_err=0.1482 t=2.07s [454/980] ETA=0.32h
2026-08-16 21:15:46 FIT model.layers.12.mlp.down_proj.weight :: rtn4 bpw=4.5000 rel_err=0.1027 t=0.00s [455/980] ETA=0.32h
2026-08-16 21:15:50 FIT model.layers.13.self_attn.q_proj.weight :: seed_only bpw=4.0000 rel_err=0.1546 t=4.64s [456/980] ETA=0.32h
2026-08-16 21:15:51 FIT model.layers.13.self_attn.q_proj.weight :: awq_p0.5 bpw=4.2400 rel_err=0.1500 t=0.18s [457/980] ETA=0.31h
2026-08-16 21:15:51 FIT model.layers.13.self_attn.q_proj.weight :: awq_p1.0 bpw=4.4800 rel_err=0.1453 t=0.33s [458/980] ETA=0.31h
2026-08-16 21:15:52 FIT model.layers.13.self_attn.q_proj.weight :: awq_p2.0 bpw=4.9600 rel_err=0.1377 t=0.60s [459/980] ETA=0.31h
2026-08-16 21:15:52 FIT model.layers.13.self_attn.q_proj.weight :: rtn4 bpw=4.5000 rel_err=0.0995 t=0.00s [460/980] ETA=0.31h
2026-08-16 21:15:55 FIT model.layers.13.self_attn.k_proj.weight :: seed_only bpw=4.0000 rel_err=0.1549 t=2.32s [461/980] ETA=0.31h
2026-08-16 21:15:55 FIT model.layers.13.self_attn.k_proj.weight :: awq_p0.5 bpw=4.2400 rel_err=0.1525 t=0.10s [462/980] ETA=0.31h
2026-08-16 21:15:55 FIT model.layers.13.self_attn.k_proj.weight :: awq_p1.0 bpw=4.4800 rel_err=0.1498 t=0.18s [463/980] ETA=0.31h
2026-08-16 21:15:56 FIT model.layers.13.self_attn.k_proj.weight :: awq_p2.0 bpw=4.9600 rel_err=0.1442 t=0.34s [464/980] ETA=0.31h
2026-08-16 21:15:56 FIT model.layers.13.self_attn.k_proj.weight :: rtn4 bpw=4.5000 rel_err=0.1008 t=0.00s [465/980] ETA=0.31h
2026-08-16 21:15:58 FIT model.layers.13.self_attn.v_proj.weight :: seed_only bpw=4.0000 rel_err=0.1552 t=2.32s [466/980] ETA=0.31h
2026-08-16 21:15:59 FIT model.layers.13.self_attn.v_proj.weight :: awq_p0.5 bpw=4.2400 rel_err=0.1527 t=0.10s [467/980] ETA=0.30h
2026-08-16 21:15:59 FIT model.layers.13.self_attn.v_proj.weight :: awq_p1.0 bpw=4.4800 rel_err=0.1500 t=0.18s [468/980] ETA=0.30h
2026-08-16 21:15:59 FIT model.layers.13.self_attn.v_proj.weight :: awq_p2.0 bpw=4.9600 rel_err=0.1451 t=0.34s [469/980] ETA=0.30h
2026-08-16 21:15:59 FIT model.layers.13.self_attn.v_proj.weight :: rtn4 bpw=4.5000 rel_err=0.0998 t=0.00s [470/980] ETA=0.30h
2026-08-16 21:16:04 FIT model.layers.13.self_attn.o_proj.weight :: seed_only bpw=4.0000 rel_err=0.1544 t=4.64s [471/980] ETA=0.30h
2026-08-16 21:16:04 FIT model.layers.13.self_attn.o_proj.weight :: awq_p0.5 bpw=4.2400 rel_err=0.1522 t=0.18s [472/980] ETA=0.30h
2026-08-16 21:16:05 FIT model.layers.13.self_attn.o_proj.weight :: awq_p1.0 bpw=4.4800 rel_err=0.1503 t=0.35s [473/980] ETA=0.30h
2026-08-16 21:16:06 FIT model.layers.13.self_attn.o_proj.weight :: awq_p2.0 bpw=4.9600 rel_err=0.1466 t=0.65s [474/980] ETA=0.30h
2026-08-16 21:16:06 FIT model.layers.13.self_attn.o_proj.weight :: rtn4 bpw=4.5000 rel_err=0.0984 t=0.00s [475/980] ETA=0.30h
2026-08-16 21:16:20 FIT model.layers.13.mlp.gate_proj.weight :: seed_only bpw=4.0000 rel_err=0.1549 t=13.90s [476/980] ETA=0.30h
2026-08-16 21:16:21 FIT model.layers.13.mlp.gate_proj.weight :: awq_p0.5 bpw=4.2400 rel_err=0.1518 t=0.54s [477/980] ETA=0.30h
2026-08-16 21:16:22 FIT model.layers.13.mlp.gate_proj.weight :: awq_p1.0 bpw=4.4800 rel_err=0.1479 t=1.04s [478/980] ETA=0.30h
2026-08-16 21:16:24 FIT model.layers.13.mlp.gate_proj.weight :: awq_p2.0 bpw=4.9600 rel_err=0.1414 t=1.96s [479/980] ETA=0.30h
2026-08-16 21:16:24 FIT model.layers.13.mlp.gate_proj.weight :: rtn4 bpw=4.5000 rel_err=0.1003 t=0.00s [480/980] ETA=0.30h
2026-08-16 21:16:39 FIT model.layers.13.mlp.up_proj.weight :: seed_only bpw=4.0000 rel_err=0.1549 t=13.90s [481/980] ETA=0.30h
2026-08-16 21:16:40 FIT model.layers.13.mlp.up_proj.weight :: awq_p0.5 bpw=4.2400 rel_err=0.1516 t=0.54s [482/980] ETA=0.30h
2026-08-16 21:16:41 FIT model.layers.13.mlp.up_proj.weight :: awq_p1.0 bpw=4.4800 rel_err=0.1481 t=1.06s [483/980] ETA=0.30h
2026-08-16 21:16:43 FIT model.layers.13.mlp.up_proj.weight :: awq_p2.0 bpw=4.9600 rel_err=0.1422 t=2.02s [484/980] ETA=0.30h
2026-08-16 21:16:43 FIT model.layers.13.mlp.up_proj.weight :: rtn4 bpw=4.5000 rel_err=0.0999 t=0.00s [485/980] ETA=0.30h
2026-08-16 21:16:58 FIT model.layers.13.mlp.down_proj.weight :: seed_only bpw=4.0000 rel_err=0.1559 t=13.90s [486/980] ETA=0.30h
2026-08-16 21:16:58 FIT model.layers.13.mlp.down_proj.weight :: awq_p0.5 bpw=4.2400 rel_err=0.1535 t=0.55s [487/980] ETA=0.30h
2026-08-16 21:17:00 FIT model.layers.13.mlp.down_proj.weight :: awq_p1.0 bpw=4.4800 rel_err=0.1517 t=1.07s [488/980] ETA=0.30h
2026-08-16 21:17:02 FIT model.layers.13.mlp.down_proj.weight :: awq_p2.0 bpw=4.9600 rel_err=0.1480 t=2.06s [489/980] ETA=0.30h
2026-08-16 21:17:02 FIT model.layers.13.mlp.down_proj.weight :: rtn4 bpw=4.5000 rel_err=0.1030 t=0.00s [490/980] ETA=0.30h
2026-08-16 21:17:07 FIT model.layers.14.self_attn.q_proj.weight :: seed_only bpw=4.0000 rel_err=0.1550 t=4.64s [491/980] ETA=0.30h
2026-08-16 21:17:07 FIT model.layers.14.self_attn.q_proj.weight :: awq_p0.5 bpw=4.2400 rel_err=0.1508 t=0.18s [492/980] ETA=0.29h
2026-08-16 21:17:08 FIT model.layers.14.self_attn.q_proj.weight :: awq_p1.0 bpw=4.4800 rel_err=0.1463 t=0.34s [493/980] ETA=0.29h
2026-08-16 21:17:08 FIT model.layers.14.self_attn.q_proj.weight :: awq_p2.0 bpw=4.9600 rel_err=0.1390 t=0.61s [494/980] ETA=0.29h
2026-08-16 21:17:08 FIT model.layers.14.self_attn.q_proj.weight :: rtn4 bpw=4.5000 rel_err=0.1006 t=0.00s [495/980] ETA=0.29h
2026-08-16 21:17:11 FIT model.layers.14.self_attn.k_proj.weight :: seed_only bpw=4.0000 rel_err=0.1555 t=2.32s [496/980] ETA=0.29h
2026-08-16 21:17:11 FIT model.layers.14.self_attn.k_proj.weight :: awq_p0.5 bpw=4.2400 rel_err=0.1521 t=0.10s [497/980] ETA=0.29h
2026-08-16 21:17:11 FIT model.layers.14.self_attn.k_proj.weight :: awq_p1.0 bpw=4.4800 rel_err=0.1488 t=0.18s [498/980] ETA=0.29h
2026-08-16 21:17:12 FIT model.layers.14.self_attn.k_proj.weight :: awq_p2.0 bpw=4.9600 rel_err=0.1426 t=0.33s [499/980] ETA=0.29h
2026-08-16 21:17:12 FIT model.layers.14.self_attn.k_proj.weight :: rtn4 bpw=4.5000 rel_err=0.1025 t=0.00s [500/980] ETA=0.29h
2026-08-16 21:17:15 FIT model.layers.14.self_attn.v_proj.weight :: seed_only bpw=4.0000 rel_err=0.1554 t=2.32s [501/980] ETA=0.29h
2026-08-16 21:17:15 FIT model.layers.14.self_attn.v_proj.weight :: awq_p0.5 bpw=4.2400 rel_err=0.1527 t=0.10s [502/980] ETA=0.28h
2026-08-16 21:17:15 FIT model.layers.14.self_attn.v_proj.weight :: awq_p1.0 bpw=4.4800 rel_err=0.1499 t=0.18s [503/980] ETA=0.28h
2026-08-16 21:17:15 FIT model.layers.14.self_attn.v_proj.weight :: awq_p2.0 bpw=4.9600 rel_err=0.1449 t=0.34s [504/980] ETA=0.28h
2026-08-16 21:17:15 FIT model.layers.14.self_attn.v_proj.weight :: rtn4 bpw=4.5000 rel_err=0.1005 t=0.00s [505/980] ETA=0.28h
2026-08-16 21:17:20 FIT model.layers.14.self_attn.o_proj.weight :: seed_only bpw=4.0000 rel_err=0.1543 t=4.64s [506/980] ETA=0.28h
2026-08-16 21:17:21 FIT model.layers.14.self_attn.o_proj.weight :: awq_p0.5 bpw=4.2400 rel_err=0.1517 t=0.18s [507/980] ETA=0.28h
2026-08-16 21:17:21 FIT model.layers.14.self_attn.o_proj.weight :: awq_p1.0 bpw=4.4800 rel_err=0.1494 t=0.34s [508/980] ETA=0.28h
2026-08-16 21:17:22 FIT model.layers.14.self_attn.o_proj.weight :: awq_p2.0 bpw=4.9600 rel_err=0.1453 t=0.61s [509/980] ETA=0.28h
2026-08-16 21:17:22 FIT model.layers.14.self_attn.o_proj.weight :: rtn4 bpw=4.5000 rel_err=0.0982 t=0.00s [510/980] ETA=0.28h
2026-08-16 21:17:36 FIT model.layers.14.mlp.gate_proj.weight :: seed_only bpw=4.0000 rel_err=0.1551 t=13.90s [511/980] ETA=0.28h
2026-08-16 21:17:37 FIT model.layers.14.mlp.gate_proj.weight :: awq_p0.5 bpw=4.2400 rel_err=0.1520 t=0.54s [512/980] ETA=0.28h
2026-08-16 21:17:38 FIT model.layers.14.mlp.gate_proj.weight :: awq_p1.0 bpw=4.4800 rel_err=0.1482 t=1.04s [513/980] ETA=0.28h
2026-08-16 21:17:40 FIT model.layers.14.mlp.gate_proj.weight :: awq_p2.0 bpw=4.9600 rel_err=0.1416 t=1.97s [514/980] ETA=0.28h
2026-08-16 21:17:40 FIT model.layers.14.mlp.gate_proj.weight :: rtn4 bpw=4.5000 rel_err=0.1014 t=0.00s [515/980] ETA=0.28h
2026-08-16 21:17:55 FIT model.layers.14.mlp.up_proj.weight :: seed_only bpw=4.0000 rel_err=0.1551 t=13.90s [516/980] ETA=0.28h
2026-08-16 21:17:55 FIT model.layers.14.mlp.up_proj.weight :: awq_p0.5 bpw=4.2400 rel_err=0.1520 t=0.55s [517/980] ETA=0.28h
2026-08-16 21:17:57 FIT model.layers.14.mlp.up_proj.weight :: awq_p1.0 bpw=4.4800 rel_err=0.1486 t=1.06s [518/980] ETA=0.28h
2026-08-16 21:17:59 FIT model.layers.14.mlp.up_proj.weight :: awq_p2.0 bpw=4.9600 rel_err=0.1425 t=2.03s [519/980] ETA=0.28h
2026-08-16 21:17:59 FIT model.layers.14.mlp.up_proj.weight :: rtn4 bpw=4.5000 rel_err=0.1007 t=0.00s [520/980] ETA=0.27h
2026-08-16 21:18:13 FIT model.layers.14.mlp.down_proj.weight :: seed_only bpw=4.0000 rel_err=0.1560 t=13.90s [521/980] ETA=0.28h
2026-08-16 21:18:14 FIT model.layers.14.mlp.down_proj.weight :: awq_p0.5 bpw=4.2400 rel_err=0.1538 t=0.55s [522/980] ETA=0.28h
2026-08-16 21:18:15 FIT model.layers.14.mlp.down_proj.weight :: awq_p1.0 bpw=4.4800 rel_err=0.1522 t=1.08s [523/980] ETA=0.28h
2026-08-16 21:18:17 FIT model.layers.14.mlp.down_proj.weight :: awq_p2.0 bpw=4.9600 rel_err=0.1489 t=2.08s [524/980] ETA=0.27h
2026-08-16 21:18:17 FIT model.layers.14.mlp.down_proj.weight :: rtn4 bpw=4.5000 rel_err=0.1037 t=0.00s [525/980] ETA=0.27h
2026-08-16 21:18:22 FIT model.layers.15.self_attn.q_proj.weight :: seed_only bpw=4.0000 rel_err=0.1549 t=4.64s [526/980] ETA=0.27h
2026-08-16 21:18:23 FIT model.layers.15.self_attn.q_proj.weight :: awq_p0.5 bpw=4.2400 rel_err=0.1507 t=0.18s [527/980] ETA=0.27h
2026-08-16 21:18:23 FIT model.layers.15.self_attn.q_proj.weight :: awq_p1.0 bpw=4.4800 rel_err=0.1456 t=0.33s [528/980] ETA=0.27h
2026-08-16 21:18:24 FIT model.layers.15.self_attn.q_proj.weight :: awq_p2.0 bpw=4.9600 rel_err=0.1376 t=0.59s [529/980] ETA=0.27h
2026-08-16 21:18:24 FIT model.layers.15.self_attn.q_proj.weight :: rtn4 bpw=4.5000 rel_err=0.1001 t=0.00s [530/980] ETA=0.27h
2026-08-16 21:18:26 FIT model.layers.15.self_attn.k_proj.weight :: seed_only bpw=4.0000 rel_err=0.1547 t=2.32s [531/980] ETA=0.27h
2026-08-16 21:18:27 FIT model.layers.15.self_attn.k_proj.weight :: awq_p0.5 bpw=4.2400 rel_err=0.1525 t=0.10s [532/980] ETA=0.27h
2026-08-16 21:18:27 FIT model.layers.15.self_attn.k_proj.weight :: awq_p1.0 bpw=4.4800 rel_err=0.1498 t=0.18s [533/980] ETA=0.27h
2026-08-16 21:18:27 FIT model.layers.15.self_attn.k_proj.weight :: awq_p2.0 bpw=4.9600 rel_err=0.1434 t=0.34s [534/980] ETA=0.27h
2026-08-16 21:18:27 FIT model.layers.15.self_attn.k_proj.weight :: rtn4 bpw=4.5000 rel_err=0.0998 t=0.00s [535/980] ETA=0.27h
2026-08-16 21:18:30 FIT model.layers.15.self_attn.v_proj.weight :: seed_only bpw=4.0000 rel_err=0.1560 t=2.32s [536/980] ETA=0.26h
2026-08-16 21:18:30 FIT model.layers.15.self_attn.v_proj.weight :: awq_p0.5 bpw=4.2400 rel_err=0.1525 t=0.10s [537/980] ETA=0.26h
2026-08-16 21:18:30 FIT model.layers.15.self_attn.v_proj.weight :: awq_p1.0 bpw=4.4800 rel_err=0.1491 t=0.18s [538/980] ETA=0.26h
2026-08-16 21:18:31 FIT model.layers.15.self_attn.v_proj.weight :: awq_p2.0 bpw=4.9600 rel_err=0.1432 t=0.35s [539/980] ETA=0.26h
2026-08-16 21:18:31 FIT model.layers.15.self_attn.v_proj.weight :: rtn4 bpw=4.5000 rel_err=0.1036 t=0.00s [540/980] ETA=0.26h
2026-08-16 21:18:36 FIT model.layers.15.self_attn.o_proj.weight :: seed_only bpw=4.0000 rel_err=0.1545 t=4.64s [541/980] ETA=0.26h
2026-08-16 21:18:36 FIT model.layers.15.self_attn.o_proj.weight :: awq_p0.5 bpw=4.2400 rel_err=0.1522 t=0.17s [542/980] ETA=0.26h
2026-08-16 21:18:36 FIT model.layers.15.self_attn.o_proj.weight :: awq_p1.0 bpw=4.4800 rel_err=0.1507 t=0.32s [543/980] ETA=0.26h
2026-08-16 21:18:37 FIT model.layers.15.self_attn.o_proj.weight :: awq_p2.0 bpw=4.9600 rel_err=0.1476 t=0.60s [544/980] ETA=0.26h
2026-08-16 21:18:37 FIT model.layers.15.self_attn.o_proj.weight :: rtn4 bpw=4.5000 rel_err=0.0986 t=0.00s [545/980] ETA=0.26h
2026-08-16 21:18:52 FIT model.layers.15.mlp.gate_proj.weight :: seed_only bpw=4.0000 rel_err=0.1552 t=13.90s [546/980] ETA=0.26h
2026-08-16 21:18:52 FIT model.layers.15.mlp.gate_proj.weight :: awq_p0.5 bpw=4.2400 rel_err=0.1521 t=0.54s [547/980] ETA=0.26h
2026-08-16 21:18:54 FIT model.layers.15.mlp.gate_proj.weight :: awq_p1.0 bpw=4.4800 rel_err=0.1486 t=1.04s [548/980] ETA=0.26h
2026-08-16 21:18:56 FIT model.layers.15.mlp.gate_proj.weight :: awq_p2.0 bpw=4.9600 rel_err=0.1421 t=1.98s [549/980] ETA=0.26h
2026-08-16 21:18:56 FIT model.layers.15.mlp.gate_proj.weight :: rtn4 bpw=4.5000 rel_err=0.1019 t=0.00s [550/980] ETA=0.26h
2026-08-16 21:19:10 FIT model.layers.15.mlp.up_proj.weight :: seed_only bpw=4.0000 rel_err=0.1551 t=13.90s [551/980] ETA=0.26h
2026-08-16 21:19:11 FIT model.layers.15.mlp.up_proj.weight :: awq_p0.5 bpw=4.2400 rel_err=0.1524 t=0.54s [552/980] ETA=0.26h
2026-08-16 21:19:12 FIT model.layers.15.mlp.up_proj.weight :: awq_p1.0 bpw=4.4800 rel_err=0.1491 t=1.06s [553/980] ETA=0.26h
2026-08-16 21:19:15 FIT model.layers.15.mlp.up_proj.weight :: awq_p2.0 bpw=4.9600 rel_err=0.1432 t=2.02s [554/980] ETA=0.26h
2026-08-16 21:19:15 FIT model.layers.15.mlp.up_proj.weight :: rtn4 bpw=4.5000 rel_err=0.1008 t=0.00s [555/980] ETA=0.25h
2026-08-16 21:19:29 FIT model.layers.15.mlp.down_proj.weight :: seed_only bpw=4.0000 rel_err=0.1559 t=13.90s [556/980] ETA=0.26h
2026-08-16 21:19:30 FIT model.layers.15.mlp.down_proj.weight :: awq_p0.5 bpw=4.2400 rel_err=0.1538 t=0.55s [557/980] ETA=0.26h
2026-08-16 21:19:31 FIT model.layers.15.mlp.down_proj.weight :: awq_p1.0 bpw=4.4800 rel_err=0.1521 t=1.07s [558/980] ETA=0.25h
2026-08-16 21:19:33 FIT model.layers.15.mlp.down_proj.weight :: awq_p2.0 bpw=4.9600 rel_err=0.1489 t=2.06s [559/980] ETA=0.25h
2026-08-16 21:19:33 FIT model.layers.15.mlp.down_proj.weight :: rtn4 bpw=4.5000 rel_err=0.1033 t=0.00s [560/980] ETA=0.25h
2026-08-16 21:19:38 FIT model.layers.16.self_attn.q_proj.weight :: seed_only bpw=4.0000 rel_err=0.1549 t=4.64s [561/980] ETA=0.25h
2026-08-16 21:19:39 FIT model.layers.16.self_attn.q_proj.weight :: awq_p0.5 bpw=4.2400 rel_err=0.1506 t=0.18s [562/980] ETA=0.25h
2026-08-16 21:19:39 FIT model.layers.16.self_attn.q_proj.weight :: awq_p1.0 bpw=4.4800 rel_err=0.1448 t=0.34s [563/980] ETA=0.25h
2026-08-16 21:19:40 FIT model.layers.16.self_attn.q_proj.weight :: awq_p2.0 bpw=4.9600 rel_err=0.1355 t=0.59s [564/980] ETA=0.25h
2026-08-16 21:19:40 FIT model.layers.16.self_attn.q_proj.weight :: rtn4 bpw=4.5000 rel_err=0.1008 t=0.00s [565/980] ETA=0.25h
2026-08-16 21:19:42 FIT model.layers.16.self_attn.k_proj.weight :: seed_only bpw=4.0000 rel_err=0.1556 t=2.32s [566/980] ETA=0.25h
2026-08-16 21:19:43 FIT model.layers.16.self_attn.k_proj.weight :: awq_p0.5 bpw=4.2400 rel_err=0.1505 t=0.10s [567/980] ETA=0.25h
2026-08-16 21:19:43 FIT model.layers.16.self_attn.k_proj.weight :: awq_p1.0 bpw=4.4800 rel_err=0.1469 t=0.18s [568/980] ETA=0.25h
2026-08-16 21:19:43 FIT model.layers.16.self_attn.k_proj.weight :: awq_p2.0 bpw=4.9600 rel_err=0.1400 t=0.33s [569/980] ETA=0.25h
2026-08-16 21:19:43 FIT model.layers.16.self_attn.k_proj.weight :: rtn4 bpw=4.5000 rel_err=0.1031 t=0.00s [570/980] ETA=0.24h
2026-08-16 21:19:46 FIT model.layers.16.self_attn.v_proj.weight :: seed_only bpw=4.0000 rel_err=0.1558 t=2.32s [571/980] ETA=0.24h
2026-08-16 21:19:46 FIT model.layers.16.self_attn.v_proj.weight :: awq_p0.5 bpw=4.2400 rel_err=0.1539 t=0.10s [572/980] ETA=0.24h
2026-08-16 21:19:46 FIT model.layers.16.self_attn.v_proj.weight :: awq_p1.0 bpw=4.4800 rel_err=0.1511 t=0.18s [573/980] ETA=0.24h
2026-08-16 21:19:47 FIT model.layers.16.self_attn.v_proj.weight :: awq_p2.0 bpw=4.9600 rel_err=0.1455 t=0.35s [574/980] ETA=0.24h
2026-08-16 21:19:47 FIT model.layers.16.self_attn.v_proj.weight :: rtn4 bpw=4.5000 rel_err=0.1016 t=0.00s [575/980] ETA=0.24h
2026-08-16 21:19:52 FIT model.layers.16.self_attn.o_proj.weight :: seed_only bpw=4.0000 rel_err=0.1544 t=4.64s [576/980] ETA=0.24h
2026-08-16 21:19:52 FIT model.layers.16.self_attn.o_proj.weight :: awq_p0.5 bpw=4.2400 rel_err=0.1524 t=0.18s [577/980] ETA=0.24h
2026-08-16 21:19:52 FIT model.layers.16.self_attn.o_proj.weight :: awq_p1.0 bpw=4.4800 rel_err=0.1503 t=0.35s [578/980] ETA=0.24h
2026-08-16 21:19:53 FIT model.layers.16.self_attn.o_proj.weight :: awq_p2.0 bpw=4.9600 rel_err=0.1464 t=0.64s [579/980] ETA=0.24h
2026-08-16 21:19:53 FIT model.layers.16.self_attn.o_proj.weight :: rtn4 bpw=4.5000 rel_err=0.0984 t=0.00s [580/980] ETA=0.24h
2026-08-16 21:20:08 FIT model.layers.16.mlp.gate_proj.weight :: seed_only bpw=4.0000 rel_err=0.1556 t=13.90s [581/980] ETA=0.24h
2026-08-16 21:20:08 FIT model.layers.16.mlp.gate_proj.weight :: awq_p0.5 bpw=4.2400 rel_err=0.1523 t=0.54s [582/980] ETA=0.24h
2026-08-16 21:20:10 FIT model.layers.16.mlp.gate_proj.weight :: awq_p1.0 bpw=4.4800 rel_err=0.1492 t=1.04s [583/980] ETA=0.24h
2026-08-16 21:20:12 FIT model.layers.16.mlp.gate_proj.weight :: awq_p2.0 bpw=4.9600 rel_err=0.1433 t=1.99s [584/980] ETA=0.24h
2026-08-16 21:20:12 FIT model.layers.16.mlp.gate_proj.weight :: rtn4 bpw=4.5000 rel_err=0.1026 t=0.00s [585/980] ETA=0.23h
2026-08-16 21:20:26 FIT model.layers.16.mlp.up_proj.weight :: seed_only bpw=4.0000 rel_err=0.1555 t=13.90s [586/980] ETA=0.24h
2026-08-16 21:20:27 FIT model.layers.16.mlp.up_proj.weight :: awq_p0.5 bpw=4.2400 rel_err=0.1526 t=0.54s [587/980] ETA=0.24h
2026-08-16 21:20:28 FIT model.layers.16.mlp.up_proj.weight :: awq_p1.0 bpw=4.4800 rel_err=0.1496 t=1.06s [588/980] ETA=0.23h
2026-08-16 21:20:31 FIT model.layers.16.mlp.up_proj.weight :: awq_p2.0 bpw=4.9600 rel_err=0.1438 t=2.03s [589/980] ETA=0.23h
2026-08-16 21:20:31 FIT model.layers.16.mlp.up_proj.weight :: rtn4 bpw=4.5000 rel_err=0.1024 t=0.00s [590/980] ETA=0.23h
2026-08-16 21:20:45 FIT model.layers.16.mlp.down_proj.weight :: seed_only bpw=4.0000 rel_err=0.1562 t=13.90s [591/980] ETA=0.24h
2026-08-16 21:20:46 FIT model.layers.16.mlp.down_proj.weight :: awq_p0.5 bpw=4.2400 rel_err=0.1526 t=0.55s [592/980] ETA=0.23h
2026-08-16 21:20:47 FIT model.layers.16.mlp.down_proj.weight :: awq_p1.0 bpw=4.4800 rel_err=0.1513 t=1.07s [593/980] ETA=0.23h
2026-08-16 21:20:50 FIT model.layers.16.mlp.down_proj.weight :: awq_p2.0 bpw=4.9600 rel_err=0.1487 t=2.08s [594/980] ETA=0.23h
2026-08-16 21:20:50 FIT model.layers.16.mlp.down_proj.weight :: rtn4 bpw=4.5000 rel_err=0.1062 t=0.00s [595/980] ETA=0.23h
2026-08-16 21:20:55 FIT model.layers.17.self_attn.q_proj.weight :: seed_only bpw=4.0000 rel_err=0.1553 t=4.64s [596/980] ETA=0.23h
2026-08-16 21:20:55 FIT model.layers.17.self_attn.q_proj.weight :: awq_p0.5 bpw=4.2400 rel_err=0.1520 t=0.18s [597/980] ETA=0.23h
2026-08-16 21:20:55 FIT model.layers.17.self_attn.q_proj.weight :: awq_p1.0 bpw=4.4800 rel_err=0.1470 t=0.34s [598/980] ETA=0.23h
2026-08-16 21:20:56 FIT model.layers.17.self_attn.q_proj.weight :: awq_p2.0 bpw=4.9600 rel_err=0.1390 t=0.60s [599/980] ETA=0.23h
2026-08-16 21:20:56 FIT model.layers.17.self_attn.q_proj.weight :: rtn4 bpw=4.5000 rel_err=0.1012 t=0.00s [600/980] ETA=0.23h
2026-08-16 21:20:59 FIT model.layers.17.self_attn.k_proj.weight :: seed_only bpw=4.0000 rel_err=0.1547 t=2.32s [601/980] ETA=0.23h
2026-08-16 21:20:59 FIT model.layers.17.self_attn.k_proj.weight :: awq_p0.5 bpw=4.2400 rel_err=0.1520 t=0.10s [602/980] ETA=0.23h
2026-08-16 21:20:59 FIT model.layers.17.self_attn.k_proj.weight :: awq_p1.0 bpw=4.4800 rel_err=0.1502 t=0.18s [603/980] ETA=0.23h
2026-08-16 21:20:59 FIT model.layers.17.self_attn.k_proj.weight :: awq_p2.0 bpw=4.9600 rel_err=0.1448 t=0.34s [604/980] ETA=0.22h
2026-08-16 21:20:59 FIT model.layers.17.self_attn.k_proj.weight :: rtn4 bpw=4.5000 rel_err=0.1003 t=0.00s [605/980] ETA=0.22h
2026-08-16 21:21:02 FIT model.layers.17.self_attn.v_proj.weight :: seed_only bpw=4.0000 rel_err=0.1559 t=2.32s [606/980] ETA=0.22h
2026-08-16 21:21:02 FIT model.layers.17.self_attn.v_proj.weight :: awq_p0.5 bpw=4.2400 rel_err=0.1530 t=0.10s [607/980] ETA=0.22h
2026-08-16 21:21:02 FIT model.layers.17.self_attn.v_proj.weight :: awq_p1.0 bpw=4.4800 rel_err=0.1497 t=0.18s [608/980] ETA=0.22h
2026-08-16 21:21:03 FIT model.layers.17.self_attn.v_proj.weight :: awq_p2.0 bpw=4.9600 rel_err=0.1438 t=0.34s [609/980] ETA=0.22h
2026-08-16 21:21:03 FIT model.layers.17.self_attn.v_proj.weight :: rtn4 bpw=4.5000 rel_err=0.1020 t=0.00s [610/980] ETA=0.22h
2026-08-16 21:21:08 FIT model.layers.17.self_attn.o_proj.weight :: seed_only bpw=4.0000 rel_err=0.1546 t=4.64s [611/980] ETA=0.22h
2026-08-16 21:21:08 FIT model.layers.17.self_attn.o_proj.weight :: awq_p0.5 bpw=4.2400 rel_err=0.1510 t=0.17s [612/980] ETA=0.22h
2026-08-16 21:21:08 FIT model.layers.17.self_attn.o_proj.weight :: awq_p1.0 bpw=4.4800 rel_err=0.1486 t=0.32s [613/980] ETA=0.22h
2026-08-16 21:21:09 FIT model.layers.17.self_attn.o_proj.weight :: awq_p2.0 bpw=4.9600 rel_err=0.1445 t=0.60s [614/980] ETA=0.22h
2026-08-16 21:21:09 FIT model.layers.17.self_attn.o_proj.weight :: rtn4 bpw=4.5000 rel_err=0.0987 t=0.00s [615/980] ETA=0.22h
2026-08-16 21:21:23 FIT model.layers.17.mlp.gate_proj.weight :: seed_only bpw=4.0000 rel_err=0.1553 t=13.90s [616/980] ETA=0.22h
2026-08-16 21:21:24 FIT model.layers.17.mlp.gate_proj.weight :: awq_p0.5 bpw=4.2400 rel_err=0.1517 t=0.54s [617/980] ETA=0.22h
2026-08-16 21:21:25 FIT model.layers.17.mlp.gate_proj.weight :: awq_p1.0 bpw=4.4800 rel_err=0.1488 t=1.05s [618/980] ETA=0.22h
2026-08-16 21:21:28 FIT model.layers.17.mlp.gate_proj.weight :: awq_p2.0 bpw=4.9600 rel_err=0.1433 t=2.01s [619/980] ETA=0.22h
2026-08-16 21:21:28 FIT model.layers.17.mlp.gate_proj.weight :: rtn4 bpw=4.5000 rel_err=0.1030 t=0.00s [620/980] ETA=0.21h
2026-08-16 21:21:42 FIT model.layers.17.mlp.up_proj.weight :: seed_only bpw=4.0000 rel_err=0.1551 t=13.90s [621/980] ETA=0.22h
2026-08-16 21:21:43 FIT model.layers.17.mlp.up_proj.weight :: awq_p0.5 bpw=4.2400 rel_err=0.1528 t=0.54s [622/980] ETA=0.21h
2026-08-16 21:21:44 FIT model.layers.17.mlp.up_proj.weight :: awq_p1.0 bpw=4.4800 rel_err=0.1501 t=1.06s [623/980] ETA=0.21h
2026-08-16 21:21:46 FIT model.layers.17.mlp.up_proj.weight :: awq_p2.0 bpw=4.9600 rel_err=0.1446 t=2.04s [624/980] ETA=0.21h
2026-08-16 21:21:46 FIT model.layers.17.mlp.up_proj.weight :: rtn4 bpw=4.5000 rel_err=0.1006 t=0.00s [625/980] ETA=0.21h
2026-08-16 21:22:01 FIT model.layers.17.mlp.down_proj.weight :: seed_only bpw=4.0000 rel_err=0.1556 t=13.90s [626/980] ETA=0.21h
2026-08-16 21:22:01 FIT model.layers.17.mlp.down_proj.weight :: awq_p0.5 bpw=4.2400 rel_err=0.1536 t=0.55s [627/980] ETA=0.21h
2026-08-16 21:22:03 FIT model.layers.17.mlp.down_proj.weight :: awq_p1.0 bpw=4.4800 rel_err=0.1522 t=1.07s [628/980] ETA=0.21h
2026-08-16 21:22:05 FIT model.layers.17.mlp.down_proj.weight :: awq_p2.0 bpw=4.9600 rel_err=0.1494 t=2.06s [629/980] ETA=0.21h
2026-08-16 21:22:05 FIT model.layers.17.mlp.down_proj.weight :: rtn4 bpw=4.5000 rel_err=0.1025 t=0.00s [630/980] ETA=0.21h
2026-08-16 21:22:10 FIT model.layers.18.self_attn.q_proj.weight :: seed_only bpw=4.0000 rel_err=0.1552 t=4.64s [631/980] ETA=0.21h
2026-08-16 21:22:10 FIT model.layers.18.self_attn.q_proj.weight :: awq_p0.5 bpw=4.2400 rel_err=0.1520 t=0.18s [632/980] ETA=0.21h
2026-08-16 21:22:11 FIT model.layers.18.self_attn.q_proj.weight :: awq_p1.0 bpw=4.4800 rel_err=0.1472 t=0.34s [633/980] ETA=0.21h
2026-08-16 21:22:12 FIT model.layers.18.self_attn.q_proj.weight :: awq_p2.0 bpw=4.9600 rel_err=0.1390 t=0.59s [634/980] ETA=0.21h
2026-08-16 21:22:12 FIT model.layers.18.self_attn.q_proj.weight :: rtn4 bpw=4.5000 rel_err=0.1002 t=0.00s [635/980] ETA=0.21h
2026-08-16 21:22:14 FIT model.layers.18.self_attn.k_proj.weight :: seed_only bpw=4.0000 rel_err=0.1551 t=2.32s [636/980] ETA=0.21h
2026-08-16 21:22:14 FIT model.layers.18.self_attn.k_proj.weight :: awq_p0.5 bpw=4.2400 rel_err=0.1525 t=0.10s [637/980] ETA=0.21h
2026-08-16 21:22:15 FIT model.layers.18.self_attn.k_proj.weight :: awq_p1.0 bpw=4.4800 rel_err=0.1504 t=0.18s [638/980] ETA=0.20h
2026-08-16 21:22:15 FIT model.layers.18.self_attn.k_proj.weight :: awq_p2.0 bpw=4.9600 rel_err=0.1451 t=0.34s [639/980] ETA=0.20h
2026-08-16 21:22:15 FIT model.layers.18.self_attn.k_proj.weight :: rtn4 bpw=4.5000 rel_err=0.1010 t=0.00s [640/980] ETA=0.20h
2026-08-16 21:22:18 FIT model.layers.18.self_attn.v_proj.weight :: seed_only bpw=4.0000 rel_err=0.1558 t=2.32s [641/980] ETA=0.20h
2026-08-16 21:22:18 FIT model.layers.18.self_attn.v_proj.weight :: awq_p0.5 bpw=4.2400 rel_err=0.1539 t=0.10s [642/980] ETA=0.20h
2026-08-16 21:22:18 FIT model.layers.18.self_attn.v_proj.weight :: awq_p1.0 bpw=4.4800 rel_err=0.1518 t=0.18s [643/980] ETA=0.20h
2026-08-16 21:22:18 FIT model.layers.18.self_attn.v_proj.weight :: awq_p2.0 bpw=4.9600 rel_err=0.1473 t=0.35s [644/980] ETA=0.20h
2026-08-16 21:22:18 FIT model.layers.18.self_attn.v_proj.weight :: rtn4 bpw=4.5000 rel_err=0.1021 t=0.00s [645/980] ETA=0.20h
2026-08-16 21:22:23 FIT model.layers.18.self_attn.o_proj.weight :: seed_only bpw=4.0000 rel_err=0.1545 t=4.64s [646/980] ETA=0.20h
2026-08-16 21:22:24 FIT model.layers.18.self_attn.o_proj.weight :: awq_p0.5 bpw=4.2400 rel_err=0.1514 t=0.18s [647/980] ETA=0.20h
2026-08-16 21:22:24 FIT model.layers.18.self_attn.o_proj.weight :: awq_p1.0 bpw=4.4800 rel_err=0.1492 t=0.34s [648/980] ETA=0.20h
2026-08-16 21:22:25 FIT model.layers.18.self_attn.o_proj.weight :: awq_p2.0 bpw=4.9600 rel_err=0.1452 t=0.64s [649/980] ETA=0.20h
2026-08-16 21:22:25 FIT model.layers.18.self_attn.o_proj.weight :: rtn4 bpw=4.5000 rel_err=0.0987 t=0.00s [650/980] ETA=0.20h
2026-08-16 21:22:39 FIT model.layers.18.mlp.gate_proj.weight :: seed_only bpw=4.0000 rel_err=0.1553 t=13.90s [651/980] ETA=0.20h
2026-08-16 21:22:40 FIT model.layers.18.mlp.gate_proj.weight :: awq_p0.5 bpw=4.2400 rel_err=0.1516 t=0.54s [652/980] ETA=0.20h
2026-08-16 21:22:41 FIT model.layers.18.mlp.gate_proj.weight :: awq_p1.0 bpw=4.4800 rel_err=0.1486 t=1.05s [653/980] ETA=0.19h
2026-08-16 21:22:44 FIT model.layers.18.mlp.gate_proj.weight :: awq_p2.0 bpw=4.9600 rel_err=0.1428 t=2.01s [654/980] ETA=0.19h
2026-08-16 21:22:44 FIT model.layers.18.mlp.gate_proj.weight :: rtn4 bpw=4.5000 rel_err=0.1031 t=0.00s [655/980] ETA=0.19h
2026-08-16 21:22:58 FIT model.layers.18.mlp.up_proj.weight :: seed_only bpw=4.0000 rel_err=0.1551 t=13.90s [656/980] ETA=0.19h
2026-08-16 21:22:59 FIT model.layers.18.mlp.up_proj.weight :: awq_p0.5 bpw=4.2400 rel_err=0.1525 t=0.55s [657/980] ETA=0.19h
2026-08-16 21:23:00 FIT model.layers.18.mlp.up_proj.weight :: awq_p1.0 bpw=4.4800 rel_err=0.1496 t=1.06s [658/980] ETA=0.19h
2026-08-16 21:23:02 FIT model.layers.18.mlp.up_proj.weight :: awq_p2.0 bpw=4.9600 rel_err=0.1441 t=2.03s [659/980] ETA=0.19h
2026-08-16 21:23:03 FIT model.layers.18.mlp.up_proj.weight :: rtn4 bpw=4.5000 rel_err=0.1009 t=0.00s [660/980] ETA=0.19h
2026-08-16 21:23:17 FIT model.layers.18.mlp.down_proj.weight :: seed_only bpw=4.0000 rel_err=0.1555 t=13.90s [661/980] ETA=0.19h
2026-08-16 21:23:18 FIT model.layers.18.mlp.down_proj.weight :: awq_p0.5 bpw=4.2400 rel_err=0.1536 t=0.55s [662/980] ETA=0.19h
2026-08-16 21:23:19 FIT model.layers.18.mlp.down_proj.weight :: awq_p1.0 bpw=4.4800 rel_err=0.1522 t=1.08s [663/980] ETA=0.19h
2026-08-16 21:23:21 FIT model.layers.18.mlp.down_proj.weight :: awq_p2.0 bpw=4.9600 rel_err=0.1494 t=2.07s [664/980] ETA=0.19h
2026-08-16 21:23:21 FIT model.layers.18.mlp.down_proj.weight :: rtn4 bpw=4.5000 rel_err=0.1025 t=0.00s [665/980] ETA=0.19h
2026-08-16 21:23:26 FIT model.layers.19.self_attn.q_proj.weight :: seed_only bpw=4.0000 rel_err=0.1552 t=4.64s [666/980] ETA=0.19h
2026-08-16 21:23:26 FIT model.layers.19.self_attn.q_proj.weight :: awq_p0.5 bpw=4.2400 rel_err=0.1516 t=0.18s [667/980] ETA=0.19h
2026-08-16 21:23:27 FIT model.layers.19.self_attn.q_proj.weight :: awq_p1.0 bpw=4.4800 rel_err=0.1460 t=0.34s [668/980] ETA=0.19h
2026-08-16 21:23:27 FIT model.layers.19.self_attn.q_proj.weight :: awq_p2.0 bpw=4.9600 rel_err=0.1364 t=0.59s [669/980] ETA=0.19h
2026-08-16 21:23:27 FIT model.layers.19.self_attn.q_proj.weight :: rtn4 bpw=4.5000 rel_err=0.1003 t=0.00s [670/980] ETA=0.19h
2026-08-16 21:23:30 FIT model.layers.19.self_attn.k_proj.weight :: seed_only bpw=4.0000 rel_err=0.1552 t=2.32s [671/980] ETA=0.19h
2026-08-16 21:23:30 FIT model.layers.19.self_attn.k_proj.weight :: awq_p0.5 bpw=4.2400 rel_err=0.1523 t=0.10s [672/980] ETA=0.18h
2026-08-16 21:23:30 FIT model.layers.19.self_attn.k_proj.weight :: awq_p1.0 bpw=4.4800 rel_err=0.1504 t=0.18s [673/980] ETA=0.18h
2026-08-16 21:23:31 FIT model.layers.19.self_attn.k_proj.weight :: awq_p2.0 bpw=4.9600 rel_err=0.1454 t=0.34s [674/980] ETA=0.18h
2026-08-16 21:23:31 FIT model.layers.19.self_attn.k_proj.weight :: rtn4 bpw=4.5000 rel_err=0.1013 t=0.00s [675/980] ETA=0.18h
2026-08-16 21:23:33 FIT model.layers.19.self_attn.v_proj.weight :: seed_only bpw=4.0000 rel_err=0.1566 t=2.32s [676/980] ETA=0.18h
2026-08-16 21:23:34 FIT model.layers.19.self_attn.v_proj.weight :: awq_p0.5 bpw=4.2400 rel_err=0.1531 t=0.10s [677/980] ETA=0.18h
2026-08-16 21:23:34 FIT model.layers.19.self_attn.v_proj.weight :: awq_p1.0 bpw=4.4800 rel_err=0.1499 t=0.18s [678/980] ETA=0.18h
2026-08-16 21:23:34 FIT model.layers.19.self_attn.v_proj.weight :: awq_p2.0 bpw=4.9600 rel_err=0.1443 t=0.35s [679/980] ETA=0.18h
2026-08-16 21:23:34 FIT model.layers.19.self_attn.v_proj.weight :: rtn4 bpw=4.5000 rel_err=0.1064 t=0.00s [680/980] ETA=0.18h
2026-08-16 21:23:39 FIT model.layers.19.self_attn.o_proj.weight :: seed_only bpw=4.0000 rel_err=0.1547 t=4.64s [681/980] ETA=0.18h
2026-08-16 21:23:39 FIT model.layers.19.self_attn.o_proj.weight :: awq_p0.5 bpw=4.2400 rel_err=0.1517 t=0.17s [682/980] ETA=0.18h
2026-08-16 21:23:40 FIT model.layers.19.self_attn.o_proj.weight :: awq_p1.0 bpw=4.4800 rel_err=0.1497 t=0.32s [683/980] ETA=0.18h
2026-08-16 21:23:40 FIT model.layers.19.self_attn.o_proj.weight :: awq_p2.0 bpw=4.9600 rel_err=0.1461 t=0.58s [684/980] ETA=0.18h
2026-08-16 21:23:41 FIT model.layers.19.self_attn.o_proj.weight :: rtn4 bpw=4.5000 rel_err=0.0987 t=0.00s [685/980] ETA=0.17h
2026-08-16 21:23:55 FIT model.layers.19.mlp.gate_proj.weight :: seed_only bpw=4.0000 rel_err=0.1556 t=13.90s [686/980] ETA=0.18h
2026-08-16 21:23:56 FIT model.layers.19.mlp.gate_proj.weight :: awq_p0.5 bpw=4.2400 rel_err=0.1512 t=0.54s [687/980] ETA=0.17h
2026-08-16 21:23:57 FIT model.layers.19.mlp.gate_proj.weight :: awq_p1.0 bpw=4.4800 rel_err=0.1481 t=1.05s [688/980] ETA=0.17h
2026-08-16 21:23:59 FIT model.layers.19.mlp.gate_proj.weight :: awq_p2.0 bpw=4.9600 rel_err=0.1426 t=2.00s [689/980] ETA=0.17h
2026-08-16 21:23:59 FIT model.layers.19.mlp.gate_proj.weight :: rtn4 bpw=4.5000 rel_err=0.1036 t=0.00s [690/980] ETA=0.17h
2026-08-16 21:24:14 FIT model.layers.19.mlp.up_proj.weight :: seed_only bpw=4.0000 rel_err=0.1552 t=13.90s [691/980] ETA=0.17h
2026-08-16 21:24:14 FIT model.layers.19.mlp.up_proj.weight :: awq_p0.5 bpw=4.2400 rel_err=0.1521 t=0.54s [692/980] ETA=0.17h
2026-08-16 21:24:15 FIT model.layers.19.mlp.up_proj.weight :: awq_p1.0 bpw=4.4800 rel_err=0.1492 t=1.06s [693/980] ETA=0.17h
2026-08-16 21:24:17 FIT model.layers.19.mlp.up_proj.weight :: awq_p2.0 bpw=4.9600 rel_err=0.1437 t=2.03s [694/980] ETA=0.17h
2026-08-16 21:24:18 FIT model.layers.19.mlp.up_proj.weight :: rtn4 bpw=4.5000 rel_err=0.1016 t=0.00s [695/980] ETA=0.17h
2026-08-16 21:24:32 FIT model.layers.19.mlp.down_proj.weight :: seed_only bpw=4.0000 rel_err=0.1556 t=13.90s [696/980] ETA=0.17h
2026-08-16 21:24:33 FIT model.layers.19.mlp.down_proj.weight :: awq_p0.5 bpw=4.2400 rel_err=0.1535 t=0.55s [697/980] ETA=0.17h
2026-08-16 21:24:34 FIT model.layers.19.mlp.down_proj.weight :: awq_p1.0 bpw=4.4800 rel_err=0.1522 t=1.08s [698/980] ETA=0.17h
2026-08-16 21:24:36 FIT model.layers.19.mlp.down_proj.weight :: awq_p2.0 bpw=4.9600 rel_err=0.1496 t=2.08s [699/980] ETA=0.17h
2026-08-16 21:24:36 FIT model.layers.19.mlp.down_proj.weight :: rtn4 bpw=4.5000 rel_err=0.1035 t=0.00s [700/980] ETA=0.17h
2026-08-16 21:24:41 FIT model.layers.20.self_attn.q_proj.weight :: seed_only bpw=4.0000 rel_err=0.1558 t=4.64s [701/980] ETA=0.17h
2026-08-16 21:24:41 FIT model.layers.20.self_attn.q_proj.weight :: awq_p0.5 bpw=4.2400 rel_err=0.1523 t=0.18s [702/980] ETA=0.17h
2026-08-16 21:24:42 FIT model.layers.20.self_attn.q_proj.weight :: awq_p1.0 bpw=4.4800 rel_err=0.1473 t=0.34s [703/980] ETA=0.17h
2026-08-16 21:24:42 FIT model.layers.20.self_attn.q_proj.weight :: awq_p2.0 bpw=4.9600 rel_err=0.1383 t=0.59s [704/980] ETA=0.17h
2026-08-16 21:24:42 FIT model.layers.20.self_attn.q_proj.weight :: rtn4 bpw=4.5000 rel_err=0.1018 t=0.00s [705/980] ETA=0.16h
2026-08-16 21:24:45 FIT model.layers.20.self_attn.k_proj.weight :: seed_only bpw=4.0000 rel_err=0.1557 t=2.32s [706/980] ETA=0.16h
2026-08-16 21:24:45 FIT model.layers.20.self_attn.k_proj.weight :: awq_p0.5 bpw=4.2400 rel_err=0.1522 t=0.10s [707/980] ETA=0.16h
2026-08-16 21:24:45 FIT model.layers.20.self_attn.k_proj.weight :: awq_p1.0 bpw=4.4800 rel_err=0.1501 t=0.18s [708/980] ETA=0.16h
2026-08-16 21:24:46 FIT model.layers.20.self_attn.k_proj.weight :: awq_p2.0 bpw=4.9600 rel_err=0.1458 t=0.34s [709/980] ETA=0.16h
2026-08-16 21:24:46 FIT model.layers.20.self_attn.k_proj.weight :: rtn4 bpw=4.5000 rel_err=0.1027 t=0.00s [710/980] ETA=0.16h
2026-08-16 21:24:48 FIT model.layers.20.self_attn.v_proj.weight :: seed_only bpw=4.0000 rel_err=0.1570 t=2.32s [711/980] ETA=0.16h
2026-08-16 21:24:48 FIT model.layers.20.self_attn.v_proj.weight :: awq_p0.5 bpw=4.2400 rel_err=0.1521 t=0.10s [712/980] ETA=0.16h
2026-08-16 21:24:49 FIT model.layers.20.self_attn.v_proj.weight :: awq_p1.0 bpw=4.4800 rel_err=0.1488 t=0.18s [713/980] ETA=0.16h
2026-08-16 21:24:49 FIT model.layers.20.self_attn.v_proj.weight :: awq_p2.0 bpw=4.9600 rel_err=0.1436 t=0.35s [714/980] ETA=0.16h
2026-08-16 21:24:49 FIT model.layers.20.self_attn.v_proj.weight :: rtn4 bpw=4.5000 rel_err=0.1073 t=0.00s [715/980] ETA=0.16h
2026-08-16 21:24:54 FIT model.layers.20.self_attn.o_proj.weight :: seed_only bpw=4.0000 rel_err=0.1545 t=4.64s [716/980] ETA=0.16h
2026-08-16 21:24:54 FIT model.layers.20.self_attn.o_proj.weight :: awq_p0.5 bpw=4.2400 rel_err=0.1511 t=0.17s [717/980] ETA=0.16h
2026-08-16 21:24:55 FIT model.layers.20.self_attn.o_proj.weight :: awq_p1.0 bpw=4.4800 rel_err=0.1489 t=0.34s [718/980] ETA=0.16h
2026-08-16 21:24:56 FIT model.layers.20.self_attn.o_proj.weight :: awq_p2.0 bpw=4.9600 rel_err=0.1451 t=0.64s [719/980] ETA=0.15h
2026-08-16 21:24:56 FIT model.layers.20.self_attn.o_proj.weight :: rtn4 bpw=4.5000 rel_err=0.0988 t=0.00s [720/980] ETA=0.15h
2026-08-16 21:25:10 FIT model.layers.20.mlp.gate_proj.weight :: seed_only bpw=4.0000 rel_err=0.1552 t=13.90s [721/980] ETA=0.15h
2026-08-16 21:25:11 FIT model.layers.20.mlp.gate_proj.weight :: awq_p0.5 bpw=4.2400 rel_err=0.1514 t=0.55s [722/980] ETA=0.15h
2026-08-16 21:25:12 FIT model.layers.20.mlp.gate_proj.weight :: awq_p1.0 bpw=4.4800 rel_err=0.1485 t=1.06s [723/980] ETA=0.15h
2026-08-16 21:25:14 FIT model.layers.20.mlp.gate_proj.weight :: awq_p2.0 bpw=4.9600 rel_err=0.1430 t=2.02s [724/980] ETA=0.15h
2026-08-16 21:25:14 FIT model.layers.20.mlp.gate_proj.weight :: rtn4 bpw=4.5000 rel_err=0.1020 t=0.00s [725/980] ETA=0.15h
2026-08-16 21:25:29 FIT model.layers.20.mlp.up_proj.weight :: seed_only bpw=4.0000 rel_err=0.1549 t=13.90s [726/980] ETA=0.15h
2026-08-16 21:25:29 FIT model.layers.20.mlp.up_proj.weight :: awq_p0.5 bpw=4.2400 rel_err=0.1519 t=0.55s [727/980] ETA=0.15h
2026-08-16 21:25:30 FIT model.layers.20.mlp.up_proj.weight :: awq_p1.0 bpw=4.4800 rel_err=0.1492 t=1.06s [728/980] ETA=0.15h
2026-08-16 21:25:33 FIT model.layers.20.mlp.up_proj.weight :: awq_p2.0 bpw=4.9600 rel_err=0.1438 t=2.04s [729/980] ETA=0.15h
2026-08-16 21:25:33 FIT model.layers.20.mlp.up_proj.weight :: rtn4 bpw=4.5000 rel_err=0.1005 t=0.00s [730/980] ETA=0.15h
2026-08-16 21:25:47 FIT model.layers.20.mlp.down_proj.weight :: seed_only bpw=4.0000 rel_err=0.1553 t=13.90s [731/980] ETA=0.15h
2026-08-16 21:25:48 FIT model.layers.20.mlp.down_proj.weight :: awq_p0.5 bpw=4.2400 rel_err=0.1534 t=0.55s [732/980] ETA=0.15h
2026-08-16 21:25:49 FIT model.layers.20.mlp.down_proj.weight :: awq_p1.0 bpw=4.4800 rel_err=0.1520 t=1.07s [733/980] ETA=0.15h
2026-08-16 21:25:51 FIT model.layers.20.mlp.down_proj.weight :: awq_p2.0 bpw=4.9600 rel_err=0.1492 t=2.07s [734/980] ETA=0.15h
2026-08-16 21:25:51 FIT model.layers.20.mlp.down_proj.weight :: rtn4 bpw=4.5000 rel_err=0.1020 t=0.00s [735/980] ETA=0.15h
2026-08-16 21:25:56 FIT model.layers.21.self_attn.q_proj.weight :: seed_only bpw=4.0000 rel_err=0.1554 t=4.64s [736/980] ETA=0.15h
2026-08-16 21:25:56 FIT model.layers.21.self_attn.q_proj.weight :: awq_p0.5 bpw=4.2400 rel_err=0.1526 t=0.18s [737/980] ETA=0.15h
2026-08-16 21:25:57 FIT model.layers.21.self_attn.q_proj.weight :: awq_p1.0 bpw=4.4800 rel_err=0.1485 t=0.35s [738/980] ETA=0.15h
2026-08-16 21:25:57 FIT model.layers.21.self_attn.q_proj.weight :: awq_p2.0 bpw=4.9600 rel_err=0.1404 t=0.62s [739/980] ETA=0.14h
2026-08-16 21:25:58 FIT model.layers.21.self_attn.q_proj.weight :: rtn4 bpw=4.5000 rel_err=0.1004 t=0.00s [740/980] ETA=0.14h
2026-08-16 21:26:00 FIT model.layers.21.self_attn.k_proj.weight :: seed_only bpw=4.0000 rel_err=0.1553 t=2.32s [741/980] ETA=0.14h
2026-08-16 21:26:00 FIT model.layers.21.self_attn.k_proj.weight :: awq_p0.5 bpw=4.2400 rel_err=0.1525 t=0.10s [742/980] ETA=0.14h
2026-08-16 21:26:00 FIT model.layers.21.self_attn.k_proj.weight :: awq_p1.0 bpw=4.4800 rel_err=0.1504 t=0.18s [743/980] ETA=0.14h
2026-08-16 21:26:01 FIT model.layers.21.self_attn.k_proj.weight :: awq_p2.0 bpw=4.9600 rel_err=0.1453 t=0.34s [744/980] ETA=0.14h
2026-08-16 21:26:01 FIT model.layers.21.self_attn.k_proj.weight :: rtn4 bpw=4.5000 rel_err=0.1015 t=0.00s [745/980] ETA=0.14h
2026-08-16 21:26:03 FIT model.layers.21.self_attn.v_proj.weight :: seed_only bpw=4.0000 rel_err=0.1568 t=2.32s [746/980] ETA=0.14h
2026-08-16 21:26:04 FIT model.layers.21.self_attn.v_proj.weight :: awq_p0.5 bpw=4.2400 rel_err=0.1523 t=0.10s [747/980] ETA=0.14h
2026-08-16 21:26:04 FIT model.layers.21.self_attn.v_proj.weight :: awq_p1.0 bpw=4.4800 rel_err=0.1485 t=0.18s [748/980] ETA=0.14h
2026-08-16 21:26:04 FIT model.layers.21.self_attn.v_proj.weight :: awq_p2.0 bpw=4.9600 rel_err=0.1421 t=0.34s [749/980] ETA=0.14h
2026-08-16 21:26:04 FIT model.layers.21.self_attn.v_proj.weight :: rtn4 bpw=4.5000 rel_err=0.1051 t=0.00s [750/980] ETA=0.14h
2026-08-16 21:26:09 FIT model.layers.21.self_attn.o_proj.weight :: seed_only bpw=4.0000 rel_err=0.1545 t=4.64s [751/980] ETA=0.14h
2026-08-16 21:26:09 FIT model.layers.21.self_attn.o_proj.weight :: awq_p0.5 bpw=4.2400 rel_err=0.1519 t=0.16s [752/980] ETA=0.14h
2026-08-16 21:26:10 FIT model.layers.21.self_attn.o_proj.weight :: awq_p1.0 bpw=4.4800 rel_err=0.1498 t=0.30s [753/980] ETA=0.13h
2026-08-16 21:26:10 FIT model.layers.21.self_attn.o_proj.weight :: awq_p2.0 bpw=4.9600 rel_err=0.1457 t=0.54s [754/980] ETA=0.13h
2026-08-16 21:26:10 FIT model.layers.21.self_attn.o_proj.weight :: rtn4 bpw=4.5000 rel_err=0.0985 t=0.00s [755/980] ETA=0.13h
2026-08-16 21:26:25 FIT model.layers.21.mlp.gate_proj.weight :: seed_only bpw=4.0000 rel_err=0.1547 t=13.90s [756/980] ETA=0.13h
2026-08-16 21:26:25 FIT model.layers.21.mlp.gate_proj.weight :: awq_p0.5 bpw=4.2400 rel_err=0.1520 t=0.55s [757/980] ETA=0.13h
2026-08-16 21:26:26 FIT model.layers.21.mlp.gate_proj.weight :: awq_p1.0 bpw=4.4800 rel_err=0.1490 t=1.07s [758/980] ETA=0.13h
2026-08-16 21:26:29 FIT model.layers.21.mlp.gate_proj.weight :: awq_p2.0 bpw=4.9600 rel_err=0.1434 t=2.05s [759/980] ETA=0.13h
2026-08-16 21:26:29 FIT model.layers.21.mlp.gate_proj.weight :: rtn4 bpw=4.5000 rel_err=0.1003 t=0.00s [760/980] ETA=0.13h
2026-08-16 21:26:43 FIT model.layers.21.mlp.up_proj.weight :: seed_only bpw=4.0000 rel_err=0.1547 t=13.90s [761/980] ETA=0.13h
2026-08-16 21:26:44 FIT model.layers.21.mlp.up_proj.weight :: awq_p0.5 bpw=4.2400 rel_err=0.1519 t=0.55s [762/980] ETA=0.13h
2026-08-16 21:26:45 FIT model.layers.21.mlp.up_proj.weight :: awq_p1.0 bpw=4.4800 rel_err=0.1490 t=1.07s [763/980] ETA=0.13h
2026-08-16 21:26:47 FIT model.layers.21.mlp.up_proj.weight :: awq_p2.0 bpw=4.9600 rel_err=0.1435 t=2.06s [764/980] ETA=0.13h
2026-08-16 21:26:47 FIT model.layers.21.mlp.up_proj.weight :: rtn4 bpw=4.5000 rel_err=0.0998 t=0.00s [765/980] ETA=0.13h
2026-08-16 21:27:02 FIT model.layers.21.mlp.down_proj.weight :: seed_only bpw=4.0000 rel_err=0.1549 t=13.90s [766/980] ETA=0.13h
2026-08-16 21:27:02 FIT model.layers.21.mlp.down_proj.weight :: awq_p0.5 bpw=4.2400 rel_err=0.1533 t=0.55s [767/980] ETA=0.13h
2026-08-16 21:27:04 FIT model.layers.21.mlp.down_proj.weight :: awq_p1.0 bpw=4.4800 rel_err=0.1521 t=1.07s [768/980] ETA=0.13h
2026-08-16 21:27:06 FIT model.layers.21.mlp.down_proj.weight :: awq_p2.0 bpw=4.9600 rel_err=0.1496 t=2.05s [769/980] ETA=0.13h
2026-08-16 21:27:06 FIT model.layers.21.mlp.down_proj.weight :: rtn4 bpw=4.5000 rel_err=0.1005 t=0.00s [770/980] ETA=0.13h
2026-08-16 21:27:11 FIT model.layers.22.self_attn.q_proj.weight :: seed_only bpw=4.0000 rel_err=0.1555 t=4.64s [771/980] ETA=0.13h
2026-08-16 21:27:11 FIT model.layers.22.self_attn.q_proj.weight :: awq_p0.5 bpw=4.2400 rel_err=0.1530 t=0.18s [772/980] ETA=0.13h
2026-08-16 21:27:11 FIT model.layers.22.self_attn.q_proj.weight :: awq_p1.0 bpw=4.4800 rel_err=0.1494 t=0.35s [773/980] ETA=0.12h
2026-08-16 21:27:12 FIT model.layers.22.self_attn.q_proj.weight :: awq_p2.0 bpw=4.9600 rel_err=0.1418 t=0.62s [774/980] ETA=0.12h
2026-08-16 21:27:12 FIT model.layers.22.self_attn.q_proj.weight :: rtn4 bpw=4.5000 rel_err=0.1007 t=0.00s [775/980] ETA=0.12h
2026-08-16 21:27:15 FIT model.layers.22.self_attn.k_proj.weight :: seed_only bpw=4.0000 rel_err=0.1552 t=2.32s [776/980] ETA=0.12h
2026-08-16 21:27:15 FIT model.layers.22.self_attn.k_proj.weight :: awq_p0.5 bpw=4.2400 rel_err=0.1529 t=0.10s [777/980] ETA=0.12h
2026-08-16 21:27:15 FIT model.layers.22.self_attn.k_proj.weight :: awq_p1.0 bpw=4.4800 rel_err=0.1509 t=0.18s [778/980] ETA=0.12h
2026-08-16 21:27:16 FIT model.layers.22.self_attn.k_proj.weight :: awq_p2.0 bpw=4.9600 rel_err=0.1460 t=0.34s [779/980] ETA=0.12h
2026-08-16 21:27:16 FIT model.layers.22.self_attn.k_proj.weight :: rtn4 bpw=4.5000 rel_err=0.1011 t=0.00s [780/980] ETA=0.12h
2026-08-16 21:27:18 FIT model.layers.22.self_attn.v_proj.weight :: seed_only bpw=4.0000 rel_err=0.1564 t=2.32s [781/980] ETA=0.12h
2026-08-16 21:27:18 FIT model.layers.22.self_attn.v_proj.weight :: awq_p0.5 bpw=4.2400 rel_err=0.1520 t=0.10s [782/980] ETA=0.12h
2026-08-16 21:27:19 FIT model.layers.22.self_attn.v_proj.weight :: awq_p1.0 bpw=4.4800 rel_err=0.1495 t=0.18s [783/980] ETA=0.12h
2026-08-16 21:27:19 FIT model.layers.22.self_attn.v_proj.weight :: awq_p2.0 bpw=4.9600 rel_err=0.1451 t=0.35s [784/980] ETA=0.12h
2026-08-16 21:27:19 FIT model.layers.22.self_attn.v_proj.weight :: rtn4 bpw=4.5000 rel_err=0.1043 t=0.00s [785/980] ETA=0.12h
2026-08-16 21:27:24 FIT model.layers.22.self_attn.o_proj.weight :: seed_only bpw=4.0000 rel_err=0.1542 t=4.64s [786/980] ETA=0.12h
2026-08-16 21:27:24 FIT model.layers.22.self_attn.o_proj.weight :: awq_p0.5 bpw=4.2400 rel_err=0.1517 t=0.16s [787/980] ETA=0.11h
2026-08-16 21:27:25 FIT model.layers.22.self_attn.o_proj.weight :: awq_p1.0 bpw=4.4800 rel_err=0.1496 t=0.30s [788/980] ETA=0.11h
2026-08-16 21:27:25 FIT model.layers.22.self_attn.o_proj.weight :: awq_p2.0 bpw=4.9600 rel_err=0.1457 t=0.55s [789/980] ETA=0.11h
2026-08-16 21:27:25 FIT model.layers.22.self_attn.o_proj.weight :: rtn4 bpw=4.5000 rel_err=0.0978 t=0.00s [790/980] ETA=0.11h
2026-08-16 21:27:40 FIT model.layers.22.mlp.gate_proj.weight :: seed_only bpw=4.0000 rel_err=0.1544 t=13.90s [791/980] ETA=0.11h
2026-08-16 21:27:40 FIT model.layers.22.mlp.gate_proj.weight :: awq_p0.5 bpw=4.2400 rel_err=0.1520 t=0.56s [792/980] ETA=0.11h
2026-08-16 21:27:41 FIT model.layers.22.mlp.gate_proj.weight :: awq_p1.0 bpw=4.4800 rel_err=0.1492 t=1.08s [793/980] ETA=0.11h
2026-08-16 21:27:44 FIT model.layers.22.mlp.gate_proj.weight :: awq_p2.0 bpw=4.9600 rel_err=0.1438 t=2.06s [794/980] ETA=0.11h
2026-08-16 21:27:44 FIT model.layers.22.mlp.gate_proj.weight :: rtn4 bpw=4.5000 rel_err=0.0993 t=0.00s [795/980] ETA=0.11h
2026-08-16 21:27:58 FIT model.layers.22.mlp.up_proj.weight :: seed_only bpw=4.0000 rel_err=0.1546 t=13.90s [796/980] ETA=0.11h
2026-08-16 21:27:59 FIT model.layers.22.mlp.up_proj.weight :: awq_p0.5 bpw=4.2400 rel_err=0.1519 t=0.55s [797/980] ETA=0.11h
2026-08-16 21:28:00 FIT model.layers.22.mlp.up_proj.weight :: awq_p1.0 bpw=4.4800 rel_err=0.1490 t=1.07s [798/980] ETA=0.11h
2026-08-16 21:28:02 FIT model.layers.22.mlp.up_proj.weight :: awq_p2.0 bpw=4.9600 rel_err=0.1436 t=2.06s [799/980] ETA=0.11h
2026-08-16 21:28:02 FIT model.layers.22.mlp.up_proj.weight :: rtn4 bpw=4.5000 rel_err=0.0991 t=0.00s [800/980] ETA=0.11h
2026-08-16 21:28:17 FIT model.layers.22.mlp.down_proj.weight :: seed_only bpw=4.0000 rel_err=0.1545 t=13.90s [801/980] ETA=0.11h
2026-08-16 21:28:17 FIT model.layers.22.mlp.down_proj.weight :: awq_p0.5 bpw=4.2400 rel_err=0.1530 t=0.56s [802/980] ETA=0.11h
2026-08-16 21:28:19 FIT model.layers.22.mlp.down_proj.weight :: awq_p1.0 bpw=4.4800 rel_err=0.1518 t=1.08s [803/980] ETA=0.11h
2026-08-16 21:28:21 FIT model.layers.22.mlp.down_proj.weight :: awq_p2.0 bpw=4.9600 rel_err=0.1493 t=2.08s [804/980] ETA=0.11h
2026-08-16 21:28:21 FIT model.layers.22.mlp.down_proj.weight :: rtn4 bpw=4.5000 rel_err=0.0993 t=0.00s [805/980] ETA=0.11h
2026-08-16 21:28:26 FIT model.layers.23.self_attn.q_proj.weight :: seed_only bpw=4.0000 rel_err=0.1555 t=4.64s [806/980] ETA=0.10h
2026-08-16 21:28:26 FIT model.layers.23.self_attn.q_proj.weight :: awq_p0.5 bpw=4.2400 rel_err=0.1520 t=0.18s [807/980] ETA=0.10h
2026-08-16 21:28:27 FIT model.layers.23.self_attn.q_proj.weight :: awq_p1.0 bpw=4.4800 rel_err=0.1486 t=0.34s [808/980] ETA=0.10h
2026-08-16 21:28:27 FIT model.layers.23.self_attn.q_proj.weight :: awq_p2.0 bpw=4.9600 rel_err=0.1427 t=0.64s [809/980] ETA=0.10h
2026-08-16 21:28:27 FIT model.layers.23.self_attn.q_proj.weight :: rtn4 bpw=4.5000 rel_err=0.1014 t=0.00s [810/980] ETA=0.10h
2026-08-16 21:28:30 FIT model.layers.23.self_attn.k_proj.weight :: seed_only bpw=4.0000 rel_err=0.1556 t=2.32s [811/980] ETA=0.10h
2026-08-16 21:28:30 FIT model.layers.23.self_attn.k_proj.weight :: awq_p0.5 bpw=4.2400 rel_err=0.1518 t=0.10s [812/980] ETA=0.10h
2026-08-16 21:28:30 FIT model.layers.23.self_attn.k_proj.weight :: awq_p1.0 bpw=4.4800 rel_err=0.1497 t=0.18s [813/980] ETA=0.10h
2026-08-16 21:28:31 FIT model.layers.23.self_attn.k_proj.weight :: awq_p2.0 bpw=4.9600 rel_err=0.1458 t=0.34s [814/980] ETA=0.10h
2026-08-16 21:28:31 FIT model.layers.23.self_attn.k_proj.weight :: rtn4 bpw=4.5000 rel_err=0.1031 t=0.00s [815/980] ETA=0.10h
2026-08-16 21:28:33 FIT model.layers.23.self_attn.v_proj.weight :: seed_only bpw=4.0000 rel_err=0.1568 t=2.32s [816/980] ETA=0.10h
2026-08-16 21:28:34 FIT model.layers.23.self_attn.v_proj.weight :: awq_p0.5 bpw=4.2400 rel_err=0.1517 t=0.10s [817/980] ETA=0.10h
2026-08-16 21:28:34 FIT model.layers.23.self_attn.v_proj.weight :: awq_p1.0 bpw=4.4800 rel_err=0.1494 t=0.18s [818/980] ETA=0.10h
2026-08-16 21:28:34 FIT model.layers.23.self_attn.v_proj.weight :: awq_p2.0 bpw=4.9600 rel_err=0.1455 t=0.34s [819/980] ETA=0.10h
2026-08-16 21:28:34 FIT model.layers.23.self_attn.v_proj.weight :: rtn4 bpw=4.5000 rel_err=0.1048 t=0.00s [820/980] ETA=0.10h
2026-08-16 21:28:39 FIT model.layers.23.self_attn.o_proj.weight :: seed_only bpw=4.0000 rel_err=0.1542 t=4.64s [821/980] ETA=0.09h
2026-08-16 21:28:39 FIT model.layers.23.self_attn.o_proj.weight :: awq_p0.5 bpw=4.2400 rel_err=0.1519 t=0.17s [822/980] ETA=0.09h
2026-08-16 21:28:40 FIT model.layers.23.self_attn.o_proj.weight :: awq_p1.0 bpw=4.4800 rel_err=0.1501 t=0.31s [823/980] ETA=0.09h
2026-08-16 21:28:40 FIT model.layers.23.self_attn.o_proj.weight :: awq_p2.0 bpw=4.9600 rel_err=0.1468 t=0.57s [824/980] ETA=0.09h
2026-08-16 21:28:40 FIT model.layers.23.self_attn.o_proj.weight :: rtn4 bpw=4.5000 rel_err=0.0980 t=0.00s [825/980] ETA=0.09h
2026-08-16 21:28:55 FIT model.layers.23.mlp.gate_proj.weight :: seed_only bpw=4.0000 rel_err=0.1542 t=13.90s [826/980] ETA=0.09h
2026-08-16 21:28:56 FIT model.layers.23.mlp.gate_proj.weight :: awq_p0.5 bpw=4.2400 rel_err=0.1520 t=0.56s [827/980] ETA=0.09h
2026-08-16 21:28:57 FIT model.layers.23.mlp.gate_proj.weight :: awq_p1.0 bpw=4.4800 rel_err=0.1494 t=1.09s [828/980] ETA=0.09h
2026-08-16 21:28:59 FIT model.layers.23.mlp.gate_proj.weight :: awq_p2.0 bpw=4.9600 rel_err=0.1441 t=2.08s [829/980] ETA=0.09h
2026-08-16 21:28:59 FIT model.layers.23.mlp.gate_proj.weight :: rtn4 bpw=4.5000 rel_err=0.0985 t=0.00s [830/980] ETA=0.09h
2026-08-16 21:29:13 FIT model.layers.23.mlp.up_proj.weight :: seed_only bpw=4.0000 rel_err=0.1544 t=13.90s [831/980] ETA=0.09h
2026-08-16 21:29:14 FIT model.layers.23.mlp.up_proj.weight :: awq_p0.5 bpw=4.2400 rel_err=0.1518 t=0.55s [832/980] ETA=0.09h
2026-08-16 21:29:15 FIT model.layers.23.mlp.up_proj.weight :: awq_p1.0 bpw=4.4800 rel_err=0.1490 t=1.08s [833/980] ETA=0.09h
2026-08-16 21:29:17 FIT model.layers.23.mlp.up_proj.weight :: awq_p2.0 bpw=4.9600 rel_err=0.1437 t=2.07s [834/980] ETA=0.09h
2026-08-16 21:29:18 FIT model.layers.23.mlp.up_proj.weight :: rtn4 bpw=4.5000 rel_err=0.0985 t=0.00s [835/980] ETA=0.09h
2026-08-16 21:29:32 FIT model.layers.23.mlp.down_proj.weight :: seed_only bpw=4.0000 rel_err=0.1544 t=13.90s [836/980] ETA=0.09h
2026-08-16 21:29:32 FIT model.layers.23.mlp.down_proj.weight :: awq_p0.5 bpw=4.2400 rel_err=0.1529 t=0.55s [837/980] ETA=0.09h
2026-08-16 21:29:34 FIT model.layers.23.mlp.down_proj.weight :: awq_p1.0 bpw=4.4800 rel_err=0.1515 t=1.07s [838/980] ETA=0.09h
2026-08-16 21:29:36 FIT model.layers.23.mlp.down_proj.weight :: awq_p2.0 bpw=4.9600 rel_err=0.1491 t=2.05s [839/980] ETA=0.08h
2026-08-16 21:29:36 FIT model.layers.23.mlp.down_proj.weight :: rtn4 bpw=4.5000 rel_err=0.0989 t=0.00s [840/980] ETA=0.08h
2026-08-16 21:29:41 FIT model.layers.24.self_attn.q_proj.weight :: seed_only bpw=4.0000 rel_err=0.1555 t=4.64s [841/980] ETA=0.08h
2026-08-16 21:29:41 FIT model.layers.24.self_attn.q_proj.weight :: awq_p0.5 bpw=4.2400 rel_err=0.1520 t=0.18s [842/980] ETA=0.08h
2026-08-16 21:29:41 FIT model.layers.24.self_attn.q_proj.weight :: awq_p1.0 bpw=4.4800 rel_err=0.1488 t=0.35s [843/980] ETA=0.08h
2026-08-16 21:29:42 FIT model.layers.24.self_attn.q_proj.weight :: awq_p2.0 bpw=4.9600 rel_err=0.1422 t=0.65s [844/980] ETA=0.08h
2026-08-16 21:29:42 FIT model.layers.24.self_attn.q_proj.weight :: rtn4 bpw=4.5000 rel_err=0.1023 t=0.00s [845/980] ETA=0.08h
2026-08-16 21:29:45 FIT model.layers.24.self_attn.k_proj.weight :: seed_only bpw=4.0000 rel_err=0.1555 t=2.32s [846/980] ETA=0.08h
2026-08-16 21:29:45 FIT model.layers.24.self_attn.k_proj.weight :: awq_p0.5 bpw=4.2400 rel_err=0.1519 t=0.10s [847/980] ETA=0.08h
2026-08-16 21:29:45 FIT model.layers.24.self_attn.k_proj.weight :: awq_p1.0 bpw=4.4800 rel_err=0.1500 t=0.18s [848/980] ETA=0.08h
2026-08-16 21:29:46 FIT model.layers.24.self_attn.k_proj.weight :: awq_p2.0 bpw=4.9600 rel_err=0.1463 t=0.35s [849/980] ETA=0.08h
2026-08-16 21:29:46 FIT model.layers.24.self_attn.k_proj.weight :: rtn4 bpw=4.5000 rel_err=0.1030 t=0.00s [850/980] ETA=0.08h
2026-08-16 21:29:48 FIT model.layers.24.self_attn.v_proj.weight :: seed_only bpw=4.0000 rel_err=0.1564 t=2.32s [851/980] ETA=0.08h
2026-08-16 21:29:48 FIT model.layers.24.self_attn.v_proj.weight :: awq_p0.5 bpw=4.2400 rel_err=0.1524 t=0.10s [852/980] ETA=0.08h
2026-08-16 21:29:49 FIT model.layers.24.self_attn.v_proj.weight :: awq_p1.0 bpw=4.4800 rel_err=0.1504 t=0.18s [853/980] ETA=0.08h
2026-08-16 21:29:49 FIT model.layers.24.self_attn.v_proj.weight :: awq_p2.0 bpw=4.9600 rel_err=0.1472 t=0.35s [854/980] ETA=0.07h
2026-08-16 21:29:49 FIT model.layers.24.self_attn.v_proj.weight :: rtn4 bpw=4.5000 rel_err=0.1032 t=0.00s [855/980] ETA=0.07h
2026-08-16 21:29:54 FIT model.layers.24.self_attn.o_proj.weight :: seed_only bpw=4.0000 rel_err=0.1544 t=4.64s [856/980] ETA=0.07h
2026-08-16 21:29:54 FIT model.layers.24.self_attn.o_proj.weight :: awq_p0.5 bpw=4.2400 rel_err=0.1522 t=0.17s [857/980] ETA=0.07h
2026-08-16 21:29:55 FIT model.layers.24.self_attn.o_proj.weight :: awq_p1.0 bpw=4.4800 rel_err=0.1505 t=0.31s [858/980] ETA=0.07h
2026-08-16 21:29:55 FIT model.layers.24.self_attn.o_proj.weight :: awq_p2.0 bpw=4.9600 rel_err=0.1476 t=0.55s [859/980] ETA=0.07h
2026-08-16 21:29:55 FIT model.layers.24.self_attn.o_proj.weight :: rtn4 bpw=4.5000 rel_err=0.0981 t=0.00s [860/980] ETA=0.07h
2026-08-16 21:30:10 FIT model.layers.24.mlp.gate_proj.weight :: seed_only bpw=4.0000 rel_err=0.1542 t=13.91s [861/980] ETA=0.07h
2026-08-16 21:30:10 FIT model.layers.24.mlp.gate_proj.weight :: awq_p0.5 bpw=4.2400 rel_err=0.1520 t=0.56s [862/980] ETA=0.07h
2026-08-16 21:30:12 FIT model.layers.24.mlp.gate_proj.weight :: awq_p1.0 bpw=4.4800 rel_err=0.1496 t=1.09s [863/980] ETA=0.07h
2026-08-16 21:30:14 FIT model.layers.24.mlp.gate_proj.weight :: awq_p2.0 bpw=4.9600 rel_err=0.1447 t=2.09s [864/980] ETA=0.07h
2026-08-16 21:30:14 FIT model.layers.24.mlp.gate_proj.weight :: rtn4 bpw=4.5000 rel_err=0.0984 t=0.00s [865/980] ETA=0.07h
2026-08-16 21:30:28 FIT model.layers.24.mlp.up_proj.weight :: seed_only bpw=4.0000 rel_err=0.1543 t=13.90s [866/980] ETA=0.07h
2026-08-16 21:30:29 FIT model.layers.24.mlp.up_proj.weight :: awq_p0.5 bpw=4.2400 rel_err=0.1519 t=0.56s [867/980] ETA=0.07h
2026-08-16 21:30:30 FIT model.layers.24.mlp.up_proj.weight :: awq_p1.0 bpw=4.4800 rel_err=0.1493 t=1.08s [868/980] ETA=0.07h
2026-08-16 21:30:32 FIT model.layers.24.mlp.up_proj.weight :: awq_p2.0 bpw=4.9600 rel_err=0.1443 t=2.08s [869/980] ETA=0.07h
2026-08-16 21:30:33 FIT model.layers.24.mlp.up_proj.weight :: rtn4 bpw=4.5000 rel_err=0.0983 t=0.00s [870/980] ETA=0.07h
2026-08-16 21:30:47 FIT model.layers.24.mlp.down_proj.weight :: seed_only bpw=4.0000 rel_err=0.1544 t=13.90s [871/980] ETA=0.07h
2026-08-16 21:30:48 FIT model.layers.24.mlp.down_proj.weight :: awq_p0.5 bpw=4.2400 rel_err=0.1529 t=0.56s [872/980] ETA=0.06h
2026-08-16 21:30:49 FIT model.layers.24.mlp.down_proj.weight :: awq_p1.0 bpw=4.4800 rel_err=0.1517 t=1.08s [873/980] ETA=0.06h
2026-08-16 21:30:51 FIT model.layers.24.mlp.down_proj.weight :: awq_p2.0 bpw=4.9600 rel_err=0.1492 t=2.08s [874/980] ETA=0.06h
2026-08-16 21:30:51 FIT model.layers.24.mlp.down_proj.weight :: rtn4 bpw=4.5000 rel_err=0.0988 t=0.00s [875/980] ETA=0.06h
2026-08-16 21:30:56 FIT model.layers.25.self_attn.q_proj.weight :: seed_only bpw=4.0000 rel_err=0.1557 t=4.64s [876/980] ETA=0.06h
2026-08-16 21:30:56 FIT model.layers.25.self_attn.q_proj.weight :: awq_p0.5 bpw=4.2400 rel_err=0.1520 t=0.18s [877/980] ETA=0.06h
2026-08-16 21:30:57 FIT model.layers.25.self_attn.q_proj.weight :: awq_p1.0 bpw=4.4800 rel_err=0.1493 t=0.35s [878/980] ETA=0.06h
2026-08-16 21:30:58 FIT model.layers.25.self_attn.q_proj.weight :: awq_p2.0 bpw=4.9600 rel_err=0.1438 t=0.66s [879/980] ETA=0.06h
2026-08-16 21:30:58 FIT model.layers.25.self_attn.q_proj.weight :: rtn4 bpw=4.5000 rel_err=0.1023 t=0.00s [880/980] ETA=0.06h
2026-08-16 21:31:00 FIT model.layers.25.self_attn.k_proj.weight :: seed_only bpw=4.0000 rel_err=0.1556 t=2.32s [881/980] ETA=0.06h
2026-08-16 21:31:01 FIT model.layers.25.self_attn.k_proj.weight :: awq_p0.5 bpw=4.2400 rel_err=0.1519 t=0.10s [882/980] ETA=0.06h
2026-08-16 21:31:01 FIT model.layers.25.self_attn.k_proj.weight :: awq_p1.0 bpw=4.4800 rel_err=0.1499 t=0.18s [883/980] ETA=0.06h
2026-08-16 21:31:01 FIT model.layers.25.self_attn.k_proj.weight :: awq_p2.0 bpw=4.9600 rel_err=0.1467 t=0.34s [884/980] ETA=0.06h
2026-08-16 21:31:01 FIT model.layers.25.self_attn.k_proj.weight :: rtn4 bpw=4.5000 rel_err=0.1028 t=0.00s [885/980] ETA=0.06h
2026-08-16 21:31:04 FIT model.layers.25.self_attn.v_proj.weight :: seed_only bpw=4.0000 rel_err=0.1561 t=2.32s [886/980] ETA=0.06h
2026-08-16 21:31:04 FIT model.layers.25.self_attn.v_proj.weight :: awq_p0.5 bpw=4.2400 rel_err=0.1519 t=0.10s [887/980] ETA=0.06h
2026-08-16 21:31:04 FIT model.layers.25.self_attn.v_proj.weight :: awq_p1.0 bpw=4.4800 rel_err=0.1500 t=0.18s [888/980] ETA=0.05h
2026-08-16 21:31:05 FIT model.layers.25.self_attn.v_proj.weight :: awq_p2.0 bpw=4.9600 rel_err=0.1471 t=0.35s [889/980] ETA=0.05h
2026-08-16 21:31:05 FIT model.layers.25.self_attn.v_proj.weight :: rtn4 bpw=4.5000 rel_err=0.1024 t=0.00s [890/980] ETA=0.05h
2026-08-16 21:31:09 FIT model.layers.25.self_attn.o_proj.weight :: seed_only bpw=4.0000 rel_err=0.1543 t=4.64s [891/980] ETA=0.05h
2026-08-16 21:31:10 FIT model.layers.25.self_attn.o_proj.weight :: awq_p0.5 bpw=4.2400 rel_err=0.1517 t=0.17s [892/980] ETA=0.05h
2026-08-16 21:31:10 FIT model.layers.25.self_attn.o_proj.weight :: awq_p1.0 bpw=4.4800 rel_err=0.1498 t=0.32s [893/980] ETA=0.05h
2026-08-16 21:31:11 FIT model.layers.25.self_attn.o_proj.weight :: awq_p2.0 bpw=4.9600 rel_err=0.1466 t=0.58s [894/980] ETA=0.05h
2026-08-16 21:31:11 FIT model.layers.25.self_attn.o_proj.weight :: rtn4 bpw=4.5000 rel_err=0.0979 t=0.00s [895/980] ETA=0.05h
2026-08-16 21:31:25 FIT model.layers.25.mlp.gate_proj.weight :: seed_only bpw=4.0000 rel_err=0.1543 t=13.90s [896/980] ETA=0.05h
2026-08-16 21:31:26 FIT model.layers.25.mlp.gate_proj.weight :: awq_p0.5 bpw=4.2400 rel_err=0.1522 t=0.56s [897/980] ETA=0.05h
2026-08-16 21:31:27 FIT model.layers.25.mlp.gate_proj.weight :: awq_p1.0 bpw=4.4800 rel_err=0.1499 t=1.09s [898/980] ETA=0.05h
2026-08-16 21:31:29 FIT model.layers.25.mlp.gate_proj.weight :: awq_p2.0 bpw=4.9600 rel_err=0.1451 t=2.08s [899/980] ETA=0.05h
2026-08-16 21:31:30 FIT model.layers.25.mlp.gate_proj.weight :: rtn4 bpw=4.5000 rel_err=0.0986 t=0.00s [900/980] ETA=0.05h
2026-08-16 21:31:44 FIT model.layers.25.mlp.up_proj.weight :: seed_only bpw=4.0000 rel_err=0.1543 t=13.90s [901/980] ETA=0.05h
2026-08-16 21:31:45 FIT model.layers.25.mlp.up_proj.weight :: awq_p0.5 bpw=4.2400 rel_err=0.1520 t=0.55s [902/980] ETA=0.05h
2026-08-16 21:31:46 FIT model.layers.25.mlp.up_proj.weight :: awq_p1.0 bpw=4.4800 rel_err=0.1496 t=1.08s [903/980] ETA=0.05h
2026-08-16 21:31:48 FIT model.layers.25.mlp.up_proj.weight :: awq_p2.0 bpw=4.9600 rel_err=0.1447 t=2.08s [904/980] ETA=0.05h
2026-08-16 21:31:48 FIT model.layers.25.mlp.up_proj.weight :: rtn4 bpw=4.5000 rel_err=0.0984 t=0.00s [905/980] ETA=0.04h
2026-08-16 21:32:02 FIT model.layers.25.mlp.down_proj.weight :: seed_only bpw=4.0000 rel_err=0.1544 t=13.90s [906/980] ETA=0.04h
2026-08-16 21:32:03 FIT model.layers.25.mlp.down_proj.weight :: awq_p0.5 bpw=4.2400 rel_err=0.1530 t=0.56s [907/980] ETA=0.04h
2026-08-16 21:32:04 FIT model.layers.25.mlp.down_proj.weight :: awq_p1.0 bpw=4.4800 rel_err=0.1517 t=1.09s [908/980] ETA=0.04h
2026-08-16 21:32:07 FIT model.layers.25.mlp.down_proj.weight :: awq_p2.0 bpw=4.9600 rel_err=0.1492 t=2.09s [909/980] ETA=0.04h
2026-08-16 21:32:07 FIT model.layers.25.mlp.down_proj.weight :: rtn4 bpw=4.5000 rel_err=0.0989 t=0.00s [910/980] ETA=0.04h
2026-08-16 21:32:12 FIT model.layers.26.self_attn.q_proj.weight :: seed_only bpw=4.0000 rel_err=0.1554 t=4.64s [911/980] ETA=0.04h
2026-08-16 21:32:12 FIT model.layers.26.self_attn.q_proj.weight :: awq_p0.5 bpw=4.2400 rel_err=0.1530 t=0.19s [912/980] ETA=0.04h
2026-08-16 21:32:12 FIT model.layers.26.self_attn.q_proj.weight :: awq_p1.0 bpw=4.4800 rel_err=0.1505 t=0.35s [913/980] ETA=0.04h
2026-08-16 21:32:13 FIT model.layers.26.self_attn.q_proj.weight :: awq_p2.0 bpw=4.9600 rel_err=0.1447 t=0.66s [914/980] ETA=0.04h
2026-08-16 21:32:13 FIT model.layers.26.self_attn.q_proj.weight :: rtn4 bpw=4.5000 rel_err=0.1015 t=0.00s [915/980] ETA=0.04h
2026-08-16 21:32:16 FIT model.layers.26.self_attn.k_proj.weight :: seed_only bpw=4.0000 rel_err=0.1551 t=2.32s [916/980] ETA=0.04h
2026-08-16 21:32:16 FIT model.layers.26.self_attn.k_proj.weight :: awq_p0.5 bpw=4.2400 rel_err=0.1518 t=0.10s [917/980] ETA=0.04h
2026-08-16 21:32:16 FIT model.layers.26.self_attn.k_proj.weight :: awq_p1.0 bpw=4.4800 rel_err=0.1502 t=0.18s [918/980] ETA=0.04h
2026-08-16 21:32:17 FIT model.layers.26.self_attn.k_proj.weight :: awq_p2.0 bpw=4.9600 rel_err=0.1473 t=0.34s [919/980] ETA=0.04h
2026-08-16 21:32:17 FIT model.layers.26.self_attn.k_proj.weight :: rtn4 bpw=4.5000 rel_err=0.1018 t=0.00s [920/980] ETA=0.04h
2026-08-16 21:32:19 FIT model.layers.26.self_attn.v_proj.weight :: seed_only bpw=4.0000 rel_err=0.1553 t=2.32s [921/980] ETA=0.04h
2026-08-16 21:32:19 FIT model.layers.26.self_attn.v_proj.weight :: awq_p0.5 bpw=4.2400 rel_err=0.1525 t=0.10s [922/980] ETA=0.03h
2026-08-16 21:32:19 FIT model.layers.26.self_attn.v_proj.weight :: awq_p1.0 bpw=4.4800 rel_err=0.1510 t=0.18s [923/980] ETA=0.03h
2026-08-16 21:32:20 FIT model.layers.26.self_attn.v_proj.weight :: awq_p2.0 bpw=4.9600 rel_err=0.1485 t=0.35s [924/980] ETA=0.03h
2026-08-16 21:32:20 FIT model.layers.26.self_attn.v_proj.weight :: rtn4 bpw=4.5000 rel_err=0.1005 t=0.00s [925/980] ETA=0.03h
2026-08-16 21:32:25 FIT model.layers.26.self_attn.o_proj.weight :: seed_only bpw=4.0000 rel_err=0.1543 t=4.64s [926/980] ETA=0.03h
2026-08-16 21:32:25 FIT model.layers.26.self_attn.o_proj.weight :: awq_p0.5 bpw=4.2400 rel_err=0.1496 t=0.12s [927/980] ETA=0.03h
2026-08-16 21:32:25 FIT model.layers.26.self_attn.o_proj.weight :: awq_p1.0 bpw=4.4800 rel_err=0.1473 t=0.26s [928/980] ETA=0.03h
2026-08-16 21:32:26 FIT model.layers.26.self_attn.o_proj.weight :: awq_p2.0 bpw=4.9600 rel_err=0.1437 t=0.54s [929/980] ETA=0.03h
2026-08-16 21:32:26 FIT model.layers.26.self_attn.o_proj.weight :: rtn4 bpw=4.5000 rel_err=0.0983 t=0.00s [930/980] ETA=0.03h
2026-08-16 21:32:40 FIT model.layers.26.mlp.gate_proj.weight :: seed_only bpw=4.0000 rel_err=0.1544 t=13.90s [931/980] ETA=0.03h
2026-08-16 21:32:41 FIT model.layers.26.mlp.gate_proj.weight :: awq_p0.5 bpw=4.2400 rel_err=0.1524 t=0.56s [932/980] ETA=0.03h
2026-08-16 21:32:42 FIT model.layers.26.mlp.gate_proj.weight :: awq_p1.0 bpw=4.4800 rel_err=0.1503 t=1.09s [933/980] ETA=0.03h
2026-08-16 21:32:45 FIT model.layers.26.mlp.gate_proj.weight :: awq_p2.0 bpw=4.9600 rel_err=0.1457 t=2.08s [934/980] ETA=0.03h
2026-08-16 21:32:45 FIT model.layers.26.mlp.gate_proj.weight :: rtn4 bpw=4.5000 rel_err=0.0990 t=0.00s [935/980] ETA=0.03h
2026-08-16 21:32:59 FIT model.layers.26.mlp.up_proj.weight :: seed_only bpw=4.0000 rel_err=0.1543 t=13.90s [936/980] ETA=0.03h
2026-08-16 21:33:00 FIT model.layers.26.mlp.up_proj.weight :: awq_p0.5 bpw=4.2400 rel_err=0.1524 t=0.55s [937/980] ETA=0.03h
2026-08-16 21:33:01 FIT model.layers.26.mlp.up_proj.weight :: awq_p1.0 bpw=4.4800 rel_err=0.1501 t=1.08s [938/980] ETA=0.03h
2026-08-16 21:33:03 FIT model.layers.26.mlp.up_proj.weight :: awq_p2.0 bpw=4.9600 rel_err=0.1453 t=2.08s [939/980] ETA=0.02h
2026-08-16 21:33:03 FIT model.layers.26.mlp.up_proj.weight :: rtn4 bpw=4.5000 rel_err=0.0984 t=0.00s [940/980] ETA=0.02h
2026-08-16 21:33:18 FIT model.layers.26.mlp.down_proj.weight :: seed_only bpw=4.0000 rel_err=0.1546 t=13.90s [941/980] ETA=0.02h
2026-08-16 21:33:18 FIT model.layers.26.mlp.down_proj.weight :: awq_p0.5 bpw=4.2400 rel_err=0.1531 t=0.56s [942/980] ETA=0.02h
2026-08-16 21:33:20 FIT model.layers.26.mlp.down_proj.weight :: awq_p1.0 bpw=4.4800 rel_err=0.1519 t=1.08s [943/980] ETA=0.02h
2026-08-16 21:33:22 FIT model.layers.26.mlp.down_proj.weight :: awq_p2.0 bpw=4.9600 rel_err=0.1496 t=2.09s [944/980] ETA=0.02h
2026-08-16 21:33:22 FIT model.layers.26.mlp.down_proj.weight :: rtn4 bpw=4.5000 rel_err=0.0993 t=0.00s [945/980] ETA=0.02h
2026-08-16 21:33:27 FIT model.layers.27.self_attn.q_proj.weight :: seed_only bpw=4.0000 rel_err=0.1544 t=4.64s [946/980] ETA=0.02h
2026-08-16 21:33:27 FIT model.layers.27.self_attn.q_proj.weight :: awq_p0.5 bpw=4.2400 rel_err=0.1507 t=0.18s [947/980] ETA=0.02h
2026-08-16 21:33:28 FIT model.layers.27.self_attn.q_proj.weight :: awq_p1.0 bpw=4.4800 rel_err=0.1475 t=0.34s [948/980] ETA=0.02h
2026-08-16 21:33:28 FIT model.layers.27.self_attn.q_proj.weight :: awq_p2.0 bpw=4.9600 rel_err=0.1418 t=0.63s [949/980] ETA=0.02h
2026-08-16 21:33:28 FIT model.layers.27.self_attn.q_proj.weight :: rtn4 bpw=4.5000 rel_err=0.0986 t=0.00s [950/980] ETA=0.02h
2026-08-16 21:33:31 FIT model.layers.27.self_attn.k_proj.weight :: seed_only bpw=4.0000 rel_err=0.1544 t=2.32s [951/980] ETA=0.02h
2026-08-16 21:33:31 FIT model.layers.27.self_attn.k_proj.weight :: awq_p0.5 bpw=4.2400 rel_err=0.1521 t=0.10s [952/980] ETA=0.02h
2026-08-16 21:33:31 FIT model.layers.27.self_attn.k_proj.weight :: awq_p1.0 bpw=4.4800 rel_err=0.1497 t=0.18s [953/980] ETA=0.02h
2026-08-16 21:33:32 FIT model.layers.27.self_attn.k_proj.weight :: awq_p2.0 bpw=4.9600 rel_err=0.1445 t=0.34s [954/980] ETA=0.02h
2026-08-16 21:33:32 FIT model.layers.27.self_attn.k_proj.weight :: rtn4 bpw=4.5000 rel_err=0.0986 t=0.00s [955/980] ETA=0.01h
2026-08-16 21:33:34 FIT model.layers.27.self_attn.v_proj.weight :: seed_only bpw=4.0000 rel_err=0.1550 t=2.32s [956/980] ETA=0.01h
2026-08-16 21:33:35 FIT model.layers.27.self_attn.v_proj.weight :: awq_p0.5 bpw=4.2400 rel_err=0.1520 t=0.10s [957/980] ETA=0.01h
2026-08-16 21:33:35 FIT model.layers.27.self_attn.v_proj.weight :: awq_p1.0 bpw=4.4800 rel_err=0.1491 t=0.18s [958/980] ETA=0.01h
2026-08-16 21:33:35 FIT model.layers.27.self_attn.v_proj.weight :: awq_p2.0 bpw=4.9600 rel_err=0.1440 t=0.35s [959/980] ETA=0.01h
2026-08-16 21:33:35 FIT model.layers.27.self_attn.v_proj.weight :: rtn4 bpw=4.5000 rel_err=0.0995 t=0.00s [960/980] ETA=0.01h
2026-08-16 21:33:40 FIT model.layers.27.self_attn.o_proj.weight :: seed_only bpw=4.0000 rel_err=0.1543 t=4.64s [961/980] ETA=0.01h
2026-08-16 21:33:41 FIT model.layers.27.self_attn.o_proj.weight :: awq_p0.5 bpw=4.2400 rel_err=0.1511 t=0.18s [962/980] ETA=0.01h
2026-08-16 21:33:41 FIT model.layers.27.self_attn.o_proj.weight :: awq_p1.0 bpw=4.4800 rel_err=0.1488 t=0.34s [963/980] ETA=0.01h
2026-08-16 21:33:42 FIT model.layers.27.self_attn.o_proj.weight :: awq_p2.0 bpw=4.9600 rel_err=0.1448 t=0.62s [964/980] ETA=0.01h
2026-08-16 21:33:42 FIT model.layers.27.self_attn.o_proj.weight :: rtn4 bpw=4.5000 rel_err=0.0977 t=0.00s [965/980] ETA=0.01h
2026-08-16 21:33:56 FIT model.layers.27.mlp.gate_proj.weight :: seed_only bpw=4.0000 rel_err=0.1543 t=13.90s [966/980] ETA=0.01h
2026-08-16 21:33:57 FIT model.layers.27.mlp.gate_proj.weight :: awq_p0.5 bpw=4.2400 rel_err=0.1524 t=0.56s [967/980] ETA=0.01h
2026-08-16 21:33:58 FIT model.layers.27.mlp.gate_proj.weight :: awq_p1.0 bpw=4.4800 rel_err=0.1503 t=1.08s [968/980] ETA=0.01h
2026-08-16 21:34:00 FIT model.layers.27.mlp.gate_proj.weight :: awq_p2.0 bpw=4.9600 rel_err=0.1454 t=2.06s [969/980] ETA=0.01h
2026-08-16 21:34:00 FIT model.layers.27.mlp.gate_proj.weight :: rtn4 bpw=4.5000 rel_err=0.0987 t=0.00s [970/980] ETA=0.01h
2026-08-16 21:34:15 FIT model.layers.27.mlp.up_proj.weight :: seed_only bpw=4.0000 rel_err=0.1542 t=13.90s [971/980] ETA=0.01h
2026-08-16 21:34:15 FIT model.layers.27.mlp.up_proj.weight :: awq_p0.5 bpw=4.2400 rel_err=0.1525 t=0.55s [972/980] ETA=0.00h
2026-08-16 21:34:17 FIT model.layers.27.mlp.up_proj.weight :: awq_p1.0 bpw=4.4800 rel_err=0.1501 t=1.08s [973/980] ETA=0.00h
2026-08-16 21:34:19 FIT model.layers.27.mlp.up_proj.weight :: awq_p2.0 bpw=4.9600 rel_err=0.1450 t=2.06s [974/980] ETA=0.00h
2026-08-16 21:34:19 FIT model.layers.27.mlp.up_proj.weight :: rtn4 bpw=4.5000 rel_err=0.0981 t=0.00s [975/980] ETA=0.00h
2026-08-16 21:34:34 FIT model.layers.27.mlp.down_proj.weight :: seed_only bpw=4.0000 rel_err=0.1557 t=13.90s [976/980] ETA=0.00h
2026-08-16 21:34:34 FIT model.layers.27.mlp.down_proj.weight :: awq_p0.5 bpw=4.2400 rel_err=0.1546 t=0.56s [977/980] ETA=0.00h
2026-08-16 21:34:36 FIT model.layers.27.mlp.down_proj.weight :: awq_p1.0 bpw=4.4800 rel_err=0.1538 t=1.09s [978/980] ETA=0.00h
2026-08-16 21:34:38 FIT model.layers.27.mlp.down_proj.weight :: awq_p2.0 bpw=4.9600 rel_err=0.1519 t=2.08s [979/980] ETA=0.00h
2026-08-16 21:34:38 FIT model.layers.27.mlp.down_proj.weight :: rtn4 bpw=4.5000 rel_err=0.1026 t=0.00s [980/980] ETA=0.00h
2026-08-16 21:34:38 FIT done in 35.3 min
2026-08-16 21:34:45 HASH re-verify originals verified=True sha256=42fb692854712fa1c4d375c5cde965af...
2026-08-16 21:34:45 RUN phase3-20260816-205559 complete
2026-08-16 21:35:14 RUN phase3-20260816-213514 layout=phase3 model=Qwen3-1.7B config=c8p3 C=8 P=3 stage=eval n_seeds=16384 stage2_seeds=65535 layers_limit=None eval_mode=cached resume=True stack=bfba9230e93f|NVIDIA GeForce RTX 4090|torch2.11.0+cu128
2026-08-16 21:35:16 HASH originals sha256=42fb692854712fa1c4d375c5cde965af... verified=True
2026-08-16 21:37:39 EVAL model=Qwen3-1.7B loaded, 196 target tensors (layers_limit=None, eval_mode=cached)
2026-08-16 21:37:39 REF generating bf16 reference pass (200 tok + 160 tok harness)
2026-08-16 21:37:57 REF fingerprint=6f7a7d9b5d3fd99d (18.2s)
2026-08-16 21:37:59 REFLOGITS 12 prompts (0.44 GB, 0 cached, 2.1s) -> /workspace/results/Qwen3-1.7B/ref_logits
2026-08-16 21:38:40 EVAL c8p3_seed_only       bpw=4.0000 mean_kl=1.551568 p95=8.335401 max=22.2420 top1=72.37% fp=b007f2fa0aa56ad1 (26.9s)
2026-08-16 21:39:04 EVAL c8p3_awq_p0.5        bpw=4.2400 mean_kl=0.508393 p95=2.410255 max=18.7899 top1=84.68% fp=e5d08170bca69a97 (23.6s)
2026-08-16 21:39:27 EVAL c8p3_awq_p1.0        bpw=4.4800 mean_kl=0.419095 p95=2.096748 max=15.7513 top1=86.73% fp=7ea008317f666ff0 (22.7s)
2026-08-16 21:39:51 EVAL c8p3_awq_p2.0        bpw=4.9600 mean_kl=0.367176 p95=1.691271 max=14.2722 top1=87.14% fp=aa9abe56bf878b3c (23.8s)
2026-08-16 21:40:15 EVAL rtn4                 bpw=4.5000 mean_kl=0.176448 p95=0.895672 max=7.7504 top1=91.66% fp=2b0802153224bacc (24.3s)
2026-08-16 21:40:15 WARN q4km: 196 tensors missing from cache -> skipping variant
2026-08-16 21:40:16 WARN q3km: 196 tensors missing from cache -> skipping variant
2026-08-16 21:40:16 WARN awq_w4: 196 tensors missing from cache -> skipping variant
2026-08-16 21:40:25 EVAL bf16                 bpw=16.0000 mean_kl=0.000000 p95=0.000000 max=0.0000 top1=100.00% fp=6f7a7d9b5d3fd99d (8.5s)
2026-08-16 21:40:25 EVAL done in 5.1 min
2026-08-16 21:40:25 GATE INCOMPLETE pass_a=None pass_b=None best_seed=c8p3_awq_p2.0 @4.9600 bpw
2026-08-16 21:40:32 HASH re-verify originals verified=True sha256=42fb692854712fa1c4d375c5cde965af...
2026-08-16 21:40:32 RUN phase3-20260816-213514 complete
2026-08-16 21:41:01 RUN phase3-20260816-214101 layout=phase3 model=Qwen3-1.7B config=c12p4 C=12 P=4 stage=fit n_seeds=16384 stage2_seeds=65535 layers_limit=None eval_mode=cached resume=True stack=bfba9230e93f|NVIDIA GeForce RTX 4090|torch2.11.0+cu128
2026-08-16 21:41:03 HASH originals sha256=42fb692854712fa1c4d375c5cde965af... verified=True
2026-08-16 21:41:04 SKIP cached act_scales (196 tensors)
2026-08-16 21:41:04 FIT start model=Qwen3-1.7B config=c12p4 C=12 P=4 tensors=196 variants=5 n_seeds=16384 units=980
2026-08-16 21:41:09 FIT model.layers.0.self_attn.q_proj.weight :: seed_only bpw=3.0000 rel_err=0.2647 t=4.99s [1/980] ETA=1.40h
2026-08-16 21:41:09 FIT model.layers.0.self_attn.q_proj.weight :: awq_p0.5 bpw=3.2400 rel_err=0.2595 t=0.50s [2/980] ETA=0.78h
2026-08-16 21:41:10 FIT model.layers.0.self_attn.q_proj.weight :: awq_p1.0 bpw=3.4800 rel_err=0.2554 t=0.44s [3/980] ETA=0.56h
2026-08-16 21:41:11 FIT model.layers.0.self_attn.q_proj.weight :: awq_p2.0 bpw=3.9600 rel_err=0.2462 t=0.81s [4/980] ETA=0.48h
2026-08-16 21:41:11 SKIP cached model.layers.0.self_attn.q_proj.weight :: rtn4
2026-08-16 21:41:13 FIT model.layers.0.self_attn.k_proj.weight :: seed_only bpw=3.0000 rel_err=0.2642 t=1.93s [6/980] ETA=0.50h
2026-08-16 21:41:13 FIT model.layers.0.self_attn.k_proj.weight :: awq_p0.5 bpw=3.2400 rel_err=0.2592 t=0.12s [7/980] ETA=0.43h
2026-08-16 21:41:13 FIT model.layers.0.self_attn.k_proj.weight :: awq_p1.0 bpw=3.4800 rel_err=0.2550 t=0.22s [8/980] ETA=0.38h
2026-08-16 21:41:14 FIT model.layers.0.self_attn.k_proj.weight :: awq_p2.0 bpw=3.9600 rel_err=0.2459 t=0.40s [9/980] ETA=0.34h
2026-08-16 21:41:14 SKIP cached model.layers.0.self_attn.k_proj.weight :: rtn4
2026-08-16 21:41:16 FIT model.layers.0.self_attn.v_proj.weight :: seed_only bpw=3.0000 rel_err=0.2645 t=1.93s [11/980] ETA=0.37h
2026-08-16 21:41:16 FIT model.layers.0.self_attn.v_proj.weight :: awq_p0.5 bpw=3.2400 rel_err=0.2618 t=0.12s [12/980] ETA=0.34h
2026-08-16 21:41:16 FIT model.layers.0.self_attn.v_proj.weight :: awq_p1.0 bpw=3.4800 rel_err=0.2578 t=0.23s [13/980] ETA=0.31h
2026-08-16 21:41:17 FIT model.layers.0.self_attn.v_proj.weight :: awq_p2.0 bpw=3.9600 rel_err=0.2493 t=0.42s [14/980] ETA=0.30h
2026-08-16 21:41:17 SKIP cached model.layers.0.self_attn.v_proj.weight :: rtn4
2026-08-16 21:41:21 FIT model.layers.0.self_attn.o_proj.weight :: seed_only bpw=3.0000 rel_err=0.2635 t=3.84s [16/980] ETA=0.36h
2026-08-16 21:41:21 FIT model.layers.0.self_attn.o_proj.weight :: awq_p0.5 bpw=3.2400 rel_err=0.2546 t=0.19s [17/980] ETA=0.34h
2026-08-16 21:41:22 FIT model.layers.0.self_attn.o_proj.weight :: awq_p1.0 bpw=3.4800 rel_err=0.2496 t=0.35s [18/980] ETA=0.33h
2026-08-16 21:41:23 FIT model.layers.0.self_attn.o_proj.weight :: awq_p2.0 bpw=3.9600 rel_err=0.2415 t=0.66s [19/980] ETA=0.32h
2026-08-16 21:41:23 SKIP cached model.layers.0.self_attn.o_proj.weight :: rtn4
2026-08-16 21:41:35 FIT model.layers.0.mlp.gate_proj.weight :: seed_only bpw=3.0000 rel_err=0.2643 t=11.50s [21/980] ETA=0.49h
2026-08-16 21:41:35 FIT model.layers.0.mlp.gate_proj.weight :: awq_p0.5 bpw=3.2400 rel_err=0.2587 t=0.68s [22/980] ETA=0.47h
2026-08-16 21:41:37 FIT model.layers.0.mlp.gate_proj.weight :: awq_p1.0 bpw=3.4800 rel_err=0.2532 t=1.29s [23/980] ETA=0.47h
2026-08-16 21:41:39 FIT model.layers.0.mlp.gate_proj.weight :: awq_p2.0 bpw=3.9600 rel_err=0.2437 t=2.39s [24/980] ETA=0.48h
2026-08-16 21:41:39 SKIP cached model.layers.0.mlp.gate_proj.weight :: rtn4
2026-08-16 21:41:51 FIT model.layers.0.mlp.up_proj.weight :: seed_only bpw=3.0000 rel_err=0.2642 t=11.50s [26/980] ETA=0.60h
2026-08-16 21:41:52 FIT model.layers.0.mlp.up_proj.weight :: awq_p0.5 bpw=3.2400 rel_err=0.2595 t=0.68s [27/980] ETA=0.58h
2026-08-16 21:41:54 FIT model.layers.0.mlp.up_proj.weight :: awq_p1.0 bpw=3.4800 rel_err=0.2548 t=1.32s [28/980] ETA=0.58h
2026-08-16 21:41:56 FIT model.layers.0.mlp.up_proj.weight :: awq_p2.0 bpw=3.9600 rel_err=0.2460 t=2.49s [29/980] ETA=0.58h
2026-08-16 21:41:56 SKIP cached model.layers.0.mlp.up_proj.weight :: rtn4
2026-08-16 21:42:08 FIT model.layers.0.mlp.down_proj.weight :: seed_only bpw=3.0000 rel_err=0.2646 t=11.50s [31/980] ETA=0.68h
2026-08-16 21:42:09 FIT model.layers.0.mlp.down_proj.weight :: awq_p0.5 bpw=3.2400 rel_err=0.2610 t=0.68s [32/980] ETA=0.66h
2026-08-16 21:42:11 FIT model.layers.0.mlp.down_proj.weight :: awq_p1.0 bpw=3.4800 rel_err=0.2576 t=1.31s [33/980] ETA=0.65h
2026-08-16 21:42:13 FIT model.layers.0.mlp.down_proj.weight :: awq_p2.0 bpw=3.9600 rel_err=0.2514 t=2.46s [34/980] ETA=0.65h
2026-08-16 21:42:13 SKIP cached model.layers.0.mlp.down_proj.weight :: rtn4
2026-08-16 21:42:17 FIT model.layers.1.self_attn.q_proj.weight :: seed_only bpw=3.0000 rel_err=0.2644 t=3.84s [36/980] ETA=0.67h
2026-08-16 21:42:18 FIT model.layers.1.self_attn.q_proj.weight :: awq_p0.5 bpw=3.2400 rel_err=0.2575 t=0.23s [37/980] ETA=0.65h
2026-08-16 21:42:18 FIT model.layers.1.self_attn.q_proj.weight :: awq_p1.0 bpw=3.4800 rel_err=0.2518 t=0.42s [38/980] ETA=0.63h
2026-08-16 21:42:19 FIT model.layers.1.self_attn.q_proj.weight :: awq_p2.0 bpw=3.9600 rel_err=0.2419 t=0.76s [39/980] ETA=0.62h
2026-08-16 21:42:19 SKIP cached model.layers.1.self_attn.q_proj.weight :: rtn4
2026-08-16 21:42:21 FIT model.layers.1.self_attn.k_proj.weight :: seed_only bpw=3.0000 rel_err=0.2648 t=1.93s [41/980] ETA=0.61h
2026-08-16 21:42:21 FIT model.layers.1.self_attn.k_proj.weight :: awq_p0.5 bpw=3.2400 rel_err=0.2581 t=0.12s [42/980] ETA=0.60h
2026-08-16 21:42:22 FIT model.layers.1.self_attn.k_proj.weight :: awq_p1.0 bpw=3.4800 rel_err=0.2531 t=0.22s [43/980] ETA=0.58h
2026-08-16 21:42:22 FIT model.layers.1.self_attn.k_proj.weight :: awq_p2.0 bpw=3.9600 rel_err=0.2435 t=0.40s [44/980] ETA=0.57h
2026-08-16 21:42:22 SKIP cached model.layers.1.self_attn.k_proj.weight :: rtn4
2026-08-16 21:42:24 FIT model.layers.1.self_attn.v_proj.weight :: seed_only bpw=3.0000 rel_err=0.2644 t=1.93s [46/980] ETA=0.57h
2026-08-16 21:42:24 FIT model.layers.1.self_attn.v_proj.weight :: awq_p0.5 bpw=3.2400 rel_err=0.2598 t=0.12s [47/980] ETA=0.55h
2026-08-16 21:42:25 FIT model.layers.1.self_attn.v_proj.weight :: awq_p1.0 bpw=3.4800 rel_err=0.2558 t=0.23s [48/980] ETA=0.54h
2026-08-16 21:42:25 FIT model.layers.1.self_attn.v_proj.weight :: awq_p2.0 bpw=3.9600 rel_err=0.2480 t=0.42s [49/980] ETA=0.53h
2026-08-16 21:42:25 SKIP cached model.layers.1.self_attn.v_proj.weight :: rtn4
2026-08-16 21:42:29 FIT model.layers.1.self_attn.o_proj.weight :: seed_only bpw=3.0000 rel_err=0.2639 t=3.84s [51/980] ETA=0.54h
2026-08-16 21:42:30 FIT model.layers.1.self_attn.o_proj.weight :: awq_p0.5 bpw=3.2400 rel_err=0.2581 t=0.23s [52/980] ETA=0.53h
2026-08-16 21:42:30 FIT model.layers.1.self_attn.o_proj.weight :: awq_p1.0 bpw=3.4800 rel_err=0.2536 t=0.43s [53/980] ETA=0.52h
2026-08-16 21:42:31 FIT model.layers.1.self_attn.o_proj.weight :: awq_p2.0 bpw=3.9600 rel_err=0.2456 t=0.79s [54/980] ETA=0.51h
2026-08-16 21:42:31 SKIP cached model.layers.1.self_attn.o_proj.weight :: rtn4
2026-08-16 21:42:43 FIT model.layers.1.mlp.gate_proj.weight :: seed_only bpw=3.0000 rel_err=0.2634 t=11.50s [56/980] ETA=0.57h
2026-08-16 21:42:44 FIT model.layers.1.mlp.gate_proj.weight :: awq_p0.5 bpw=3.2400 rel_err=0.2602 t=0.70s [57/980] ETA=0.56h
2026-08-16 21:42:45 FIT model.layers.1.mlp.gate_proj.weight :: awq_p1.0 bpw=3.4800 rel_err=0.2555 t=1.35s [58/980] ETA=0.55h
2026-08-16 21:42:48 FIT model.layers.1.mlp.gate_proj.weight :: awq_p2.0 bpw=3.9600 rel_err=0.2455 t=2.49s [59/980] ETA=0.56h
2026-08-16 21:42:48 SKIP cached model.layers.1.mlp.gate_proj.weight :: rtn4
2026-08-16 21:43:00 FIT model.layers.1.mlp.up_proj.weight :: seed_only bpw=3.0000 rel_err=0.2641 t=11.51s [61/980] ETA=0.61h
2026-08-16 21:43:01 FIT model.layers.1.mlp.up_proj.weight :: awq_p0.5 bpw=3.2400 rel_err=0.2582 t=0.67s [62/980] ETA=0.60h
2026-08-16 21:43:02 FIT model.layers.1.mlp.up_proj.weight :: awq_p1.0 bpw=3.4800 rel_err=0.2524 t=1.27s [63/980] ETA=0.59h
2026-08-16 21:43:05 FIT model.layers.1.mlp.up_proj.weight :: awq_p2.0 bpw=3.9600 rel_err=0.2419 t=2.34s [64/980] ETA=0.59h
2026-08-16 21:43:05 SKIP cached model.layers.1.mlp.up_proj.weight :: rtn4
2026-08-16 21:43:17 FIT model.layers.1.mlp.down_proj.weight :: seed_only bpw=3.0000 rel_err=0.2677 t=11.51s [66/980] ETA=0.64h
2026-08-16 21:43:18 FIT model.layers.1.mlp.down_proj.weight :: awq_p0.5 bpw=3.2400 rel_err=0.2636 t=0.68s [67/980] ETA=0.63h
2026-08-16 21:43:19 FIT model.layers.1.mlp.down_proj.weight :: awq_p1.0 bpw=3.4800 rel_err=0.2600 t=1.31s [68/980] ETA=0.62h
2026-08-16 21:43:22 FIT model.layers.1.mlp.down_proj.weight :: awq_p2.0 bpw=3.9600 rel_err=0.2534 t=2.47s [69/980] ETA=0.62h
2026-08-16 21:43:22 SKIP cached model.layers.1.mlp.down_proj.weight :: rtn4
2026-08-16 21:43:26 FIT model.layers.2.self_attn.q_proj.weight :: seed_only bpw=3.0000 rel_err=0.2648 t=3.84s [71/980] ETA=0.63h
2026-08-16 21:43:26 FIT model.layers.2.self_attn.q_proj.weight :: awq_p0.5 bpw=3.2400 rel_err=0.2574 t=0.23s [72/980] ETA=0.62h
2026-08-16 21:43:27 FIT model.layers.2.self_attn.q_proj.weight :: awq_p1.0 bpw=3.4800 rel_err=0.2517 t=0.42s [73/980] ETA=0.61h
2026-08-16 21:43:28 FIT model.layers.2.self_attn.q_proj.weight :: awq_p2.0 bpw=3.9600 rel_err=0.2421 t=0.77s [74/980] ETA=0.60h
2026-08-16 21:43:28 SKIP cached model.layers.2.self_attn.q_proj.weight :: rtn4
2026-08-16 21:43:30 FIT model.layers.2.self_attn.k_proj.weight :: seed_only bpw=3.0000 rel_err=0.2645 t=1.93s [76/980] ETA=0.60h
2026-08-16 21:43:30 FIT model.layers.2.self_attn.k_proj.weight :: awq_p0.5 bpw=3.2400 rel_err=0.2582 t=0.12s [77/980] ETA=0.59h
2026-08-16 21:43:30 FIT model.layers.2.self_attn.k_proj.weight :: awq_p1.0 bpw=3.4800 rel_err=0.2532 t=0.22s [78/980] ETA=0.58h
2026-08-16 21:43:31 FIT model.layers.2.self_attn.k_proj.weight :: awq_p2.0 bpw=3.9600 rel_err=0.2441 t=0.40s [79/980] ETA=0.58h
2026-08-16 21:43:31 SKIP cached model.layers.2.self_attn.k_proj.weight :: rtn4
2026-08-16 21:43:33 FIT model.layers.2.self_attn.v_proj.weight :: seed_only bpw=3.0000 rel_err=0.2645 t=1.93s [81/980] ETA=0.57h
2026-08-16 21:43:33 FIT model.layers.2.self_attn.v_proj.weight :: awq_p0.5 bpw=3.2400 rel_err=0.2601 t=0.12s [82/980] ETA=0.57h
2026-08-16 21:43:33 FIT model.layers.2.self_attn.v_proj.weight :: awq_p1.0 bpw=3.4800 rel_err=0.2558 t=0.22s [83/980] ETA=0.56h
2026-08-16 21:43:34 FIT model.layers.2.self_attn.v_proj.weight :: awq_p2.0 bpw=3.9600 rel_err=0.2474 t=0.41s [84/980] ETA=0.55h
2026-08-16 21:43:34 SKIP cached model.layers.2.self_attn.v_proj.weight :: rtn4
2026-08-16 21:43:38 FIT model.layers.2.self_attn.o_proj.weight :: seed_only bpw=3.0000 rel_err=0.2636 t=3.85s [86/980] ETA=0.56h
2026-08-16 21:43:38 FIT model.layers.2.self_attn.o_proj.weight :: awq_p0.5 bpw=3.2400 rel_err=0.2565 t=0.21s [87/980] ETA=0.55h
2026-08-16 21:43:39 FIT model.layers.2.self_attn.o_proj.weight :: awq_p1.0 bpw=3.4800 rel_err=0.2516 t=0.39s [88/980] ETA=0.54h
2026-08-16 21:43:40 FIT model.layers.2.self_attn.o_proj.weight :: awq_p2.0 bpw=3.9600 rel_err=0.2434 t=0.73s [89/980] ETA=0.54h
2026-08-16 21:43:40 SKIP cached model.layers.2.self_attn.o_proj.weight :: rtn4
2026-08-16 21:43:52 FIT model.layers.2.mlp.gate_proj.weight :: seed_only bpw=3.0000 rel_err=0.2632 t=11.51s [91/980] ETA=0.57h
2026-08-16 21:43:53 FIT model.layers.2.mlp.gate_proj.weight :: awq_p0.5 bpw=3.2400 rel_err=0.2596 t=0.70s [92/980] ETA=0.56h
2026-08-16 21:43:54 FIT model.layers.2.mlp.gate_proj.weight :: awq_p1.0 bpw=3.4800 rel_err=0.2542 t=1.33s [93/980] ETA=0.56h
2026-08-16 21:43:57 FIT model.layers.2.mlp.gate_proj.weight :: awq_p2.0 bpw=3.9600 rel_err=0.2441 t=2.47s [94/980] ETA=0.56h
2026-08-16 21:43:57 SKIP cached model.layers.2.mlp.gate_proj.weight :: rtn4
2026-08-16 21:44:09 FIT model.layers.2.mlp.up_proj.weight :: seed_only bpw=3.0000 rel_err=0.2637 t=11.51s [96/980] ETA=0.59h
2026-08-16 21:44:10 FIT model.layers.2.mlp.up_proj.weight :: awq_p0.5 bpw=3.2400 rel_err=0.2577 t=0.66s [97/980] ETA=0.58h
2026-08-16 21:44:11 FIT model.layers.2.mlp.up_proj.weight :: awq_p1.0 bpw=3.4800 rel_err=0.2522 t=1.27s [98/980] ETA=0.58h
2026-08-16 21:44:14 FIT model.layers.2.mlp.up_proj.weight :: awq_p2.0 bpw=3.9600 rel_err=0.2426 t=2.41s [99/980] ETA=0.58h
2026-08-16 21:44:14 SKIP cached model.layers.2.mlp.up_proj.weight :: rtn4
2026-08-16 21:44:26 FIT model.layers.2.mlp.down_proj.weight :: seed_only bpw=3.0000 rel_err=0.2651 t=11.51s [101/980] ETA=0.61h
2026-08-16 21:44:27 FIT model.layers.2.mlp.down_proj.weight :: awq_p0.5 bpw=3.2400 rel_err=0.2605 t=0.69s [102/980] ETA=0.60h
2026-08-16 21:44:28 FIT model.layers.2.mlp.down_proj.weight :: awq_p1.0 bpw=3.4800 rel_err=0.2570 t=1.32s [103/980] ETA=0.60h
2026-08-16 21:44:31 FIT model.layers.2.mlp.down_proj.weight :: awq_p2.0 bpw=3.9600 rel_err=0.2504 t=2.49s [104/980] ETA=0.60h
2026-08-16 21:44:31 SKIP cached model.layers.2.mlp.down_proj.weight :: rtn4
2026-08-16 21:44:35 FIT model.layers.3.self_attn.q_proj.weight :: seed_only bpw=3.0000 rel_err=0.2648 t=3.84s [106/980] ETA=0.60h
2026-08-16 21:44:35 FIT model.layers.3.self_attn.q_proj.weight :: awq_p0.5 bpw=3.2400 rel_err=0.2573 t=0.23s [107/980] ETA=0.60h
2026-08-16 21:44:36 FIT model.layers.3.self_attn.q_proj.weight :: awq_p1.0 bpw=3.4800 rel_err=0.2513 t=0.42s [108/980] ETA=0.59h
2026-08-16 21:44:37 FIT model.layers.3.self_attn.q_proj.weight :: awq_p2.0 bpw=3.9600 rel_err=0.2412 t=0.77s [109/980] ETA=0.59h
2026-08-16 21:44:37 SKIP cached model.layers.3.self_attn.q_proj.weight :: rtn4
2026-08-16 21:44:39 FIT model.layers.3.self_attn.k_proj.weight :: seed_only bpw=3.0000 rel_err=0.2651 t=1.93s [111/980] ETA=0.58h
2026-08-16 21:44:39 FIT model.layers.3.self_attn.k_proj.weight :: awq_p0.5 bpw=3.2400 rel_err=0.2570 t=0.12s [112/980] ETA=0.58h
2026-08-16 21:44:39 FIT model.layers.3.self_attn.k_proj.weight :: awq_p1.0 bpw=3.4800 rel_err=0.2518 t=0.22s [113/980] ETA=0.57h
2026-08-16 21:44:40 FIT model.layers.3.self_attn.k_proj.weight :: awq_p2.0 bpw=3.9600 rel_err=0.2416 t=0.40s [114/980] ETA=0.57h
2026-08-16 21:44:40 SKIP cached model.layers.3.self_attn.k_proj.weight :: rtn4
2026-08-16 21:44:42 FIT model.layers.3.self_attn.v_proj.weight :: seed_only bpw=3.0000 rel_err=0.2647 t=1.93s [116/980] ETA=0.56h
2026-08-16 21:44:42 FIT model.layers.3.self_attn.v_proj.weight :: awq_p0.5 bpw=3.2400 rel_err=0.2594 t=0.12s [117/980] ETA=0.56h
2026-08-16 21:44:42 FIT model.layers.3.self_attn.v_proj.weight :: awq_p1.0 bpw=3.4800 rel_err=0.2547 t=0.23s [118/980] ETA=0.55h
2026-08-16 21:44:43 FIT model.layers.3.self_attn.v_proj.weight :: awq_p2.0 bpw=3.9600 rel_err=0.2460 t=0.42s [119/980] ETA=0.55h
2026-08-16 21:44:43 SKIP cached model.layers.3.self_attn.v_proj.weight :: rtn4
2026-08-16 21:44:47 FIT model.layers.3.self_attn.o_proj.weight :: seed_only bpw=3.0000 rel_err=0.2637 t=3.84s [121/980] ETA=0.55h
2026-08-16 21:44:47 FIT model.layers.3.self_attn.o_proj.weight :: awq_p0.5 bpw=3.2400 rel_err=0.2594 t=0.23s [122/980] ETA=0.54h
2026-08-16 21:44:48 FIT model.layers.3.self_attn.o_proj.weight :: awq_p1.0 bpw=3.4800 rel_err=0.2555 t=0.43s [123/980] ETA=0.54h
2026-08-16 21:44:49 FIT model.layers.3.self_attn.o_proj.weight :: awq_p2.0 bpw=3.9600 rel_err=0.2481 t=0.78s [124/980] ETA=0.54h
2026-08-16 21:44:49 SKIP cached model.layers.3.self_attn.o_proj.weight :: rtn4
2026-08-16 21:45:01 FIT model.layers.3.mlp.gate_proj.weight :: seed_only bpw=3.0000 rel_err=0.2633 t=11.51s [126/980] ETA=0.56h
2026-08-16 21:45:02 FIT model.layers.3.mlp.gate_proj.weight :: awq_p0.5 bpw=3.2400 rel_err=0.2600 t=0.70s [127/980] ETA=0.55h
2026-08-16 21:45:03 FIT model.layers.3.mlp.gate_proj.weight :: awq_p1.0 bpw=3.4800 rel_err=0.2545 t=1.34s [128/980] ETA=0.55h
2026-08-16 21:45:06 FIT model.layers.3.mlp.gate_proj.weight :: awq_p2.0 bpw=3.9600 rel_err=0.2446 t=2.48s [129/980] ETA=0.55h
2026-08-16 21:45:07 SKIP cached model.layers.3.mlp.gate_proj.weight :: rtn4
2026-08-16 21:45:18 FIT model.layers.3.mlp.up_proj.weight :: seed_only bpw=3.0000 rel_err=0.2639 t=11.51s [131/980] ETA=0.57h
2026-08-16 21:45:19 FIT model.layers.3.mlp.up_proj.weight :: awq_p0.5 bpw=3.2400 rel_err=0.2585 t=0.68s [132/980] ETA=0.57h
2026-08-16 21:45:21 FIT model.layers.3.mlp.up_proj.weight :: awq_p1.0 bpw=3.4800 rel_err=0.2530 t=1.29s [133/980] ETA=0.57h
2026-08-16 21:45:23 FIT model.layers.3.mlp.up_proj.weight :: awq_p2.0 bpw=3.9600 rel_err=0.2434 t=2.44s [134/980] ETA=0.57h
2026-08-16 21:45:24 SKIP cached model.layers.3.mlp.up_proj.weight :: rtn4
2026-08-16 21:45:36 FIT model.layers.3.mlp.down_proj.weight :: seed_only bpw=3.0000 rel_err=0.2648 t=11.51s [136/980] ETA=0.59h
2026-08-16 21:45:36 FIT model.layers.3.mlp.down_proj.weight :: awq_p0.5 bpw=3.2400 rel_err=0.2610 t=0.68s [137/980] ETA=0.58h
2026-08-16 21:45:38 FIT model.layers.3.mlp.down_proj.weight :: awq_p1.0 bpw=3.4800 rel_err=0.2578 t=1.31s [138/980] ETA=0.58h
2026-08-16 21:45:41 FIT model.layers.3.mlp.down_proj.weight :: awq_p2.0 bpw=3.9600 rel_err=0.2514 t=2.48s [139/980] ETA=0.58h
2026-08-16 21:45:41 SKIP cached model.layers.3.mlp.down_proj.weight :: rtn4
2026-08-16 21:45:45 FIT model.layers.4.self_attn.q_proj.weight :: seed_only bpw=3.0000 rel_err=0.2643 t=3.84s [141/980] ETA=0.58h
2026-08-16 21:45:45 FIT model.layers.4.self_attn.q_proj.weight :: awq_p0.5 bpw=3.2400 rel_err=0.2581 t=0.23s [142/980] ETA=0.57h
2026-08-16 21:45:46 FIT model.layers.4.self_attn.q_proj.weight :: awq_p1.0 bpw=3.4800 rel_err=0.2526 t=0.42s [143/980] ETA=0.57h
2026-08-16 21:45:46 FIT model.layers.4.self_attn.q_proj.weight :: awq_p2.0 bpw=3.9600 rel_err=0.2425 t=0.77s [144/980] ETA=0.57h
2026-08-16 21:45:46 SKIP cached model.layers.4.self_attn.q_proj.weight :: rtn4
2026-08-16 21:45:49 FIT model.layers.4.self_attn.k_proj.weight :: seed_only bpw=3.0000 rel_err=0.2647 t=1.93s [146/980] ETA=0.56h
2026-08-16 21:45:49 FIT model.layers.4.self_attn.k_proj.weight :: awq_p0.5 bpw=3.2400 rel_err=0.2575 t=0.12s [147/980] ETA=0.56h
2026-08-16 21:45:49 FIT model.layers.4.self_attn.k_proj.weight :: awq_p1.0 bpw=3.4800 rel_err=0.2526 t=0.22s [148/980] ETA=0.55h
2026-08-16 21:45:50 FIT model.layers.4.self_attn.k_proj.weight :: awq_p2.0 bpw=3.9600 rel_err=0.2429 t=0.40s [149/980] ETA=0.55h
2026-08-16 21:45:50 SKIP cached model.layers.4.self_attn.k_proj.weight :: rtn4
2026-08-16 21:45:52 FIT model.layers.4.self_attn.v_proj.weight :: seed_only bpw=3.0000 rel_err=0.2645 t=1.93s [151/980] ETA=0.55h
2026-08-16 21:45:52 FIT model.layers.4.self_attn.v_proj.weight :: awq_p0.5 bpw=3.2400 rel_err=0.2602 t=0.12s [152/980] ETA=0.54h
2026-08-16 21:45:52 FIT model.layers.4.self_attn.v_proj.weight :: awq_p1.0 bpw=3.4800 rel_err=0.2556 t=0.23s [153/980] ETA=0.54h
2026-08-16 21:45:53 FIT model.layers.4.self_attn.v_proj.weight :: awq_p2.0 bpw=3.9600 rel_err=0.2464 t=0.42s [154/980] ETA=0.54h
2026-08-16 21:45:53 SKIP cached model.layers.4.self_attn.v_proj.weight :: rtn4
2026-08-16 21:45:57 FIT model.layers.4.self_attn.o_proj.weight :: seed_only bpw=3.0000 rel_err=0.2637 t=3.84s [156/980] ETA=0.54h
2026-08-16 21:45:57 FIT model.layers.4.self_attn.o_proj.weight :: awq_p0.5 bpw=3.2400 rel_err=0.2582 t=0.20s [157/980] ETA=0.53h
2026-08-16 21:45:58 FIT model.layers.4.self_attn.o_proj.weight :: awq_p1.0 bpw=3.4800 rel_err=0.2545 t=0.35s [158/980] ETA=0.53h
2026-08-16 21:45:58 FIT model.layers.4.self_attn.o_proj.weight :: awq_p2.0 bpw=3.9600 rel_err=0.2478 t=0.63s [159/980] ETA=0.53h
2026-08-16 21:45:59 SKIP cached model.layers.4.self_attn.o_proj.weight :: rtn4
2026-08-16 21:46:10 FIT model.layers.4.mlp.gate_proj.weight :: seed_only bpw=3.0000 rel_err=0.2633 t=11.51s [161/980] ETA=0.54h
2026-08-16 21:46:11 FIT model.layers.4.mlp.gate_proj.weight :: awq_p0.5 bpw=3.2400 rel_err=0.2602 t=0.70s [162/980] ETA=0.54h
2026-08-16 21:46:13 FIT model.layers.4.mlp.gate_proj.weight :: awq_p1.0 bpw=3.4800 rel_err=0.2544 t=1.33s [163/980] ETA=0.54h
2026-08-16 21:46:15 FIT model.layers.4.mlp.gate_proj.weight :: awq_p2.0 bpw=3.9600 rel_err=0.2440 t=2.47s [164/980] ETA=0.54h
2026-08-16 21:46:16 SKIP cached model.layers.4.mlp.gate_proj.weight :: rtn4
2026-08-16 21:46:27 FIT model.layers.4.mlp.up_proj.weight :: seed_only bpw=3.0000 rel_err=0.2639 t=11.51s [166/980] ETA=0.55h
2026-08-16 21:46:28 FIT model.layers.4.mlp.up_proj.weight :: awq_p0.5 bpw=3.2400 rel_err=0.2582 t=0.68s [167/980] ETA=0.55h
2026-08-16 21:46:30 FIT model.layers.4.mlp.up_proj.weight :: awq_p1.0 bpw=3.4800 rel_err=0.2524 t=1.29s [168/980] ETA=0.54h
2026-08-16 21:46:32 FIT model.layers.4.mlp.up_proj.weight :: awq_p2.0 bpw=3.9600 rel_err=0.2426 t=2.42s [169/980] ETA=0.54h
2026-08-16 21:46:32 SKIP cached model.layers.4.mlp.up_proj.weight :: rtn4
2026-08-16 21:46:44 FIT model.layers.4.mlp.down_proj.weight :: seed_only bpw=3.0000 rel_err=0.2649 t=11.51s [171/980] ETA=0.56h
2026-08-16 21:46:45 FIT model.layers.4.mlp.down_proj.weight :: awq_p0.5 bpw=3.2400 rel_err=0.2599 t=0.68s [172/980] ETA=0.56h
2026-08-16 21:46:47 FIT model.layers.4.mlp.down_proj.weight :: awq_p1.0 bpw=3.4800 rel_err=0.2556 t=1.31s [173/980] ETA=0.55h
2026-08-16 21:46:49 FIT model.layers.4.mlp.down_proj.weight :: awq_p2.0 bpw=3.9600 rel_err=0.2475 t=2.48s [174/980] ETA=0.55h
2026-08-16 21:46:49 SKIP cached model.layers.4.mlp.down_proj.weight :: rtn4
2026-08-16 21:46:54 FIT model.layers.5.self_attn.q_proj.weight :: seed_only bpw=3.0000 rel_err=0.2646 t=3.84s [176/980] ETA=0.55h
2026-08-16 21:46:54 FIT model.layers.5.self_attn.q_proj.weight :: awq_p0.5 bpw=3.2400 rel_err=0.2584 t=0.23s [177/980] ETA=0.55h
2026-08-16 21:46:54 FIT model.layers.5.self_attn.q_proj.weight :: awq_p1.0 bpw=3.4800 rel_err=0.2532 t=0.42s [178/980] ETA=0.55h
2026-08-16 21:46:55 FIT model.layers.5.self_attn.q_proj.weight :: awq_p2.0 bpw=3.9600 rel_err=0.2437 t=0.77s [179/980] ETA=0.54h
2026-08-16 21:46:55 SKIP cached model.layers.5.self_attn.q_proj.weight :: rtn4
2026-08-16 21:46:57 FIT model.layers.5.self_attn.k_proj.weight :: seed_only bpw=3.0000 rel_err=0.2640 t=1.93s [181/980] ETA=0.54h
2026-08-16 21:46:58 FIT model.layers.5.self_attn.k_proj.weight :: awq_p0.5 bpw=3.2400 rel_err=0.2597 t=0.12s [182/980] ETA=0.54h
2026-08-16 21:46:58 FIT model.layers.5.self_attn.k_proj.weight :: awq_p1.0 bpw=3.4800 rel_err=0.2555 t=0.23s [183/980] ETA=0.53h
2026-08-16 21:46:58 FIT model.layers.5.self_attn.k_proj.weight :: awq_p2.0 bpw=3.9600 rel_err=0.2469 t=0.41s [184/980] ETA=0.53h
2026-08-16 21:46:58 SKIP cached model.layers.5.self_attn.k_proj.weight :: rtn4
2026-08-16 21:47:01 FIT model.layers.5.self_attn.v_proj.weight :: seed_only bpw=3.0000 rel_err=0.2661 t=1.93s [186/980] ETA=0.53h
2026-08-16 21:47:01 FIT model.layers.5.self_attn.v_proj.weight :: awq_p0.5 bpw=3.2400 rel_err=0.2586 t=0.12s [187/980] ETA=0.52h
2026-08-16 21:47:01 FIT model.layers.5.self_attn.v_proj.weight :: awq_p1.0 bpw=3.4800 rel_err=0.2542 t=0.22s [188/980] ETA=0.52h
2026-08-16 21:47:02 FIT model.layers.5.self_attn.v_proj.weight :: awq_p2.0 bpw=3.9600 rel_err=0.2454 t=0.41s [189/980] ETA=0.52h
2026-08-16 21:47:02 SKIP cached model.layers.5.self_attn.v_proj.weight :: rtn4
2026-08-16 21:47:06 FIT model.layers.5.self_attn.o_proj.weight :: seed_only bpw=3.0000 rel_err=0.2631 t=3.84s [191/980] ETA=0.52h
2026-08-16 21:47:06 FIT model.layers.5.self_attn.o_proj.weight :: awq_p0.5 bpw=3.2400 rel_err=0.2529 t=0.17s [192/980] ETA=0.52h
2026-08-16 21:47:07 FIT model.layers.5.self_attn.o_proj.weight :: awq_p1.0 bpw=3.4800 rel_err=0.2487 t=0.33s [193/980] ETA=0.51h
2026-08-16 21:47:07 FIT model.layers.5.self_attn.o_proj.weight :: awq_p2.0 bpw=3.9600 rel_err=0.2419 t=0.64s [194/980] ETA=0.51h
2026-08-16 21:47:07 SKIP cached model.layers.5.self_attn.o_proj.weight :: rtn4
2026-08-16 21:47:19 FIT model.layers.5.mlp.gate_proj.weight :: seed_only bpw=3.0000 rel_err=0.2637 t=11.51s [196/980] ETA=0.52h
2026-08-16 21:47:20 FIT model.layers.5.mlp.gate_proj.weight :: awq_p0.5 bpw=3.2400 rel_err=0.2592 t=0.69s [197/980] ETA=0.52h
2026-08-16 21:47:22 FIT model.layers.5.mlp.gate_proj.weight :: awq_p1.0 bpw=3.4800 rel_err=0.2533 t=1.30s [198/980] ETA=0.52h
2026-08-16 21:47:24 FIT model.layers.5.mlp.gate_proj.weight :: awq_p2.0 bpw=3.9600 rel_err=0.2430 t=2.40s [199/980] ETA=0.52h
2026-08-16 21:47:24 SKIP cached model.layers.5.mlp.gate_proj.weight :: rtn4
2026-08-16 21:47:36 FIT model.layers.5.mlp.up_proj.weight :: seed_only bpw=3.0000 rel_err=0.2641 t=11.51s [201/980] ETA=0.53h
2026-08-16 21:47:37 FIT model.layers.5.mlp.up_proj.weight :: awq_p0.5 bpw=3.2400 rel_err=0.2585 t=0.68s [202/980] ETA=0.53h
2026-08-16 21:47:39 FIT model.layers.5.mlp.up_proj.weight :: awq_p1.0 bpw=3.4800 rel_err=0.2530 t=1.32s [203/980] ETA=0.52h
2026-08-16 21:47:41 FIT model.layers.5.mlp.up_proj.weight :: awq_p2.0 bpw=3.9600 rel_err=0.2434 t=2.48s [204/980] ETA=0.52h
2026-08-16 21:47:42 SKIP cached model.layers.5.mlp.up_proj.weight :: rtn4
2026-08-16 21:47:53 FIT model.layers.5.mlp.down_proj.weight :: seed_only bpw=3.0000 rel_err=0.2646 t=11.51s [206/980] ETA=0.53h
2026-08-16 21:47:54 FIT model.layers.5.mlp.down_proj.weight :: awq_p0.5 bpw=3.2400 rel_err=0.2594 t=0.68s [207/980] ETA=0.53h
2026-08-16 21:47:56 FIT model.layers.5.mlp.down_proj.weight :: awq_p1.0 bpw=3.4800 rel_err=0.2544 t=1.31s [208/980] ETA=0.53h
2026-08-16 21:47:58 FIT model.layers.5.mlp.down_proj.weight :: awq_p2.0 bpw=3.9600 rel_err=0.2451 t=2.47s [209/980] ETA=0.53h
2026-08-16 21:47:58 SKIP cached model.layers.5.mlp.down_proj.weight :: rtn4
2026-08-16 21:48:02 FIT model.layers.6.self_attn.q_proj.weight :: seed_only bpw=3.0000 rel_err=0.2645 t=3.84s [211/980] ETA=0.53h
2026-08-16 21:48:03 FIT model.layers.6.self_attn.q_proj.weight :: awq_p0.5 bpw=3.2400 rel_err=0.2559 t=0.23s [212/980] ETA=0.53h
2026-08-16 21:48:03 FIT model.layers.6.self_attn.q_proj.weight :: awq_p1.0 bpw=3.4800 rel_err=0.2485 t=0.41s [213/980] ETA=0.52h
2026-08-16 21:48:04 FIT model.layers.6.self_attn.q_proj.weight :: awq_p2.0 bpw=3.9600 rel_err=0.2369 t=0.73s [214/980] ETA=0.52h
2026-08-16 21:48:04 SKIP cached model.layers.6.self_attn.q_proj.weight :: rtn4
2026-08-16 21:48:06 FIT model.layers.6.self_attn.k_proj.weight :: seed_only bpw=3.0000 rel_err=0.2651 t=1.93s [216/980] ETA=0.52h
2026-08-16 21:48:07 FIT model.layers.6.self_attn.k_proj.weight :: awq_p0.5 bpw=3.2400 rel_err=0.2567 t=0.12s [217/980] ETA=0.52h
2026-08-16 21:48:07 FIT model.layers.6.self_attn.k_proj.weight :: awq_p1.0 bpw=3.4800 rel_err=0.2514 t=0.22s [218/980] ETA=0.51h
2026-08-16 21:48:07 FIT model.layers.6.self_attn.k_proj.weight :: awq_p2.0 bpw=3.9600 rel_err=0.2411 t=0.40s [219/980] ETA=0.51h
2026-08-16 21:48:07 SKIP cached model.layers.6.self_attn.k_proj.weight :: rtn4
2026-08-16 21:48:10 FIT model.layers.6.self_attn.v_proj.weight :: seed_only bpw=3.0000 rel_err=0.2650 t=1.93s [221/980] ETA=0.51h
2026-08-16 21:48:10 FIT model.layers.6.self_attn.v_proj.weight :: awq_p0.5 bpw=3.2400 rel_err=0.2605 t=0.12s [222/980] ETA=0.50h
2026-08-16 21:48:10 FIT model.layers.6.self_attn.v_proj.weight :: awq_p1.0 bpw=3.4800 rel_err=0.2556 t=0.23s [223/980] ETA=0.50h
2026-08-16 21:48:10 FIT model.layers.6.self_attn.v_proj.weight :: awq_p2.0 bpw=3.9600 rel_err=0.2464 t=0.41s [224/980] ETA=0.50h
2026-08-16 21:48:11 SKIP cached model.layers.6.self_attn.v_proj.weight :: rtn4
2026-08-16 21:48:15 FIT model.layers.6.self_attn.o_proj.weight :: seed_only bpw=3.0000 rel_err=0.2638 t=3.84s [226/980] ETA=0.50h
2026-08-16 21:48:15 FIT model.layers.6.self_attn.o_proj.weight :: awq_p0.5 bpw=3.2400 rel_err=0.2593 t=0.19s [227/980] ETA=0.50h
2026-08-16 21:48:15 FIT model.layers.6.self_attn.o_proj.weight :: awq_p1.0 bpw=3.4800 rel_err=0.2562 t=0.34s [228/980] ETA=0.49h
2026-08-16 21:48:16 FIT model.layers.6.self_attn.o_proj.weight :: awq_p2.0 bpw=3.9600 rel_err=0.2501 t=0.61s [229/980] ETA=0.49h
2026-08-16 21:48:16 SKIP cached model.layers.6.self_attn.o_proj.weight :: rtn4
2026-08-16 21:48:28 FIT model.layers.6.mlp.gate_proj.weight :: seed_only bpw=3.0000 rel_err=0.2638 t=11.51s [231/980] ETA=0.50h
2026-08-16 21:48:29 FIT model.layers.6.mlp.gate_proj.weight :: awq_p0.5 bpw=3.2400 rel_err=0.2593 t=0.69s [232/980] ETA=0.50h
2026-08-16 21:48:30 FIT model.layers.6.mlp.gate_proj.weight :: awq_p1.0 bpw=3.4800 rel_err=0.2534 t=1.30s [233/980] ETA=0.50h
2026-08-16 21:48:33 FIT model.layers.6.mlp.gate_proj.weight :: awq_p2.0 bpw=3.9600 rel_err=0.2428 t=2.38s [234/980] ETA=0.50h
2026-08-16 21:48:33 SKIP cached model.layers.6.mlp.gate_proj.weight :: rtn4
2026-08-16 21:48:45 FIT model.layers.6.mlp.up_proj.weight :: seed_only bpw=3.0000 rel_err=0.2642 t=11.51s [236/980] ETA=0.50h
2026-08-16 21:48:46 FIT model.layers.6.mlp.up_proj.weight :: awq_p0.5 bpw=3.2400 rel_err=0.2587 t=0.68s [237/980] ETA=0.50h
2026-08-16 21:48:47 FIT model.layers.6.mlp.up_proj.weight :: awq_p1.0 bpw=3.4800 rel_err=0.2531 t=1.31s [238/980] ETA=0.50h
2026-08-16 21:48:50 FIT model.layers.6.mlp.up_proj.weight :: awq_p2.0 bpw=3.9600 rel_err=0.2433 t=2.46s [239/980] ETA=0.50h
2026-08-16 21:48:50 SKIP cached model.layers.6.mlp.up_proj.weight :: rtn4
2026-08-16 21:49:02 FIT model.layers.6.mlp.down_proj.weight :: seed_only bpw=3.0000 rel_err=0.2651 t=11.51s [241/980] ETA=0.51h
2026-08-16 21:49:03 FIT model.layers.6.mlp.down_proj.weight :: awq_p0.5 bpw=3.2400 rel_err=0.2595 t=0.68s [242/980] ETA=0.51h
2026-08-16 21:49:04 FIT model.layers.6.mlp.down_proj.weight :: awq_p1.0 bpw=3.4800 rel_err=0.2543 t=1.31s [243/980] ETA=0.50h
2026-08-16 21:49:07 FIT model.layers.6.mlp.down_proj.weight :: awq_p2.0 bpw=3.9600 rel_err=0.2449 t=2.48s [244/980] ETA=0.50h
2026-08-16 21:49:07 SKIP cached model.layers.6.mlp.down_proj.weight :: rtn4
2026-08-16 21:49:11 FIT model.layers.7.self_attn.q_proj.weight :: seed_only bpw=3.0000 rel_err=0.2643 t=3.84s [246/980] ETA=0.50h
2026-08-16 21:49:11 FIT model.layers.7.self_attn.q_proj.weight :: awq_p0.5 bpw=3.2400 rel_err=0.2581 t=0.23s [247/980] ETA=0.50h
2026-08-16 21:49:12 FIT model.layers.7.self_attn.q_proj.weight :: awq_p1.0 bpw=3.4800 rel_err=0.2525 t=0.43s [248/980] ETA=0.50h
2026-08-16 21:49:13 FIT model.layers.7.self_attn.q_proj.weight :: awq_p2.0 bpw=3.9600 rel_err=0.2426 t=0.78s [249/980] ETA=0.50h
2026-08-16 21:49:13 SKIP cached model.layers.7.self_attn.q_proj.weight :: rtn4
2026-08-16 21:49:15 FIT model.layers.7.self_attn.k_proj.weight :: seed_only bpw=3.0000 rel_err=0.2640 t=1.93s [251/980] ETA=0.50h
2026-08-16 21:49:15 FIT model.layers.7.self_attn.k_proj.weight :: awq_p0.5 bpw=3.2400 rel_err=0.2597 t=0.12s [252/980] ETA=0.49h
2026-08-16 21:49:15 FIT model.layers.7.self_attn.k_proj.weight :: awq_p1.0 bpw=3.4800 rel_err=0.2552 t=0.23s [253/980] ETA=0.49h
2026-08-16 21:49:16 FIT model.layers.7.self_attn.k_proj.weight :: awq_p2.0 bpw=3.9600 rel_err=0.2456 t=0.41s [254/980] ETA=0.49h
2026-08-16 21:49:16 SKIP cached model.layers.7.self_attn.k_proj.weight :: rtn4
2026-08-16 21:49:18 FIT model.layers.7.self_attn.v_proj.weight :: seed_only bpw=3.0000 rel_err=0.2652 t=1.93s [256/980] ETA=0.49h
2026-08-16 21:49:18 FIT model.layers.7.self_attn.v_proj.weight :: awq_p0.5 bpw=3.2400 rel_err=0.2593 t=0.12s [257/980] ETA=0.48h
2026-08-16 21:49:19 FIT model.layers.7.self_attn.v_proj.weight :: awq_p1.0 bpw=3.4800 rel_err=0.2540 t=0.23s [258/980] ETA=0.48h
2026-08-16 21:49:19 FIT model.layers.7.self_attn.v_proj.weight :: awq_p2.0 bpw=3.9600 rel_err=0.2447 t=0.42s [259/980] ETA=0.48h
2026-08-16 21:49:19 SKIP cached model.layers.7.self_attn.v_proj.weight :: rtn4
2026-08-16 21:49:23 FIT model.layers.7.self_attn.o_proj.weight :: seed_only bpw=3.0000 rel_err=0.2637 t=3.85s [261/980] ETA=0.48h
2026-08-16 21:49:23 FIT model.layers.7.self_attn.o_proj.weight :: awq_p0.5 bpw=3.2400 rel_err=0.2581 t=0.22s [262/980] ETA=0.47h
2026-08-16 21:49:24 FIT model.layers.7.self_attn.o_proj.weight :: awq_p1.0 bpw=3.4800 rel_err=0.2539 t=0.41s [263/980] ETA=0.47h
2026-08-16 21:49:25 FIT model.layers.7.self_attn.o_proj.weight :: awq_p2.0 bpw=3.9600 rel_err=0.2462 t=0.73s [264/980] ETA=0.47h
2026-08-16 21:49:25 SKIP cached model.layers.7.self_attn.o_proj.weight :: rtn4
2026-08-16 21:49:37 FIT model.layers.7.mlp.gate_proj.weight :: seed_only bpw=3.0000 rel_err=0.2633 t=11.51s [266/980] ETA=0.48h
2026-08-16 21:49:38 FIT model.layers.7.mlp.gate_proj.weight :: awq_p0.5 bpw=3.2400 rel_err=0.2600 t=0.68s [267/980] ETA=0.48h
2026-08-16 21:49:39 FIT model.layers.7.mlp.gate_proj.weight :: awq_p1.0 bpw=3.4800 rel_err=0.2539 t=1.29s [268/980] ETA=0.47h
2026-08-16 21:49:42 FIT model.layers.7.mlp.gate_proj.weight :: awq_p2.0 bpw=3.9600 rel_err=0.2428 t=2.39s [269/980] ETA=0.47h
2026-08-16 21:49:42 SKIP cached model.layers.7.mlp.gate_proj.weight :: rtn4
2026-08-16 21:49:54 FIT model.layers.7.mlp.up_proj.weight :: seed_only bpw=3.0000 rel_err=0.2641 t=11.51s [271/980] ETA=0.48h
2026-08-16 21:49:55 FIT model.layers.7.mlp.up_proj.weight :: awq_p0.5 bpw=3.2400 rel_err=0.2581 t=0.67s [272/980] ETA=0.48h
2026-08-16 21:49:57 FIT model.layers.7.mlp.up_proj.weight :: awq_p1.0 bpw=3.4800 rel_err=0.2523 t=1.29s [273/980] ETA=0.48h
2026-08-16 21:49:59 FIT model.layers.7.mlp.up_proj.weight :: awq_p2.0 bpw=3.9600 rel_err=0.2423 t=2.43s [274/980] ETA=0.48h
2026-08-16 21:49:59 SKIP cached model.layers.7.mlp.up_proj.weight :: rtn4
2026-08-16 21:50:11 FIT model.layers.7.mlp.down_proj.weight :: seed_only bpw=3.0000 rel_err=0.2650 t=11.51s [276/980] ETA=0.48h
2026-08-16 21:50:12 FIT model.layers.7.mlp.down_proj.weight :: awq_p0.5 bpw=3.2400 rel_err=0.2600 t=0.68s [277/980] ETA=0.48h
2026-08-16 21:50:14 FIT model.layers.7.mlp.down_proj.weight :: awq_p1.0 bpw=3.4800 rel_err=0.2549 t=1.31s [278/980] ETA=0.48h
2026-08-16 21:50:17 FIT model.layers.7.mlp.down_proj.weight :: awq_p2.0 bpw=3.9600 rel_err=0.2454 t=2.46s [279/980] ETA=0.48h
2026-08-16 21:50:17 SKIP cached model.layers.7.mlp.down_proj.weight :: rtn4
2026-08-16 21:50:21 FIT model.layers.8.self_attn.q_proj.weight :: seed_only bpw=3.0000 rel_err=0.2647 t=3.84s [281/980] ETA=0.48h
2026-08-16 21:50:21 FIT model.layers.8.self_attn.q_proj.weight :: awq_p0.5 bpw=3.2400 rel_err=0.2570 t=0.22s [282/980] ETA=0.48h
2026-08-16 21:50:22 FIT model.layers.8.self_attn.q_proj.weight :: awq_p1.0 bpw=3.4800 rel_err=0.2498 t=0.41s [283/980] ETA=0.48h
2026-08-16 21:50:23 FIT model.layers.8.self_attn.q_proj.weight :: awq_p2.0 bpw=3.9600 rel_err=0.2378 t=0.73s [284/980] ETA=0.47h
2026-08-16 21:50:23 SKIP cached model.layers.8.self_attn.q_proj.weight :: rtn4
2026-08-16 21:50:25 FIT model.layers.8.self_attn.k_proj.weight :: seed_only bpw=3.0000 rel_err=0.2657 t=1.93s [286/980] ETA=0.47h
2026-08-16 21:50:25 FIT model.layers.8.self_attn.k_proj.weight :: awq_p0.5 bpw=3.2400 rel_err=0.2573 t=0.12s [287/980] ETA=0.47h
2026-08-16 21:50:25 FIT model.layers.8.self_attn.k_proj.weight :: awq_p1.0 bpw=3.4800 rel_err=0.2510 t=0.22s [288/980] ETA=0.47h
2026-08-16 21:50:26 FIT model.layers.8.self_attn.k_proj.weight :: awq_p2.0 bpw=3.9600 rel_err=0.2394 t=0.39s [289/980] ETA=0.47h
2026-08-16 21:50:26 SKIP cached model.layers.8.self_attn.k_proj.weight :: rtn4
2026-08-16 21:50:28 FIT model.layers.8.self_attn.v_proj.weight :: seed_only bpw=3.0000 rel_err=0.2647 t=1.93s [291/980] ETA=0.46h
2026-08-16 21:50:28 FIT model.layers.8.self_attn.v_proj.weight :: awq_p0.5 bpw=3.2400 rel_err=0.2601 t=0.12s [292/980] ETA=0.46h
2026-08-16 21:50:28 FIT model.layers.8.self_attn.v_proj.weight :: awq_p1.0 bpw=3.4800 rel_err=0.2551 t=0.22s [293/980] ETA=0.46h
2026-08-16 21:50:29 FIT model.layers.8.self_attn.v_proj.weight :: awq_p2.0 bpw=3.9600 rel_err=0.2461 t=0.41s [294/980] ETA=0.46h
2026-08-16 21:50:29 SKIP cached model.layers.8.self_attn.v_proj.weight :: rtn4
2026-08-16 21:50:33 FIT model.layers.8.self_attn.o_proj.weight :: seed_only bpw=3.0000 rel_err=0.2636 t=3.85s [296/980] ETA=0.46h
2026-08-16 21:50:33 FIT model.layers.8.self_attn.o_proj.weight :: awq_p0.5 bpw=3.2400 rel_err=0.2600 t=0.22s [297/980] ETA=0.45h
2026-08-16 21:50:34 FIT model.layers.8.self_attn.o_proj.weight :: awq_p1.0 bpw=3.4800 rel_err=0.2568 t=0.40s [298/980] ETA=0.45h
2026-08-16 21:50:35 FIT model.layers.8.self_attn.o_proj.weight :: awq_p2.0 bpw=3.9600 rel_err=0.2506 t=0.72s [299/980] ETA=0.45h
2026-08-16 21:50:35 SKIP cached model.layers.8.self_attn.o_proj.weight :: rtn4
2026-08-16 21:50:46 FIT model.layers.8.mlp.gate_proj.weight :: seed_only bpw=3.0000 rel_err=0.2637 t=11.51s [301/980] ETA=0.46h
2026-08-16 21:50:47 FIT model.layers.8.mlp.gate_proj.weight :: awq_p0.5 bpw=3.2400 rel_err=0.2596 t=0.68s [302/980] ETA=0.45h
2026-08-16 21:50:49 FIT model.layers.8.mlp.gate_proj.weight :: awq_p1.0 bpw=3.4800 rel_err=0.2535 t=1.28s [303/980] ETA=0.45h
2026-08-16 21:50:51 FIT model.layers.8.mlp.gate_proj.weight :: awq_p2.0 bpw=3.9600 rel_err=0.2425 t=2.36s [304/980] ETA=0.45h
2026-08-16 21:50:51 SKIP cached model.layers.8.mlp.gate_proj.weight :: rtn4
2026-08-16 21:51:03 FIT model.layers.8.mlp.up_proj.weight :: seed_only bpw=3.0000 rel_err=0.2642 t=11.51s [306/980] ETA=0.46h
2026-08-16 21:51:04 FIT model.layers.8.mlp.up_proj.weight :: awq_p0.5 bpw=3.2400 rel_err=0.2585 t=0.68s [307/980] ETA=0.46h
2026-08-16 21:51:06 FIT model.layers.8.mlp.up_proj.weight :: awq_p1.0 bpw=3.4800 rel_err=0.2528 t=1.30s [308/980] ETA=0.46h
2026-08-16 21:51:08 FIT model.layers.8.mlp.up_proj.weight :: awq_p2.0 bpw=3.9600 rel_err=0.2428 t=2.44s [309/980] ETA=0.45h
2026-08-16 21:51:08 SKIP cached model.layers.8.mlp.up_proj.weight :: rtn4
2026-08-16 21:51:20 FIT model.layers.8.mlp.down_proj.weight :: seed_only bpw=3.0000 rel_err=0.2652 t=11.51s [311/980] ETA=0.46h
2026-08-16 21:51:21 FIT model.layers.8.mlp.down_proj.weight :: awq_p0.5 bpw=3.2400 rel_err=0.2602 t=0.67s [312/980] ETA=0.46h
2026-08-16 21:51:23 FIT model.layers.8.mlp.down_proj.weight :: awq_p1.0 bpw=3.4800 rel_err=0.2552 t=1.30s [313/980] ETA=0.46h
2026-08-16 21:51:25 FIT model.layers.8.mlp.down_proj.weight :: awq_p2.0 bpw=3.9600 rel_err=0.2459 t=2.46s [314/980] ETA=0.46h
2026-08-16 21:51:26 SKIP cached model.layers.8.mlp.down_proj.weight :: rtn4
2026-08-16 21:51:30 FIT model.layers.9.self_attn.q_proj.weight :: seed_only bpw=3.0000 rel_err=0.2648 t=3.85s [316/980] ETA=0.46h
2026-08-16 21:51:30 FIT model.layers.9.self_attn.q_proj.weight :: awq_p0.5 bpw=3.2400 rel_err=0.2575 t=0.23s [317/980] ETA=0.45h
2026-08-16 21:51:31 FIT model.layers.9.self_attn.q_proj.weight :: awq_p1.0 bpw=3.4800 rel_err=0.2503 t=0.41s [318/980] ETA=0.45h
2026-08-16 21:51:32 FIT model.layers.9.self_attn.q_proj.weight :: awq_p2.0 bpw=3.9600 rel_err=0.2384 t=0.73s [319/980] ETA=0.45h
2026-08-16 21:51:32 SKIP cached model.layers.9.self_attn.q_proj.weight :: rtn4
2026-08-16 21:51:34 FIT model.layers.9.self_attn.k_proj.weight :: seed_only bpw=3.0000 rel_err=0.2656 t=1.93s [321/980] ETA=0.45h
2026-08-16 21:51:34 FIT model.layers.9.self_attn.k_proj.weight :: awq_p0.5 bpw=3.2400 rel_err=0.2588 t=0.12s [322/980] ETA=0.45h
2026-08-16 21:51:34 FIT model.layers.9.self_attn.k_proj.weight :: awq_p1.0 bpw=3.4800 rel_err=0.2535 t=0.23s [323/980] ETA=0.44h
2026-08-16 21:51:35 FIT model.layers.9.self_attn.k_proj.weight :: awq_p2.0 bpw=3.9600 rel_err=0.2431 t=0.41s [324/980] ETA=0.44h
2026-08-16 21:51:35 SKIP cached model.layers.9.self_attn.k_proj.weight :: rtn4
2026-08-16 21:51:37 FIT model.layers.9.self_attn.v_proj.weight :: seed_only bpw=3.0000 rel_err=0.2657 t=1.93s [326/980] ETA=0.44h
2026-08-16 21:51:37 FIT model.layers.9.self_attn.v_proj.weight :: awq_p0.5 bpw=3.2400 rel_err=0.2596 t=0.12s [327/980] ETA=0.44h
2026-08-16 21:51:38 FIT model.layers.9.self_attn.v_proj.weight :: awq_p1.0 bpw=3.4800 rel_err=0.2537 t=0.22s [328/980] ETA=0.44h
2026-08-16 21:51:38 FIT model.layers.9.self_attn.v_proj.weight :: awq_p2.0 bpw=3.9600 rel_err=0.2434 t=0.41s [329/980] ETA=0.43h
2026-08-16 21:51:38 SKIP cached model.layers.9.self_attn.v_proj.weight :: rtn4
2026-08-16 21:51:43 FIT model.layers.9.self_attn.o_proj.weight :: seed_only bpw=3.0000 rel_err=0.2631 t=3.85s [331/980] ETA=0.43h
2026-08-16 21:51:43 FIT model.layers.9.self_attn.o_proj.weight :: awq_p0.5 bpw=3.2400 rel_err=0.2568 t=0.19s [332/980] ETA=0.43h
2026-08-16 21:51:43 FIT model.layers.9.self_attn.o_proj.weight :: awq_p1.0 bpw=3.4800 rel_err=0.2539 t=0.35s [333/980] ETA=0.43h
2026-08-16 21:51:44 FIT model.layers.9.self_attn.o_proj.weight :: awq_p2.0 bpw=3.9600 rel_err=0.2485 t=0.63s [334/980] ETA=0.43h
2026-08-16 21:51:44 SKIP cached model.layers.9.self_attn.o_proj.weight :: rtn4
2026-08-16 21:51:56 FIT model.layers.9.mlp.gate_proj.weight :: seed_only bpw=3.0000 rel_err=0.2638 t=11.51s [336/980] ETA=0.43h
2026-08-16 21:51:57 FIT model.layers.9.mlp.gate_proj.weight :: awq_p0.5 bpw=3.2400 rel_err=0.2599 t=0.67s [337/980] ETA=0.43h
2026-08-16 21:51:58 FIT model.layers.9.mlp.gate_proj.weight :: awq_p1.0 bpw=3.4800 rel_err=0.2540 t=1.28s [338/980] ETA=0.43h
2026-08-16 21:52:01 FIT model.layers.9.mlp.gate_proj.weight :: awq_p2.0 bpw=3.9600 rel_err=0.2432 t=2.34s [339/980] ETA=0.43h
2026-08-16 21:52:01 SKIP cached model.layers.9.mlp.gate_proj.weight :: rtn4
2026-08-16 21:52:13 FIT model.layers.9.mlp.up_proj.weight :: seed_only bpw=3.0000 rel_err=0.2642 t=11.51s [341/980] ETA=0.44h
2026-08-16 21:52:14 FIT model.layers.9.mlp.up_proj.weight :: awq_p0.5 bpw=3.2400 rel_err=0.2595 t=0.68s [342/980] ETA=0.43h
2026-08-16 21:52:15 FIT model.layers.9.mlp.up_proj.weight :: awq_p1.0 bpw=3.4800 rel_err=0.2539 t=1.30s [343/980] ETA=0.43h
2026-08-16 21:52:18 FIT model.layers.9.mlp.up_proj.weight :: awq_p2.0 bpw=3.9600 rel_err=0.2440 t=2.44s [344/980] ETA=0.43h
2026-08-16 21:52:18 SKIP cached model.layers.9.mlp.up_proj.weight :: rtn4
2026-08-16 21:52:30 FIT model.layers.9.mlp.down_proj.weight :: seed_only bpw=3.0000 rel_err=0.2655 t=11.51s [346/980] ETA=0.44h
2026-08-16 21:52:31 FIT model.layers.9.mlp.down_proj.weight :: awq_p0.5 bpw=3.2400 rel_err=0.2613 t=0.68s [347/980] ETA=0.43h
2026-08-16 21:52:32 FIT model.layers.9.mlp.down_proj.weight :: awq_p1.0 bpw=3.4800 rel_err=0.2572 t=1.30s [348/980] ETA=0.43h
2026-08-16 21:52:35 FIT model.layers.9.mlp.down_proj.weight :: awq_p2.0 bpw=3.9600 rel_err=0.2488 t=2.45s [349/980] ETA=0.43h
2026-08-16 21:52:35 SKIP cached model.layers.9.mlp.down_proj.weight :: rtn4
2026-08-16 21:52:39 FIT model.layers.10.self_attn.q_proj.weight :: seed_only bpw=3.0000 rel_err=0.2642 t=3.84s [351/980] ETA=0.43h
2026-08-16 21:52:39 FIT model.layers.10.self_attn.q_proj.weight :: awq_p0.5 bpw=3.2400 rel_err=0.2582 t=0.23s [352/980] ETA=0.43h
2026-08-16 21:52:40 FIT model.layers.10.self_attn.q_proj.weight :: awq_p1.0 bpw=3.4800 rel_err=0.2523 t=0.41s [353/980] ETA=0.43h
2026-08-16 21:52:41 FIT model.layers.10.self_attn.q_proj.weight :: awq_p2.0 bpw=3.9600 rel_err=0.2420 t=0.76s [354/980] ETA=0.43h
2026-08-16 21:52:41 SKIP cached model.layers.10.self_attn.q_proj.weight :: rtn4
2026-08-16 21:52:43 FIT model.layers.10.self_attn.k_proj.weight :: seed_only bpw=3.0000 rel_err=0.2640 t=1.93s [356/980] ETA=0.43h
2026-08-16 21:52:43 FIT model.layers.10.self_attn.k_proj.weight :: awq_p0.5 bpw=3.2400 rel_err=0.2603 t=0.12s [357/980] ETA=0.42h
2026-08-16 21:52:43 FIT model.layers.10.self_attn.k_proj.weight :: awq_p1.0 bpw=3.4800 rel_err=0.2552 t=0.22s [358/980] ETA=0.42h
2026-08-16 21:52:44 FIT model.layers.10.self_attn.k_proj.weight :: awq_p2.0 bpw=3.9600 rel_err=0.2451 t=0.40s [359/980] ETA=0.42h
2026-08-16 21:52:44 SKIP cached model.layers.10.self_attn.k_proj.weight :: rtn4
2026-08-16 21:52:46 FIT model.layers.10.self_attn.v_proj.weight :: seed_only bpw=3.0000 rel_err=0.2650 t=1.93s [361/980] ETA=0.42h
2026-08-16 21:52:46 FIT model.layers.10.self_attn.v_proj.weight :: awq_p0.5 bpw=3.2400 rel_err=0.2600 t=0.12s [362/980] ETA=0.42h
2026-08-16 21:52:46 FIT model.layers.10.self_attn.v_proj.weight :: awq_p1.0 bpw=3.4800 rel_err=0.2547 t=0.23s [363/980] ETA=0.41h
2026-08-16 21:52:47 FIT model.layers.10.self_attn.v_proj.weight :: awq_p2.0 bpw=3.9600 rel_err=0.2453 t=0.42s [364/980] ETA=0.41h
2026-08-16 21:52:47 SKIP cached model.layers.10.self_attn.v_proj.weight :: rtn4
2026-08-16 21:52:51 FIT model.layers.10.self_attn.o_proj.weight :: seed_only bpw=3.0000 rel_err=0.2641 t=3.84s [366/980] ETA=0.41h
2026-08-16 21:52:51 FIT model.layers.10.self_attn.o_proj.weight :: awq_p0.5 bpw=3.2400 rel_err=0.2588 t=0.22s [367/980] ETA=0.41h
2026-08-16 21:52:52 FIT model.layers.10.self_attn.o_proj.weight :: awq_p1.0 bpw=3.4800 rel_err=0.2547 t=0.41s [368/980] ETA=0.41h
2026-08-16 21:52:53 FIT model.layers.10.self_attn.o_proj.weight :: awq_p2.0 bpw=3.9600 rel_err=0.2473 t=0.74s [369/980] ETA=0.41h
2026-08-16 21:52:53 SKIP cached model.layers.10.self_attn.o_proj.weight :: rtn4
2026-08-16 21:53:05 FIT model.layers.10.mlp.gate_proj.weight :: seed_only bpw=3.0000 rel_err=0.2644 t=11.51s [371/980] ETA=0.41h
2026-08-16 21:53:06 FIT model.layers.10.mlp.gate_proj.weight :: awq_p0.5 bpw=3.2400 rel_err=0.2593 t=0.67s [372/980] ETA=0.41h
2026-08-16 21:53:07 FIT model.layers.10.mlp.gate_proj.weight :: awq_p1.0 bpw=3.4800 rel_err=0.2528 t=1.26s [373/980] ETA=0.41h
2026-08-16 21:53:10 FIT model.layers.10.mlp.gate_proj.weight :: awq_p2.0 bpw=3.9600 rel_err=0.2416 t=2.30s [374/980] ETA=0.41h
2026-08-16 21:53:10 SKIP cached model.layers.10.mlp.gate_proj.weight :: rtn4
2026-08-16 21:53:22 FIT model.layers.10.mlp.up_proj.weight :: seed_only bpw=3.0000 rel_err=0.2646 t=11.51s [376/980] ETA=0.41h
2026-08-16 21:53:23 FIT model.layers.10.mlp.up_proj.weight :: awq_p0.5 bpw=3.2400 rel_err=0.2596 t=0.67s [377/980] ETA=0.41h
2026-08-16 21:53:24 FIT model.layers.10.mlp.up_proj.weight :: awq_p1.0 bpw=3.4800 rel_err=0.2538 t=1.30s [378/980] ETA=0.41h
2026-08-16 21:53:27 FIT model.layers.10.mlp.up_proj.weight :: awq_p2.0 bpw=3.9600 rel_err=0.2436 t=2.43s [379/980] ETA=0.41h
2026-08-16 21:53:27 SKIP cached model.layers.10.mlp.up_proj.weight :: rtn4
2026-08-16 21:53:39 FIT model.layers.10.mlp.down_proj.weight :: seed_only bpw=3.0000 rel_err=0.2664 t=11.51s [381/980] ETA=0.41h
2026-08-16 21:53:40 FIT model.layers.10.mlp.down_proj.weight :: awq_p0.5 bpw=3.2400 rel_err=0.2618 t=0.68s [382/980] ETA=0.41h
2026-08-16 21:53:41 FIT model.layers.10.mlp.down_proj.weight :: awq_p1.0 bpw=3.4800 rel_err=0.2584 t=1.31s [383/980] ETA=0.41h
2026-08-16 21:53:44 FIT model.layers.10.mlp.down_proj.weight :: awq_p2.0 bpw=3.9600 rel_err=0.2514 t=2.47s [384/980] ETA=0.41h
2026-08-16 21:53:44 SKIP cached model.layers.10.mlp.down_proj.weight :: rtn4
2026-08-16 21:53:48 FIT model.layers.11.self_attn.q_proj.weight :: seed_only bpw=3.0000 rel_err=0.2648 t=3.84s [386/980] ETA=0.41h
2026-08-16 21:53:48 FIT model.layers.11.self_attn.q_proj.weight :: awq_p0.5 bpw=3.2400 rel_err=0.2570 t=0.22s [387/980] ETA=0.41h
2026-08-16 21:53:49 FIT model.layers.11.self_attn.q_proj.weight :: awq_p1.0 bpw=3.4800 rel_err=0.2497 t=0.40s [388/980] ETA=0.40h
2026-08-16 21:53:50 FIT model.layers.11.self_attn.q_proj.weight :: awq_p2.0 bpw=3.9600 rel_err=0.2376 t=0.70s [389/980] ETA=0.40h
2026-08-16 21:53:50 SKIP cached model.layers.11.self_attn.q_proj.weight :: rtn4
2026-08-16 21:53:52 FIT model.layers.11.self_attn.k_proj.weight :: seed_only bpw=3.0000 rel_err=0.2656 t=1.93s [391/980] ETA=0.40h
2026-08-16 21:53:52 FIT model.layers.11.self_attn.k_proj.weight :: awq_p0.5 bpw=3.2400 rel_err=0.2601 t=0.12s [392/980] ETA=0.40h
2026-08-16 21:53:52 FIT model.layers.11.self_attn.k_proj.weight :: awq_p1.0 bpw=3.4800 rel_err=0.2561 t=0.22s [393/980] ETA=0.40h
2026-08-16 21:53:53 FIT model.layers.11.self_attn.k_proj.weight :: awq_p2.0 bpw=3.9600 rel_err=0.2464 t=0.40s [394/980] ETA=0.40h
2026-08-16 21:53:53 SKIP cached model.layers.11.self_attn.k_proj.weight :: rtn4
2026-08-16 21:53:55 FIT model.layers.11.self_attn.v_proj.weight :: seed_only bpw=3.0000 rel_err=0.2663 t=1.93s [396/980] ETA=0.39h
2026-08-16 21:53:55 FIT model.layers.11.self_attn.v_proj.weight :: awq_p0.5 bpw=3.2400 rel_err=0.2614 t=0.12s [397/980] ETA=0.39h
2026-08-16 21:53:55 FIT model.layers.11.self_attn.v_proj.weight :: awq_p1.0 bpw=3.4800 rel_err=0.2571 t=0.22s [398/980] ETA=0.39h
2026-08-16 21:53:56 FIT model.layers.11.self_attn.v_proj.weight :: awq_p2.0 bpw=3.9600 rel_err=0.2482 t=0.41s [399/980] ETA=0.39h
2026-08-16 21:53:56 SKIP cached model.layers.11.self_attn.v_proj.weight :: rtn4
2026-08-16 21:54:00 FIT model.layers.11.self_attn.o_proj.weight :: seed_only bpw=3.0000 rel_err=0.2640 t=3.85s [401/980] ETA=0.39h
2026-08-16 21:54:00 FIT model.layers.11.self_attn.o_proj.weight :: awq_p0.5 bpw=3.2400 rel_err=0.2497 t=0.16s [402/980] ETA=0.39h
2026-08-16 21:54:01 FIT model.layers.11.self_attn.o_proj.weight :: awq_p1.0 bpw=3.4800 rel_err=0.2466 t=0.32s [403/980] ETA=0.39h
2026-08-16 21:54:01 FIT model.layers.11.self_attn.o_proj.weight :: awq_p2.0 bpw=3.9600 rel_err=0.2418 t=0.61s [404/980] ETA=0.38h
2026-08-16 21:54:01 SKIP cached model.layers.11.self_attn.o_proj.weight :: rtn4
2026-08-16 21:54:13 FIT model.layers.11.mlp.gate_proj.weight :: seed_only bpw=3.0000 rel_err=0.2642 t=11.51s [406/980] ETA=0.39h
2026-08-16 21:54:14 FIT model.layers.11.mlp.gate_proj.weight :: awq_p0.5 bpw=3.2400 rel_err=0.2592 t=0.67s [407/980] ETA=0.39h
2026-08-16 21:54:16 FIT model.layers.11.mlp.gate_proj.weight :: awq_p1.0 bpw=3.4800 rel_err=0.2530 t=1.26s [408/980] ETA=0.38h
2026-08-16 21:54:18 FIT model.layers.11.mlp.gate_proj.weight :: awq_p2.0 bpw=3.9600 rel_err=0.2421 t=2.32s [409/980] ETA=0.38h
2026-08-16 21:54:18 SKIP cached model.layers.11.mlp.gate_proj.weight :: rtn4
2026-08-16 21:54:30 FIT model.layers.11.mlp.up_proj.weight :: seed_only bpw=3.0000 rel_err=0.2643 t=11.51s [411/980] ETA=0.39h
2026-08-16 21:54:31 FIT model.layers.11.mlp.up_proj.weight :: awq_p0.5 bpw=3.2400 rel_err=0.2588 t=0.67s [412/980] ETA=0.39h
2026-08-16 21:54:33 FIT model.layers.11.mlp.up_proj.weight :: awq_p1.0 bpw=3.4800 rel_err=0.2530 t=1.29s [413/980] ETA=0.38h
2026-08-16 21:54:35 FIT model.layers.11.mlp.up_proj.weight :: awq_p2.0 bpw=3.9600 rel_err=0.2429 t=2.42s [414/980] ETA=0.38h
2026-08-16 21:54:35 SKIP cached model.layers.11.mlp.up_proj.weight :: rtn4
2026-08-16 21:54:47 FIT model.layers.11.mlp.down_proj.weight :: seed_only bpw=3.0000 rel_err=0.2659 t=11.51s [416/980] ETA=0.39h
2026-08-16 21:54:48 FIT model.layers.11.mlp.down_proj.weight :: awq_p0.5 bpw=3.2400 rel_err=0.2621 t=0.68s [417/980] ETA=0.39h
2026-08-16 21:54:50 FIT model.layers.11.mlp.down_proj.weight :: awq_p1.0 bpw=3.4800 rel_err=0.2586 t=1.32s [418/980] ETA=0.38h
2026-08-16 21:54:52 FIT model.layers.11.mlp.down_proj.weight :: awq_p2.0 bpw=3.9600 rel_err=0.2513 t=2.48s [419/980] ETA=0.38h
2026-08-16 21:54:52 SKIP cached model.layers.11.mlp.down_proj.weight :: rtn4
2026-08-16 21:54:56 FIT model.layers.12.self_attn.q_proj.weight :: seed_only bpw=3.0000 rel_err=0.2645 t=3.84s [421/980] ETA=0.38h
2026-08-16 21:54:57 FIT model.layers.12.self_attn.q_proj.weight :: awq_p0.5 bpw=3.2400 rel_err=0.2574 t=0.22s [422/980] ETA=0.38h
2026-08-16 21:54:57 FIT model.layers.12.self_attn.q_proj.weight :: awq_p1.0 bpw=3.4800 rel_err=0.2507 t=0.40s [423/980] ETA=0.38h
2026-08-16 21:54:58 FIT model.layers.12.self_attn.q_proj.weight :: awq_p2.0 bpw=3.9600 rel_err=0.2398 t=0.71s [424/980] ETA=0.38h
2026-08-16 21:54:58 SKIP cached model.layers.12.self_attn.q_proj.weight :: rtn4
2026-08-16 21:55:00 FIT model.layers.12.self_attn.k_proj.weight :: seed_only bpw=3.0000 rel_err=0.2650 t=1.93s [426/980] ETA=0.38h
2026-08-16 21:55:00 FIT model.layers.12.self_attn.k_proj.weight :: awq_p0.5 bpw=3.2400 rel_err=0.2596 t=0.12s [427/980] ETA=0.38h
2026-08-16 21:55:01 FIT model.layers.12.self_attn.k_proj.weight :: awq_p1.0 bpw=3.4800 rel_err=0.2541 t=0.22s [428/980] ETA=0.37h
2026-08-16 21:55:01 FIT model.layers.12.self_attn.k_proj.weight :: awq_p2.0 bpw=3.9600 rel_err=0.2436 t=0.39s [429/980] ETA=0.37h
2026-08-16 21:55:01 SKIP cached model.layers.12.self_attn.k_proj.weight :: rtn4
2026-08-16 21:55:03 FIT model.layers.12.self_attn.v_proj.weight :: seed_only bpw=3.0000 rel_err=0.2651 t=1.93s [431/980] ETA=0.37h
2026-08-16 21:55:04 FIT model.layers.12.self_attn.v_proj.weight :: awq_p0.5 bpw=3.2400 rel_err=0.2603 t=0.12s [432/980] ETA=0.37h
2026-08-16 21:55:04 FIT model.layers.12.self_attn.v_proj.weight :: awq_p1.0 bpw=3.4800 rel_err=0.2556 t=0.22s [433/980] ETA=0.37h
2026-08-16 21:55:04 FIT model.layers.12.self_attn.v_proj.weight :: awq_p2.0 bpw=3.9600 rel_err=0.2471 t=0.41s [434/980] ETA=0.37h
2026-08-16 21:55:04 SKIP cached model.layers.12.self_attn.v_proj.weight :: rtn4
2026-08-16 21:55:08 FIT model.layers.12.self_attn.o_proj.weight :: seed_only bpw=3.0000 rel_err=0.2639 t=3.85s [436/980] ETA=0.37h
2026-08-16 21:55:09 FIT model.layers.12.self_attn.o_proj.weight :: awq_p0.5 bpw=3.2400 rel_err=0.2592 t=0.21s [437/980] ETA=0.36h
2026-08-16 21:55:09 FIT model.layers.12.self_attn.o_proj.weight :: awq_p1.0 bpw=3.4800 rel_err=0.2561 t=0.38s [438/980] ETA=0.36h
2026-08-16 21:55:10 FIT model.layers.12.self_attn.o_proj.weight :: awq_p2.0 bpw=3.9600 rel_err=0.2506 t=0.68s [439/980] ETA=0.36h
2026-08-16 21:55:10 SKIP cached model.layers.12.self_attn.o_proj.weight :: rtn4
2026-08-16 21:55:22 FIT model.layers.12.mlp.gate_proj.weight :: seed_only bpw=3.0000 rel_err=0.2642 t=11.51s [441/980] ETA=0.36h
2026-08-16 21:55:23 FIT model.layers.12.mlp.gate_proj.weight :: awq_p0.5 bpw=3.2400 rel_err=0.2592 t=0.66s [442/980] ETA=0.36h
2026-08-16 21:55:24 FIT model.layers.12.mlp.gate_proj.weight :: awq_p1.0 bpw=3.4800 rel_err=0.2529 t=1.26s [443/980] ETA=0.36h
2026-08-16 21:55:26 FIT model.layers.12.mlp.gate_proj.weight :: awq_p2.0 bpw=3.9600 rel_err=0.2419 t=2.31s [444/980] ETA=0.36h
2026-08-16 21:55:27 SKIP cached model.layers.12.mlp.gate_proj.weight :: rtn4
2026-08-16 21:55:38 FIT model.layers.12.mlp.up_proj.weight :: seed_only bpw=3.0000 rel_err=0.2644 t=11.51s [446/980] ETA=0.36h
2026-08-16 21:55:39 FIT model.layers.12.mlp.up_proj.weight :: awq_p0.5 bpw=3.2400 rel_err=0.2585 t=0.67s [447/980] ETA=0.36h
2026-08-16 21:55:41 FIT model.layers.12.mlp.up_proj.weight :: awq_p1.0 bpw=3.4800 rel_err=0.2526 t=1.29s [448/980] ETA=0.36h
2026-08-16 21:55:43 FIT model.layers.12.mlp.up_proj.weight :: awq_p2.0 bpw=3.9600 rel_err=0.2425 t=2.40s [449/980] ETA=0.36h
2026-08-16 21:55:43 SKIP cached model.layers.12.mlp.up_proj.weight :: rtn4
2026-08-16 21:55:55 FIT model.layers.12.mlp.down_proj.weight :: seed_only bpw=3.0000 rel_err=0.2659 t=11.51s [451/980] ETA=0.36h
2026-08-16 21:55:56 FIT model.layers.12.mlp.down_proj.weight :: awq_p0.5 bpw=3.2400 rel_err=0.2622 t=0.68s [452/980] ETA=0.36h
2026-08-16 21:55:58 FIT model.layers.12.mlp.down_proj.weight :: awq_p1.0 bpw=3.4800 rel_err=0.2591 t=1.31s [453/980] ETA=0.36h
2026-08-16 21:56:01 FIT model.layers.12.mlp.down_proj.weight :: awq_p2.0 bpw=3.9600 rel_err=0.2527 t=2.47s [454/980] ETA=0.36h
2026-08-16 21:56:01 SKIP cached model.layers.12.mlp.down_proj.weight :: rtn4
2026-08-16 21:56:05 FIT model.layers.13.self_attn.q_proj.weight :: seed_only bpw=3.0000 rel_err=0.2644 t=3.84s [456/980] ETA=0.36h
2026-08-16 21:56:05 FIT model.layers.13.self_attn.q_proj.weight :: awq_p0.5 bpw=3.2400 rel_err=0.2564 t=0.22s [457/980] ETA=0.36h
2026-08-16 21:56:06 FIT model.layers.13.self_attn.q_proj.weight :: awq_p1.0 bpw=3.4800 rel_err=0.2482 t=0.39s [458/980] ETA=0.36h
2026-08-16 21:56:06 FIT model.layers.13.self_attn.q_proj.weight :: awq_p2.0 bpw=3.9600 rel_err=0.2354 t=0.68s [459/980] ETA=0.36h
2026-08-16 21:56:06 SKIP cached model.layers.13.self_attn.q_proj.weight :: rtn4
2026-08-16 21:56:09 FIT model.layers.13.self_attn.k_proj.weight :: seed_only bpw=3.0000 rel_err=0.2649 t=1.93s [461/980] ETA=0.35h
2026-08-16 21:56:09 FIT model.layers.13.self_attn.k_proj.weight :: awq_p0.5 bpw=3.2400 rel_err=0.2606 t=0.12s [462/980] ETA=0.35h
2026-08-16 21:56:09 FIT model.layers.13.self_attn.k_proj.weight :: awq_p1.0 bpw=3.4800 rel_err=0.2559 t=0.22s [463/980] ETA=0.35h
2026-08-16 21:56:09 FIT model.layers.13.self_attn.k_proj.weight :: awq_p2.0 bpw=3.9600 rel_err=0.2460 t=0.40s [464/980] ETA=0.35h
2026-08-16 21:56:10 SKIP cached model.layers.13.self_attn.k_proj.weight :: rtn4
2026-08-16 21:56:12 FIT model.layers.13.self_attn.v_proj.weight :: seed_only bpw=3.0000 rel_err=0.2648 t=1.93s [466/980] ETA=0.35h
2026-08-16 21:56:12 FIT model.layers.13.self_attn.v_proj.weight :: awq_p0.5 bpw=3.2400 rel_err=0.2606 t=0.12s [467/980] ETA=0.35h
2026-08-16 21:56:12 FIT model.layers.13.self_attn.v_proj.weight :: awq_p1.0 bpw=3.4800 rel_err=0.2561 t=0.22s [468/980] ETA=0.34h
2026-08-16 21:56:13 FIT model.layers.13.self_attn.v_proj.weight :: awq_p2.0 bpw=3.9600 rel_err=0.2477 t=0.41s [469/980] ETA=0.34h
2026-08-16 21:56:13 SKIP cached model.layers.13.self_attn.v_proj.weight :: rtn4
2026-08-16 21:56:17 FIT model.layers.13.self_attn.o_proj.weight :: seed_only bpw=3.0000 rel_err=0.2639 t=3.85s [471/980] ETA=0.34h
2026-08-16 21:56:17 FIT model.layers.13.self_attn.o_proj.weight :: awq_p0.5 bpw=3.2400 rel_err=0.2601 t=0.22s [472/980] ETA=0.34h
2026-08-16 21:56:18 FIT model.layers.13.self_attn.o_proj.weight :: awq_p1.0 bpw=3.4800 rel_err=0.2569 t=0.41s [473/980] ETA=0.34h
2026-08-16 21:56:18 FIT model.layers.13.self_attn.o_proj.weight :: awq_p2.0 bpw=3.9600 rel_err=0.2504 t=0.74s [474/980] ETA=0.34h
2026-08-16 21:56:18 SKIP cached model.layers.13.self_attn.o_proj.weight :: rtn4
2026-08-16 21:56:30 FIT model.layers.13.mlp.gate_proj.weight :: seed_only bpw=3.0000 rel_err=0.2646 t=11.51s [476/980] ETA=0.34h
2026-08-16 21:56:31 FIT model.layers.13.mlp.gate_proj.weight :: awq_p0.5 bpw=3.2400 rel_err=0.2592 t=0.66s [477/980] ETA=0.34h
2026-08-16 21:56:33 FIT model.layers.13.mlp.gate_proj.weight :: awq_p1.0 bpw=3.4800 rel_err=0.2527 t=1.25s [478/980] ETA=0.34h
2026-08-16 21:56:35 FIT model.layers.13.mlp.gate_proj.weight :: awq_p2.0 bpw=3.9600 rel_err=0.2416 t=2.29s [479/980] ETA=0.34h
2026-08-16 21:56:35 SKIP cached model.layers.13.mlp.gate_proj.weight :: rtn4
2026-08-16 21:56:47 FIT model.layers.13.mlp.up_proj.weight :: seed_only bpw=3.0000 rel_err=0.2646 t=11.51s [481/980] ETA=0.34h
2026-08-16 21:56:48 FIT model.layers.13.mlp.up_proj.weight :: awq_p0.5 bpw=3.2400 rel_err=0.2589 t=0.67s [482/980] ETA=0.34h
2026-08-16 21:56:50 FIT model.layers.13.mlp.up_proj.weight :: awq_p1.0 bpw=3.4800 rel_err=0.2530 t=1.28s [483/980] ETA=0.34h
2026-08-16 21:56:52 FIT model.layers.13.mlp.up_proj.weight :: awq_p2.0 bpw=3.9600 rel_err=0.2429 t=2.39s [484/980] ETA=0.34h
2026-08-16 21:56:52 SKIP cached model.layers.13.mlp.up_proj.weight :: rtn4
2026-08-16 21:57:04 FIT model.layers.13.mlp.down_proj.weight :: seed_only bpw=3.0000 rel_err=0.2660 t=11.51s [486/980] ETA=0.34h
2026-08-16 21:57:05 FIT model.layers.13.mlp.down_proj.weight :: awq_p0.5 bpw=3.2400 rel_err=0.2620 t=0.68s [487/980] ETA=0.34h
2026-08-16 21:57:06 FIT model.layers.13.mlp.down_proj.weight :: awq_p1.0 bpw=3.4800 rel_err=0.2589 t=1.30s [488/980] ETA=0.34h
2026-08-16 21:57:09 FIT model.layers.13.mlp.down_proj.weight :: awq_p2.0 bpw=3.9600 rel_err=0.2525 t=2.45s [489/980] ETA=0.34h
2026-08-16 21:57:09 SKIP cached model.layers.13.mlp.down_proj.weight :: rtn4
2026-08-16 21:57:13 FIT model.layers.14.self_attn.q_proj.weight :: seed_only bpw=3.0000 rel_err=0.2648 t=3.84s [491/980] ETA=0.34h
2026-08-16 21:57:13 FIT model.layers.14.self_attn.q_proj.weight :: awq_p0.5 bpw=3.2400 rel_err=0.2575 t=0.22s [492/980] ETA=0.33h
2026-08-16 21:57:14 FIT model.layers.14.self_attn.q_proj.weight :: awq_p1.0 bpw=3.4800 rel_err=0.2497 t=0.40s [493/980] ETA=0.33h
2026-08-16 21:57:15 FIT model.layers.14.self_attn.q_proj.weight :: awq_p2.0 bpw=3.9600 rel_err=0.2374 t=0.69s [494/980] ETA=0.33h
2026-08-16 21:57:15 SKIP cached model.layers.14.self_attn.q_proj.weight :: rtn4
2026-08-16 21:57:17 FIT model.layers.14.self_attn.k_proj.weight :: seed_only bpw=3.0000 rel_err=0.2655 t=1.93s [496/980] ETA=0.33h
2026-08-16 21:57:17 FIT model.layers.14.self_attn.k_proj.weight :: awq_p0.5 bpw=3.2400 rel_err=0.2598 t=0.12s [497/980] ETA=0.33h
2026-08-16 21:57:17 FIT model.layers.14.self_attn.k_proj.weight :: awq_p1.0 bpw=3.4800 rel_err=0.2541 t=0.22s [498/980] ETA=0.33h
2026-08-16 21:57:18 FIT model.layers.14.self_attn.k_proj.weight :: awq_p2.0 bpw=3.9600 rel_err=0.2435 t=0.39s [499/980] ETA=0.33h
2026-08-16 21:57:18 SKIP cached model.layers.14.self_attn.k_proj.weight :: rtn4
2026-08-16 21:57:20 FIT model.layers.14.self_attn.v_proj.weight :: seed_only bpw=3.0000 rel_err=0.2652 t=1.93s [501/980] ETA=0.32h
2026-08-16 21:57:20 FIT model.layers.14.self_attn.v_proj.weight :: awq_p0.5 bpw=3.2400 rel_err=0.2606 t=0.12s [502/980] ETA=0.32h
2026-08-16 21:57:20 FIT model.layers.14.self_attn.v_proj.weight :: awq_p1.0 bpw=3.4800 rel_err=0.2559 t=0.22s [503/980] ETA=0.32h
2026-08-16 21:57:21 FIT model.layers.14.self_attn.v_proj.weight :: awq_p2.0 bpw=3.9600 rel_err=0.2473 t=0.41s [504/980] ETA=0.32h
2026-08-16 21:57:21 SKIP cached model.layers.14.self_attn.v_proj.weight :: rtn4
2026-08-16 21:57:25 FIT model.layers.14.self_attn.o_proj.weight :: seed_only bpw=3.0000 rel_err=0.2638 t=3.84s [506/980] ETA=0.32h
2026-08-16 21:57:25 FIT model.layers.14.self_attn.o_proj.weight :: awq_p0.5 bpw=3.2400 rel_err=0.2593 t=0.21s [507/980] ETA=0.32h
2026-08-16 21:57:26 FIT model.layers.14.self_attn.o_proj.weight :: awq_p1.0 bpw=3.4800 rel_err=0.2554 t=0.40s [508/980] ETA=0.32h
2026-08-16 21:57:27 FIT model.layers.14.self_attn.o_proj.weight :: awq_p2.0 bpw=3.9600 rel_err=0.2483 t=0.70s [509/980] ETA=0.32h
2026-08-16 21:57:27 SKIP cached model.layers.14.self_attn.o_proj.weight :: rtn4
2026-08-16 21:57:39 FIT model.layers.14.mlp.gate_proj.weight :: seed_only bpw=3.0000 rel_err=0.2650 t=11.51s [511/980] ETA=0.32h
2026-08-16 21:57:39 FIT model.layers.14.mlp.gate_proj.weight :: awq_p0.5 bpw=3.2400 rel_err=0.2595 t=0.66s [512/980] ETA=0.32h
2026-08-16 21:57:41 FIT model.layers.14.mlp.gate_proj.weight :: awq_p1.0 bpw=3.4800 rel_err=0.2531 t=1.25s [513/980] ETA=0.31h
2026-08-16 21:57:43 FIT model.layers.14.mlp.gate_proj.weight :: awq_p2.0 bpw=3.9600 rel_err=0.2419 t=2.29s [514/980] ETA=0.31h
2026-08-16 21:57:43 SKIP cached model.layers.14.mlp.gate_proj.weight :: rtn4
2026-08-16 21:57:55 FIT model.layers.14.mlp.up_proj.weight :: seed_only bpw=3.0000 rel_err=0.2649 t=11.51s [516/980] ETA=0.32h
2026-08-16 21:57:56 FIT model.layers.14.mlp.up_proj.weight :: awq_p0.5 bpw=3.2400 rel_err=0.2596 t=0.67s [517/980] ETA=0.31h
2026-08-16 21:57:57 FIT model.layers.14.mlp.up_proj.weight :: awq_p1.0 bpw=3.4800 rel_err=0.2537 t=1.28s [518/980] ETA=0.31h
2026-08-16 21:58:00 FIT model.layers.14.mlp.up_proj.weight :: awq_p2.0 bpw=3.9600 rel_err=0.2434 t=2.39s [519/980] ETA=0.31h
2026-08-16 21:58:00 SKIP cached model.layers.14.mlp.up_proj.weight :: rtn4
2026-08-16 21:58:12 FIT model.layers.14.mlp.down_proj.weight :: seed_only bpw=3.0000 rel_err=0.2663 t=11.51s [521/980] ETA=0.31h
2026-08-16 21:58:13 FIT model.layers.14.mlp.down_proj.weight :: awq_p0.5 bpw=3.2400 rel_err=0.2626 t=0.68s [522/980] ETA=0.31h
2026-08-16 21:58:14 FIT model.layers.14.mlp.down_proj.weight :: awq_p1.0 bpw=3.4800 rel_err=0.2597 t=1.31s [523/980] ETA=0.31h
2026-08-16 21:58:17 FIT model.layers.14.mlp.down_proj.weight :: awq_p2.0 bpw=3.9600 rel_err=0.2540 t=2.47s [524/980] ETA=0.31h
2026-08-16 21:58:17 SKIP cached model.layers.14.mlp.down_proj.weight :: rtn4
2026-08-16 21:58:21 FIT model.layers.15.self_attn.q_proj.weight :: seed_only bpw=3.0000 rel_err=0.2645 t=3.84s [526/980] ETA=0.31h
2026-08-16 21:58:22 FIT model.layers.15.self_attn.q_proj.weight :: awq_p0.5 bpw=3.2400 rel_err=0.2573 t=0.23s [527/980] ETA=0.31h
2026-08-16 21:58:22 FIT model.layers.15.self_attn.q_proj.weight :: awq_p1.0 bpw=3.4800 rel_err=0.2485 t=0.40s [528/980] ETA=0.31h
2026-08-16 21:58:23 FIT model.layers.15.self_attn.q_proj.weight :: awq_p2.0 bpw=3.9600 rel_err=0.2350 t=0.68s [529/980] ETA=0.31h
2026-08-16 21:58:23 SKIP cached model.layers.15.self_attn.q_proj.weight :: rtn4
2026-08-16 21:58:25 FIT model.layers.15.self_attn.k_proj.weight :: seed_only bpw=3.0000 rel_err=0.2645 t=1.93s [531/980] ETA=0.31h
2026-08-16 21:58:25 FIT model.layers.15.self_attn.k_proj.weight :: awq_p0.5 bpw=3.2400 rel_err=0.2606 t=0.12s [532/980] ETA=0.30h
2026-08-16 21:58:26 FIT model.layers.15.self_attn.k_proj.weight :: awq_p1.0 bpw=3.4800 rel_err=0.2559 t=0.22s [533/980] ETA=0.30h
2026-08-16 21:58:26 FIT model.layers.15.self_attn.k_proj.weight :: awq_p2.0 bpw=3.9600 rel_err=0.2449 t=0.40s [534/980] ETA=0.30h
2026-08-16 21:58:26 SKIP cached model.layers.15.self_attn.k_proj.weight :: rtn4
2026-08-16 21:58:28 FIT model.layers.15.self_attn.v_proj.weight :: seed_only bpw=3.0000 rel_err=0.2664 t=1.93s [536/980] ETA=0.30h
2026-08-16 21:58:28 FIT model.layers.15.self_attn.v_proj.weight :: awq_p0.5 bpw=3.2400 rel_err=0.2604 t=0.12s [537/980] ETA=0.30h
2026-08-16 21:58:29 FIT model.layers.15.self_attn.v_proj.weight :: awq_p1.0 bpw=3.4800 rel_err=0.2545 t=0.22s [538/980] ETA=0.30h
2026-08-16 21:58:29 FIT model.layers.15.self_attn.v_proj.weight :: awq_p2.0 bpw=3.9600 rel_err=0.2444 t=0.41s [539/980] ETA=0.30h
2026-08-16 21:58:29 SKIP cached model.layers.15.self_attn.v_proj.weight :: rtn4
2026-08-16 21:58:33 FIT model.layers.15.self_attn.o_proj.weight :: seed_only bpw=3.0000 rel_err=0.2639 t=3.84s [541/980] ETA=0.30h
2026-08-16 21:58:34 FIT model.layers.15.self_attn.o_proj.weight :: awq_p0.5 bpw=3.2400 rel_err=0.2601 t=0.21s [542/980] ETA=0.29h
2026-08-16 21:58:34 FIT model.layers.15.self_attn.o_proj.weight :: awq_p1.0 bpw=3.4800 rel_err=0.2573 t=0.38s [543/980] ETA=0.29h
2026-08-16 21:58:35 FIT model.layers.15.self_attn.o_proj.weight :: awq_p2.0 bpw=3.9600 rel_err=0.2520 t=0.68s [544/980] ETA=0.29h
2026-08-16 21:58:35 SKIP cached model.layers.15.self_attn.o_proj.weight :: rtn4
2026-08-16 21:58:47 FIT model.layers.15.mlp.gate_proj.weight :: seed_only bpw=3.0000 rel_err=0.2652 t=11.51s [546/980] ETA=0.29h
2026-08-16 21:58:47 FIT model.layers.15.mlp.gate_proj.weight :: awq_p0.5 bpw=3.2400 rel_err=0.2598 t=0.66s [547/980] ETA=0.29h
2026-08-16 21:58:49 FIT model.layers.15.mlp.gate_proj.weight :: awq_p1.0 bpw=3.4800 rel_err=0.2537 t=1.26s [548/980] ETA=0.29h
2026-08-16 21:58:51 FIT model.layers.15.mlp.gate_proj.weight :: awq_p2.0 bpw=3.9600 rel_err=0.2426 t=2.30s [549/980] ETA=0.29h
2026-08-16 21:58:52 SKIP cached model.layers.15.mlp.gate_proj.weight :: rtn4
2026-08-16 21:59:04 FIT model.layers.15.mlp.up_proj.weight :: seed_only bpw=3.0000 rel_err=0.2650 t=11.51s [551/980] ETA=0.29h
2026-08-16 21:59:04 FIT model.layers.15.mlp.up_proj.weight :: awq_p0.5 bpw=3.2400 rel_err=0.2603 t=0.67s [552/980] ETA=0.29h
2026-08-16 21:59:06 FIT model.layers.15.mlp.up_proj.weight :: awq_p1.0 bpw=3.4800 rel_err=0.2547 t=1.28s [553/980] ETA=0.29h
2026-08-16 21:59:09 FIT model.layers.15.mlp.up_proj.weight :: awq_p2.0 bpw=3.9600 rel_err=0.2445 t=2.38s [554/980] ETA=0.29h
2026-08-16 21:59:09 SKIP cached model.layers.15.mlp.up_proj.weight :: rtn4
2026-08-16 21:59:21 FIT model.layers.15.mlp.down_proj.weight :: seed_only bpw=3.0000 rel_err=0.2661 t=11.51s [556/980] ETA=0.29h
2026-08-16 21:59:21 FIT model.layers.15.mlp.down_proj.weight :: awq_p0.5 bpw=3.2400 rel_err=0.2625 t=0.68s [557/980] ETA=0.29h
2026-08-16 21:59:23 FIT model.layers.15.mlp.down_proj.weight :: awq_p1.0 bpw=3.4800 rel_err=0.2596 t=1.31s [558/980] ETA=0.29h
2026-08-16 21:59:26 FIT model.layers.15.mlp.down_proj.weight :: awq_p2.0 bpw=3.9600 rel_err=0.2540 t=2.45s [559/980] ETA=0.29h
2026-08-16 21:59:26 SKIP cached model.layers.15.mlp.down_proj.weight :: rtn4
2026-08-16 21:59:30 FIT model.layers.16.self_attn.q_proj.weight :: seed_only bpw=3.0000 rel_err=0.2649 t=3.84s [561/980] ETA=0.29h
2026-08-16 21:59:30 FIT model.layers.16.self_attn.q_proj.weight :: awq_p0.5 bpw=3.2400 rel_err=0.2576 t=0.22s [562/980] ETA=0.29h
2026-08-16 21:59:30 FIT model.layers.16.self_attn.q_proj.weight :: awq_p1.0 bpw=3.4800 rel_err=0.2475 t=0.40s [563/980] ETA=0.28h
2026-08-16 21:59:31 FIT model.layers.16.self_attn.q_proj.weight :: awq_p2.0 bpw=3.9600 rel_err=0.2314 t=0.66s [564/980] ETA=0.28h
2026-08-16 21:59:31 SKIP cached model.layers.16.self_attn.q_proj.weight :: rtn4
2026-08-16 21:59:33 FIT model.layers.16.self_attn.k_proj.weight :: seed_only bpw=3.0000 rel_err=0.2658 t=1.93s [566/980] ETA=0.28h
2026-08-16 21:59:34 FIT model.layers.16.self_attn.k_proj.weight :: awq_p0.5 bpw=3.2400 rel_err=0.2571 t=0.12s [567/980] ETA=0.28h
2026-08-16 21:59:34 FIT model.layers.16.self_attn.k_proj.weight :: awq_p1.0 bpw=3.4800 rel_err=0.2509 t=0.22s [568/980] ETA=0.28h
2026-08-16 21:59:34 FIT model.layers.16.self_attn.k_proj.weight :: awq_p2.0 bpw=3.9600 rel_err=0.2392 t=0.38s [569/980] ETA=0.28h
2026-08-16 21:59:34 SKIP cached model.layers.16.self_attn.k_proj.weight :: rtn4
2026-08-16 21:59:37 FIT model.layers.16.self_attn.v_proj.weight :: seed_only bpw=3.0000 rel_err=0.2657 t=1.93s [571/980] ETA=0.28h
2026-08-16 21:59:37 FIT model.layers.16.self_attn.v_proj.weight :: awq_p0.5 bpw=3.2400 rel_err=0.2624 t=0.12s [572/980] ETA=0.28h
2026-08-16 21:59:37 FIT model.layers.16.self_attn.v_proj.weight :: awq_p1.0 bpw=3.4800 rel_err=0.2576 t=0.23s [573/980] ETA=0.27h
2026-08-16 21:59:38 FIT model.layers.16.self_attn.v_proj.weight :: awq_p2.0 bpw=3.9600 rel_err=0.2480 t=0.42s [574/980] ETA=0.27h
2026-08-16 21:59:38 SKIP cached model.layers.16.self_attn.v_proj.weight :: rtn4
2026-08-16 21:59:42 FIT model.layers.16.self_attn.o_proj.weight :: seed_only bpw=3.0000 rel_err=0.2641 t=3.85s [576/980] ETA=0.27h
2026-08-16 21:59:42 FIT model.layers.16.self_attn.o_proj.weight :: awq_p0.5 bpw=3.2400 rel_err=0.2604 t=0.22s [577/980] ETA=0.27h
2026-08-16 21:59:42 FIT model.layers.16.self_attn.o_proj.weight :: awq_p1.0 bpw=3.4800 rel_err=0.2569 t=0.40s [578/980] ETA=0.27h
2026-08-16 21:59:43 FIT model.layers.16.self_attn.o_proj.weight :: awq_p2.0 bpw=3.9600 rel_err=0.2501 t=0.71s [579/980] ETA=0.27h
2026-08-16 21:59:43 SKIP cached model.layers.16.self_attn.o_proj.weight :: rtn4
2026-08-16 21:59:55 FIT model.layers.16.mlp.gate_proj.weight :: seed_only bpw=3.0000 rel_err=0.2658 t=11.51s [581/980] ETA=0.27h
2026-08-16 21:59:56 FIT model.layers.16.mlp.gate_proj.weight :: awq_p0.5 bpw=3.2400 rel_err=0.2598 t=0.66s [582/980] ETA=0.27h
2026-08-16 21:59:58 FIT model.layers.16.mlp.gate_proj.weight :: awq_p1.0 bpw=3.4800 rel_err=0.2546 t=1.26s [583/980] ETA=0.27h
2026-08-16 22:00:00 FIT model.layers.16.mlp.gate_proj.weight :: awq_p2.0 bpw=3.9600 rel_err=0.2445 t=2.33s [584/980] ETA=0.27h
2026-08-16 22:00:00 SKIP cached model.layers.16.mlp.gate_proj.weight :: rtn4
2026-08-16 22:00:12 FIT model.layers.16.mlp.up_proj.weight :: seed_only bpw=3.0000 rel_err=0.2657 t=11.52s [586/980] ETA=0.27h
2026-08-16 22:00:13 FIT model.layers.16.mlp.up_proj.weight :: awq_p0.5 bpw=3.2400 rel_err=0.2605 t=0.67s [587/980] ETA=0.27h
2026-08-16 22:00:15 FIT model.layers.16.mlp.up_proj.weight :: awq_p1.0 bpw=3.4800 rel_err=0.2553 t=1.28s [588/980] ETA=0.27h
2026-08-16 22:00:17 FIT model.layers.16.mlp.up_proj.weight :: awq_p2.0 bpw=3.9600 rel_err=0.2455 t=2.40s [589/980] ETA=0.27h
2026-08-16 22:00:17 SKIP cached model.layers.16.mlp.up_proj.weight :: rtn4
2026-08-16 22:00:29 FIT model.layers.16.mlp.down_proj.weight :: seed_only bpw=3.0000 rel_err=0.2670 t=11.51s [591/980] ETA=0.27h
2026-08-16 22:00:30 FIT model.layers.16.mlp.down_proj.weight :: awq_p0.5 bpw=3.2400 rel_err=0.2605 t=0.66s [592/980] ETA=0.27h
2026-08-16 22:00:32 FIT model.layers.16.mlp.down_proj.weight :: awq_p1.0 bpw=3.4800 rel_err=0.2581 t=1.30s [593/980] ETA=0.26h
2026-08-16 22:00:34 FIT model.layers.16.mlp.down_proj.weight :: awq_p2.0 bpw=3.9600 rel_err=0.2536 t=2.47s [594/980] ETA=0.26h
2026-08-16 22:00:34 SKIP cached model.layers.16.mlp.down_proj.weight :: rtn4
2026-08-16 22:00:38 FIT model.layers.17.self_attn.q_proj.weight :: seed_only bpw=3.0000 rel_err=0.2652 t=3.84s [596/980] ETA=0.26h
2026-08-16 22:00:39 FIT model.layers.17.self_attn.q_proj.weight :: awq_p0.5 bpw=3.2400 rel_err=0.2595 t=0.23s [597/980] ETA=0.26h
2026-08-16 22:00:39 FIT model.layers.17.self_attn.q_proj.weight :: awq_p1.0 bpw=3.4800 rel_err=0.2510 t=0.40s [598/980] ETA=0.26h
2026-08-16 22:00:40 FIT model.layers.17.self_attn.q_proj.weight :: awq_p2.0 bpw=3.9600 rel_err=0.2373 t=0.68s [599/980] ETA=0.26h
2026-08-16 22:00:40 SKIP cached model.layers.17.self_attn.q_proj.weight :: rtn4
2026-08-16 22:00:42 FIT model.layers.17.self_attn.k_proj.weight :: seed_only bpw=3.0000 rel_err=0.2644 t=1.93s [601/980] ETA=0.26h
2026-08-16 22:00:42 FIT model.layers.17.self_attn.k_proj.weight :: awq_p0.5 bpw=3.2400 rel_err=0.2598 t=0.12s [602/980] ETA=0.26h
2026-08-16 22:00:43 FIT model.layers.17.self_attn.k_proj.weight :: awq_p1.0 bpw=3.4800 rel_err=0.2566 t=0.22s [603/980] ETA=0.26h
2026-08-16 22:00:43 FIT model.layers.17.self_attn.k_proj.weight :: awq_p2.0 bpw=3.9600 rel_err=0.2474 t=0.40s [604/980] ETA=0.25h
2026-08-16 22:00:43 SKIP cached model.layers.17.self_attn.k_proj.weight :: rtn4
2026-08-16 22:00:45 FIT model.layers.17.self_attn.v_proj.weight :: seed_only bpw=3.0000 rel_err=0.2659 t=1.93s [606/980] ETA=0.25h
2026-08-16 22:00:46 FIT model.layers.17.self_attn.v_proj.weight :: awq_p0.5 bpw=3.2400 rel_err=0.2608 t=0.12s [607/980] ETA=0.25h
2026-08-16 22:00:46 FIT model.layers.17.self_attn.v_proj.weight :: awq_p1.0 bpw=3.4800 rel_err=0.2554 t=0.22s [608/980] ETA=0.25h
2026-08-16 22:00:46 FIT model.layers.17.self_attn.v_proj.weight :: awq_p2.0 bpw=3.9600 rel_err=0.2455 t=0.41s [609/980] ETA=0.25h
2026-08-16 22:00:46 SKIP cached model.layers.17.self_attn.v_proj.weight :: rtn4
2026-08-16 22:00:50 FIT model.layers.17.self_attn.o_proj.weight :: seed_only bpw=3.0000 rel_err=0.2640 t=3.85s [611/980] ETA=0.25h
2026-08-16 22:00:51 FIT model.layers.17.self_attn.o_proj.weight :: awq_p0.5 bpw=3.2400 rel_err=0.2581 t=0.21s [612/980] ETA=0.25h
2026-08-16 22:00:51 FIT model.layers.17.self_attn.o_proj.weight :: awq_p1.0 bpw=3.4800 rel_err=0.2539 t=0.38s [613/980] ETA=0.25h
2026-08-16 22:00:52 FIT model.layers.17.self_attn.o_proj.weight :: awq_p2.0 bpw=3.9600 rel_err=0.2469 t=0.68s [614/980] ETA=0.25h
2026-08-16 22:00:52 SKIP cached model.layers.17.self_attn.o_proj.weight :: rtn4
2026-08-16 22:01:04 FIT model.layers.17.mlp.gate_proj.weight :: seed_only bpw=3.0000 rel_err=0.2655 t=11.51s [616/980] ETA=0.25h
2026-08-16 22:01:05 FIT model.layers.17.mlp.gate_proj.weight :: awq_p0.5 bpw=3.2400 rel_err=0.2590 t=0.66s [617/980] ETA=0.25h
2026-08-16 22:01:06 FIT model.layers.17.mlp.gate_proj.weight :: awq_p1.0 bpw=3.4800 rel_err=0.2540 t=1.27s [618/980] ETA=0.24h
2026-08-16 22:01:09 FIT model.layers.17.mlp.gate_proj.weight :: awq_p2.0 bpw=3.9600 rel_err=0.2447 t=2.36s [619/980] ETA=0.24h
2026-08-16 22:01:09 SKIP cached model.layers.17.mlp.gate_proj.weight :: rtn4
2026-08-16 22:01:21 FIT model.layers.17.mlp.up_proj.weight :: seed_only bpw=3.0000 rel_err=0.2649 t=11.51s [621/980] ETA=0.24h
2026-08-16 22:01:21 FIT model.layers.17.mlp.up_proj.weight :: awq_p0.5 bpw=3.2400 rel_err=0.2610 t=0.67s [622/980] ETA=0.24h
2026-08-16 22:01:23 FIT model.layers.17.mlp.up_proj.weight :: awq_p1.0 bpw=3.4800 rel_err=0.2563 t=1.28s [623/980] ETA=0.24h
2026-08-16 22:01:25 FIT model.layers.17.mlp.up_proj.weight :: awq_p2.0 bpw=3.9600 rel_err=0.2470 t=2.40s [624/980] ETA=0.24h
2026-08-16 22:01:26 SKIP cached model.layers.17.mlp.up_proj.weight :: rtn4
2026-08-16 22:01:38 FIT model.layers.17.mlp.down_proj.weight :: seed_only bpw=3.0000 rel_err=0.2656 t=11.51s [626/980] ETA=0.24h
2026-08-16 22:01:38 FIT model.layers.17.mlp.down_proj.weight :: awq_p0.5 bpw=3.2400 rel_err=0.2622 t=0.68s [627/980] ETA=0.24h
2026-08-16 22:01:40 FIT model.layers.17.mlp.down_proj.weight :: awq_p1.0 bpw=3.4800 rel_err=0.2596 t=1.30s [628/980] ETA=0.24h
2026-08-16 22:01:42 FIT model.layers.17.mlp.down_proj.weight :: awq_p2.0 bpw=3.9600 rel_err=0.2548 t=2.45s [629/980] ETA=0.24h
2026-08-16 22:01:43 SKIP cached model.layers.17.mlp.down_proj.weight :: rtn4
2026-08-16 22:01:47 FIT model.layers.18.self_attn.q_proj.weight :: seed_only bpw=3.0000 rel_err=0.2648 t=3.84s [631/980] ETA=0.24h
2026-08-16 22:01:47 FIT model.layers.18.self_attn.q_proj.weight :: awq_p0.5 bpw=3.2400 rel_err=0.2593 t=0.22s [632/980] ETA=0.24h
2026-08-16 22:01:48 FIT model.layers.18.self_attn.q_proj.weight :: awq_p1.0 bpw=3.4800 rel_err=0.2510 t=0.40s [633/980] ETA=0.24h
2026-08-16 22:01:48 FIT model.layers.18.self_attn.q_proj.weight :: awq_p2.0 bpw=3.9600 rel_err=0.2370 t=0.68s [634/980] ETA=0.24h
2026-08-16 22:01:48 SKIP cached model.layers.18.self_attn.q_proj.weight :: rtn4
2026-08-16 22:01:51 FIT model.layers.18.self_attn.k_proj.weight :: seed_only bpw=3.0000 rel_err=0.2650 t=1.93s [636/980] ETA=0.23h
2026-08-16 22:01:51 FIT model.layers.18.self_attn.k_proj.weight :: awq_p0.5 bpw=3.2400 rel_err=0.2604 t=0.12s [637/980] ETA=0.23h
2026-08-16 22:01:51 FIT model.layers.18.self_attn.k_proj.weight :: awq_p1.0 bpw=3.4800 rel_err=0.2567 t=0.22s [638/980] ETA=0.23h
2026-08-16 22:01:52 FIT model.layers.18.self_attn.k_proj.weight :: awq_p2.0 bpw=3.9600 rel_err=0.2478 t=0.40s [639/980] ETA=0.23h
2026-08-16 22:01:52 SKIP cached model.layers.18.self_attn.k_proj.weight :: rtn4
2026-08-16 22:01:54 FIT model.layers.18.self_attn.v_proj.weight :: seed_only bpw=3.0000 rel_err=0.2659 t=1.93s [641/980] ETA=0.23h
2026-08-16 22:01:54 FIT model.layers.18.self_attn.v_proj.weight :: awq_p0.5 bpw=3.2400 rel_err=0.2626 t=0.12s [642/980] ETA=0.23h
2026-08-16 22:01:54 FIT model.layers.18.self_attn.v_proj.weight :: awq_p1.0 bpw=3.4800 rel_err=0.2590 t=0.22s [643/980] ETA=0.23h
2026-08-16 22:01:55 FIT model.layers.18.self_attn.v_proj.weight :: awq_p2.0 bpw=3.9600 rel_err=0.2513 t=0.42s [644/980] ETA=0.23h
2026-08-16 22:01:55 SKIP cached model.layers.18.self_attn.v_proj.weight :: rtn4
2026-08-16 22:01:59 FIT model.layers.18.self_attn.o_proj.weight :: seed_only bpw=3.0000 rel_err=0.2639 t=3.84s [646/980] ETA=0.23h
2026-08-16 22:01:59 FIT model.layers.18.self_attn.o_proj.weight :: awq_p0.5 bpw=3.2400 rel_err=0.2586 t=0.21s [647/980] ETA=0.22h
2026-08-16 22:02:00 FIT model.layers.18.self_attn.o_proj.weight :: awq_p1.0 bpw=3.4800 rel_err=0.2549 t=0.40s [648/980] ETA=0.22h
2026-08-16 22:02:00 FIT model.layers.18.self_attn.o_proj.weight :: awq_p2.0 bpw=3.9600 rel_err=0.2480 t=0.74s [649/980] ETA=0.22h
2026-08-16 22:02:00 SKIP cached model.layers.18.self_attn.o_proj.weight :: rtn4
2026-08-16 22:02:12 FIT model.layers.18.mlp.gate_proj.weight :: seed_only bpw=3.0000 rel_err=0.2655 t=11.51s [651/980] ETA=0.22h
2026-08-16 22:02:13 FIT model.layers.18.mlp.gate_proj.weight :: awq_p0.5 bpw=3.2400 rel_err=0.2587 t=0.67s [652/980] ETA=0.22h
2026-08-16 22:02:15 FIT model.layers.18.mlp.gate_proj.weight :: awq_p1.0 bpw=3.4800 rel_err=0.2536 t=1.27s [653/980] ETA=0.22h
2026-08-16 22:02:17 FIT model.layers.18.mlp.gate_proj.weight :: awq_p2.0 bpw=3.9600 rel_err=0.2438 t=2.36s [654/980] ETA=0.22h
2026-08-16 22:02:17 SKIP cached model.layers.18.mlp.gate_proj.weight :: rtn4
2026-08-16 22:02:29 FIT model.layers.18.mlp.up_proj.weight :: seed_only bpw=3.0000 rel_err=0.2650 t=11.51s [656/980] ETA=0.22h
2026-08-16 22:02:30 FIT model.layers.18.mlp.up_proj.weight :: awq_p0.5 bpw=3.2400 rel_err=0.2604 t=0.67s [657/980] ETA=0.22h
2026-08-16 22:02:32 FIT model.layers.18.mlp.up_proj.weight :: awq_p1.0 bpw=3.4800 rel_err=0.2555 t=1.28s [658/980] ETA=0.22h
2026-08-16 22:02:34 FIT model.layers.18.mlp.up_proj.weight :: awq_p2.0 bpw=3.9600 rel_err=0.2460 t=2.39s [659/980] ETA=0.22h
2026-08-16 22:02:34 SKIP cached model.layers.18.mlp.up_proj.weight :: rtn4
2026-08-16 22:02:46 FIT model.layers.18.mlp.down_proj.weight :: seed_only bpw=3.0000 rel_err=0.2657 t=11.51s [661/980] ETA=0.22h
2026-08-16 22:02:47 FIT model.layers.18.mlp.down_proj.weight :: awq_p0.5 bpw=3.2400 rel_err=0.2622 t=0.68s [662/980] ETA=0.22h
2026-08-16 22:02:49 FIT model.layers.18.mlp.down_proj.weight :: awq_p1.0 bpw=3.4800 rel_err=0.2598 t=1.32s [663/980] ETA=0.22h
2026-08-16 22:02:51 FIT model.layers.18.mlp.down_proj.weight :: awq_p2.0 bpw=3.9600 rel_err=0.2550 t=2.48s [664/980] ETA=0.22h
2026-08-16 22:02:51 SKIP cached model.layers.18.mlp.down_proj.weight :: rtn4
2026-08-16 22:02:55 FIT model.layers.19.self_attn.q_proj.weight :: seed_only bpw=3.0000 rel_err=0.2651 t=3.84s [666/980] ETA=0.21h
2026-08-16 22:02:56 FIT model.layers.19.self_attn.q_proj.weight :: awq_p0.5 bpw=3.2400 rel_err=0.2588 t=0.22s [667/980] ETA=0.21h
2026-08-16 22:02:56 FIT model.layers.19.self_attn.q_proj.weight :: awq_p1.0 bpw=3.4800 rel_err=0.2491 t=0.40s [668/980] ETA=0.21h
2026-08-16 22:02:57 FIT model.layers.19.self_attn.q_proj.weight :: awq_p2.0 bpw=3.9600 rel_err=0.2329 t=0.66s [669/980] ETA=0.21h
2026-08-16 22:02:57 SKIP cached model.layers.19.self_attn.q_proj.weight :: rtn4
2026-08-16 22:02:59 FIT model.layers.19.self_attn.k_proj.weight :: seed_only bpw=3.0000 rel_err=0.2651 t=1.93s [671/980] ETA=0.21h
2026-08-16 22:02:59 FIT model.layers.19.self_attn.k_proj.weight :: awq_p0.5 bpw=3.2400 rel_err=0.2601 t=0.12s [672/980] ETA=0.21h
2026-08-16 22:03:00 FIT model.layers.19.self_attn.k_proj.weight :: awq_p1.0 bpw=3.4800 rel_err=0.2568 t=0.22s [673/980] ETA=0.21h
2026-08-16 22:03:00 FIT model.layers.19.self_attn.k_proj.weight :: awq_p2.0 bpw=3.9600 rel_err=0.2481 t=0.41s [674/980] ETA=0.21h
2026-08-16 22:03:00 SKIP cached model.layers.19.self_attn.k_proj.weight :: rtn4
2026-08-16 22:03:02 FIT model.layers.19.self_attn.v_proj.weight :: seed_only bpw=3.0000 rel_err=0.2675 t=1.93s [676/980] ETA=0.21h
2026-08-16 22:03:02 FIT model.layers.19.self_attn.v_proj.weight :: awq_p0.5 bpw=3.2400 rel_err=0.2613 t=0.12s [677/980] ETA=0.20h
2026-08-16 22:03:03 FIT model.layers.19.self_attn.v_proj.weight :: awq_p1.0 bpw=3.4800 rel_err=0.2559 t=0.23s [678/980] ETA=0.20h
2026-08-16 22:03:03 FIT model.layers.19.self_attn.v_proj.weight :: awq_p2.0 bpw=3.9600 rel_err=0.2463 t=0.42s [679/980] ETA=0.20h
2026-08-16 22:03:03 SKIP cached model.layers.19.self_attn.v_proj.weight :: rtn4
2026-08-16 22:03:07 FIT model.layers.19.self_attn.o_proj.weight :: seed_only bpw=3.0000 rel_err=0.2640 t=3.85s [681/980] ETA=0.20h
2026-08-16 22:03:08 FIT model.layers.19.self_attn.o_proj.weight :: awq_p0.5 bpw=3.2400 rel_err=0.2589 t=0.20s [682/980] ETA=0.20h
2026-08-16 22:03:08 FIT model.layers.19.self_attn.o_proj.weight :: awq_p1.0 bpw=3.4800 rel_err=0.2555 t=0.37s [683/980] ETA=0.20h
2026-08-16 22:03:09 FIT model.layers.19.self_attn.o_proj.weight :: awq_p2.0 bpw=3.9600 rel_err=0.2494 t=0.66s [684/980] ETA=0.20h
2026-08-16 22:03:09 SKIP cached model.layers.19.self_attn.o_proj.weight :: rtn4
2026-08-16 22:03:21 FIT model.layers.19.mlp.gate_proj.weight :: seed_only bpw=3.0000 rel_err=0.2659 t=11.51s [686/980] ETA=0.20h
2026-08-16 22:03:22 FIT model.layers.19.mlp.gate_proj.weight :: awq_p0.5 bpw=3.2400 rel_err=0.2581 t=0.66s [687/980] ETA=0.20h
2026-08-16 22:03:23 FIT model.layers.19.mlp.gate_proj.weight :: awq_p1.0 bpw=3.4800 rel_err=0.2529 t=1.26s [688/980] ETA=0.20h
2026-08-16 22:03:26 FIT model.layers.19.mlp.gate_proj.weight :: awq_p2.0 bpw=3.9600 rel_err=0.2434 t=2.34s [689/980] ETA=0.20h
2026-08-16 22:03:26 SKIP cached model.layers.19.mlp.gate_proj.weight :: rtn4
2026-08-16 22:03:38 FIT model.layers.19.mlp.up_proj.weight :: seed_only bpw=3.0000 rel_err=0.2652 t=11.51s [691/980] ETA=0.20h
2026-08-16 22:03:39 FIT model.layers.19.mlp.up_proj.weight :: awq_p0.5 bpw=3.2400 rel_err=0.2596 t=0.67s [692/980] ETA=0.20h
2026-08-16 22:03:40 FIT model.layers.19.mlp.up_proj.weight :: awq_p1.0 bpw=3.4800 rel_err=0.2548 t=1.28s [693/980] ETA=0.19h
2026-08-16 22:03:43 FIT model.layers.19.mlp.up_proj.weight :: awq_p2.0 bpw=3.9600 rel_err=0.2454 t=2.39s [694/980] ETA=0.19h
2026-08-16 22:03:43 SKIP cached model.layers.19.mlp.up_proj.weight :: rtn4
2026-08-16 22:03:55 FIT model.layers.19.mlp.down_proj.weight :: seed_only bpw=3.0000 rel_err=0.2661 t=11.51s [696/980] ETA=0.19h
2026-08-16 22:03:56 FIT model.layers.19.mlp.down_proj.weight :: awq_p0.5 bpw=3.2400 rel_err=0.2623 t=0.67s [697/980] ETA=0.19h
2026-08-16 22:03:57 FIT model.layers.19.mlp.down_proj.weight :: awq_p1.0 bpw=3.4800 rel_err=0.2599 t=1.30s [698/980] ETA=0.19h
2026-08-16 22:04:00 FIT model.layers.19.mlp.down_proj.weight :: awq_p2.0 bpw=3.9600 rel_err=0.2554 t=2.46s [699/980] ETA=0.19h
2026-08-16 22:04:00 SKIP cached model.layers.19.mlp.down_proj.weight :: rtn4
2026-08-16 22:04:04 FIT model.layers.20.self_attn.q_proj.weight :: seed_only bpw=3.0000 rel_err=0.2657 t=3.84s [701/980] ETA=0.19h
2026-08-16 22:04:04 FIT model.layers.20.self_attn.q_proj.weight :: awq_p0.5 bpw=3.2400 rel_err=0.2597 t=0.22s [702/980] ETA=0.19h
2026-08-16 22:04:05 FIT model.layers.20.self_attn.q_proj.weight :: awq_p1.0 bpw=3.4800 rel_err=0.2512 t=0.40s [703/980] ETA=0.19h
2026-08-16 22:04:05 FIT model.layers.20.self_attn.q_proj.weight :: awq_p2.0 bpw=3.9600 rel_err=0.2360 t=0.67s [704/980] ETA=0.19h
2026-08-16 22:04:05 SKIP cached model.layers.20.self_attn.q_proj.weight :: rtn4
2026-08-16 22:04:08 FIT model.layers.20.self_attn.k_proj.weight :: seed_only bpw=3.0000 rel_err=0.2658 t=1.93s [706/980] ETA=0.19h
2026-08-16 22:04:08 FIT model.layers.20.self_attn.k_proj.weight :: awq_p0.5 bpw=3.2400 rel_err=0.2597 t=0.12s [707/980] ETA=0.19h
2026-08-16 22:04:08 FIT model.layers.20.self_attn.k_proj.weight :: awq_p1.0 bpw=3.4800 rel_err=0.2562 t=0.22s [708/980] ETA=0.18h
2026-08-16 22:04:08 FIT model.layers.20.self_attn.k_proj.weight :: awq_p2.0 bpw=3.9600 rel_err=0.2488 t=0.41s [709/980] ETA=0.18h
2026-08-16 22:04:09 SKIP cached model.layers.20.self_attn.k_proj.weight :: rtn4
2026-08-16 22:04:11 FIT model.layers.20.self_attn.v_proj.weight :: seed_only bpw=3.0000 rel_err=0.2680 t=1.93s [711/980] ETA=0.18h
2026-08-16 22:04:11 FIT model.layers.20.self_attn.v_proj.weight :: awq_p0.5 bpw=3.2400 rel_err=0.2595 t=0.12s [712/980] ETA=0.18h
2026-08-16 22:04:11 FIT model.layers.20.self_attn.v_proj.weight :: awq_p1.0 bpw=3.4800 rel_err=0.2539 t=0.23s [713/980] ETA=0.18h
2026-08-16 22:04:12 FIT model.layers.20.self_attn.v_proj.weight :: awq_p2.0 bpw=3.9600 rel_err=0.2449 t=0.42s [714/980] ETA=0.18h
2026-08-16 22:04:12 SKIP cached model.layers.20.self_attn.v_proj.weight :: rtn4
2026-08-16 22:04:16 FIT model.layers.20.self_attn.o_proj.weight :: seed_only bpw=3.0000 rel_err=0.2641 t=3.85s [716/980] ETA=0.18h
2026-08-16 22:04:16 FIT model.layers.20.self_attn.o_proj.weight :: awq_p0.5 bpw=3.2400 rel_err=0.2582 t=0.21s [717/980] ETA=0.18h
2026-08-16 22:04:17 FIT model.layers.20.self_attn.o_proj.weight :: awq_p1.0 bpw=3.4800 rel_err=0.2544 t=0.40s [718/980] ETA=0.18h
2026-08-16 22:04:17 FIT model.layers.20.self_attn.o_proj.weight :: awq_p2.0 bpw=3.9600 rel_err=0.2480 t=0.74s [719/980] ETA=0.18h
2026-08-16 22:04:18 SKIP cached model.layers.20.self_attn.o_proj.weight :: rtn4
2026-08-16 22:04:30 FIT model.layers.20.mlp.gate_proj.weight :: seed_only bpw=3.0000 rel_err=0.2651 t=11.51s [721/980] ETA=0.18h
2026-08-16 22:04:30 FIT model.layers.20.mlp.gate_proj.weight :: awq_p0.5 bpw=3.2400 rel_err=0.2586 t=0.67s [722/980] ETA=0.17h
2026-08-16 22:04:32 FIT model.layers.20.mlp.gate_proj.weight :: awq_p1.0 bpw=3.4800 rel_err=0.2536 t=1.27s [723/980] ETA=0.17h
2026-08-16 22:04:34 FIT model.layers.20.mlp.gate_proj.weight :: awq_p2.0 bpw=3.9600 rel_err=0.2443 t=2.37s [724/980] ETA=0.17h
2026-08-16 22:04:34 SKIP cached model.layers.20.mlp.gate_proj.weight :: rtn4
2026-08-16 22:04:46 FIT model.layers.20.mlp.up_proj.weight :: seed_only bpw=3.0000 rel_err=0.2647 t=11.51s [726/980] ETA=0.17h
2026-08-16 22:04:47 FIT model.layers.20.mlp.up_proj.weight :: awq_p0.5 bpw=3.2400 rel_err=0.2595 t=0.67s [727/980] ETA=0.17h
2026-08-16 22:04:49 FIT model.layers.20.mlp.up_proj.weight :: awq_p1.0 bpw=3.4800 rel_err=0.2548 t=1.28s [728/980] ETA=0.17h
2026-08-16 22:04:51 FIT model.layers.20.mlp.up_proj.weight :: awq_p2.0 bpw=3.9600 rel_err=0.2458 t=2.41s [729/980] ETA=0.17h
2026-08-16 22:04:51 SKIP cached model.layers.20.mlp.up_proj.weight :: rtn4
2026-08-16 22:05:03 FIT model.layers.20.mlp.down_proj.weight :: seed_only bpw=3.0000 rel_err=0.2654 t=11.51s [731/980] ETA=0.17h
2026-08-16 22:05:04 FIT model.layers.20.mlp.down_proj.weight :: awq_p0.5 bpw=3.2400 rel_err=0.2619 t=0.68s [732/980] ETA=0.17h
2026-08-16 22:05:06 FIT model.layers.20.mlp.down_proj.weight :: awq_p1.0 bpw=3.4800 rel_err=0.2594 t=1.31s [733/980] ETA=0.17h
2026-08-16 22:05:08 FIT model.layers.20.mlp.down_proj.weight :: awq_p2.0 bpw=3.9600 rel_err=0.2547 t=2.47s [734/980] ETA=0.17h
2026-08-16 22:05:08 SKIP cached model.layers.20.mlp.down_proj.weight :: rtn4
2026-08-16 22:05:12 FIT model.layers.21.self_attn.q_proj.weight :: seed_only bpw=3.0000 rel_err=0.2650 t=3.85s [736/980] ETA=0.17h
2026-08-16 22:05:13 FIT model.layers.21.self_attn.q_proj.weight :: awq_p0.5 bpw=3.2400 rel_err=0.2602 t=0.23s [737/980] ETA=0.17h
2026-08-16 22:05:13 FIT model.layers.21.self_attn.q_proj.weight :: awq_p1.0 bpw=3.4800 rel_err=0.2532 t=0.41s [738/980] ETA=0.16h
2026-08-16 22:05:14 FIT model.layers.21.self_attn.q_proj.weight :: awq_p2.0 bpw=3.9600 rel_err=0.2395 t=0.71s [739/980] ETA=0.16h
2026-08-16 22:05:14 SKIP cached model.layers.21.self_attn.q_proj.weight :: rtn4
2026-08-16 22:05:16 FIT model.layers.21.self_attn.k_proj.weight :: seed_only bpw=3.0000 rel_err=0.2653 t=1.93s [741/980] ETA=0.16h
2026-08-16 22:05:16 FIT model.layers.21.self_attn.k_proj.weight :: awq_p0.5 bpw=3.2400 rel_err=0.2605 t=0.12s [742/980] ETA=0.16h
2026-08-16 22:05:17 FIT model.layers.21.self_attn.k_proj.weight :: awq_p1.0 bpw=3.4800 rel_err=0.2568 t=0.22s [743/980] ETA=0.16h
2026-08-16 22:05:17 FIT model.layers.21.self_attn.k_proj.weight :: awq_p2.0 bpw=3.9600 rel_err=0.2480 t=0.40s [744/980] ETA=0.16h
2026-08-16 22:05:17 SKIP cached model.layers.21.self_attn.k_proj.weight :: rtn4
2026-08-16 22:05:19 FIT model.layers.21.self_attn.v_proj.weight :: seed_only bpw=3.0000 rel_err=0.2671 t=1.93s [746/980] ETA=0.16h
2026-08-16 22:05:20 FIT model.layers.21.self_attn.v_proj.weight :: awq_p0.5 bpw=3.2400 rel_err=0.2594 t=0.12s [747/980] ETA=0.16h
2026-08-16 22:05:20 FIT model.layers.21.self_attn.v_proj.weight :: awq_p1.0 bpw=3.4800 rel_err=0.2529 t=0.22s [748/980] ETA=0.16h
2026-08-16 22:05:20 FIT model.layers.21.self_attn.v_proj.weight :: awq_p2.0 bpw=3.9600 rel_err=0.2420 t=0.40s [749/980] ETA=0.16h
2026-08-16 22:05:20 SKIP cached model.layers.21.self_attn.v_proj.weight :: rtn4
2026-08-16 22:05:25 FIT model.layers.21.self_attn.o_proj.weight :: seed_only bpw=3.0000 rel_err=0.2640 t=3.85s [751/980] ETA=0.15h
2026-08-16 22:05:25 FIT model.layers.21.self_attn.o_proj.weight :: awq_p0.5 bpw=3.2400 rel_err=0.2595 t=0.19s [752/980] ETA=0.15h
2026-08-16 22:05:25 FIT model.layers.21.self_attn.o_proj.weight :: awq_p1.0 bpw=3.4800 rel_err=0.2558 t=0.33s [753/980] ETA=0.15h
2026-08-16 22:05:26 FIT model.layers.21.self_attn.o_proj.weight :: awq_p2.0 bpw=3.9600 rel_err=0.2488 t=0.59s [754/980] ETA=0.15h
2026-08-16 22:05:26 SKIP cached model.layers.21.self_attn.o_proj.weight :: rtn4
2026-08-16 22:05:38 FIT model.layers.21.mlp.gate_proj.weight :: seed_only bpw=3.0000 rel_err=0.2644 t=11.51s [756/980] ETA=0.15h
2026-08-16 22:05:39 FIT model.layers.21.mlp.gate_proj.weight :: awq_p0.5 bpw=3.2400 rel_err=0.2597 t=0.68s [757/980] ETA=0.15h
2026-08-16 22:05:41 FIT model.layers.21.mlp.gate_proj.weight :: awq_p1.0 bpw=3.4800 rel_err=0.2546 t=1.29s [758/980] ETA=0.15h
2026-08-16 22:05:43 FIT model.layers.21.mlp.gate_proj.weight :: awq_p2.0 bpw=3.9600 rel_err=0.2449 t=2.41s [759/980] ETA=0.15h
2026-08-16 22:05:43 SKIP cached model.layers.21.mlp.gate_proj.weight :: rtn4
2026-08-16 22:05:56 FIT model.layers.21.mlp.up_proj.weight :: seed_only bpw=3.0000 rel_err=0.2645 t=11.51s [761/980] ETA=0.15h
2026-08-16 22:05:56 FIT model.layers.21.mlp.up_proj.weight :: awq_p0.5 bpw=3.2400 rel_err=0.2595 t=0.67s [762/980] ETA=0.15h
2026-08-16 22:05:58 FIT model.layers.21.mlp.up_proj.weight :: awq_p1.0 bpw=3.4800 rel_err=0.2545 t=1.30s [763/980] ETA=0.15h
2026-08-16 22:06:00 FIT model.layers.21.mlp.up_proj.weight :: awq_p2.0 bpw=3.9600 rel_err=0.2453 t=2.43s [764/980] ETA=0.15h
2026-08-16 22:06:01 SKIP cached model.layers.21.mlp.up_proj.weight :: rtn4
2026-08-16 22:06:12 FIT model.layers.21.mlp.down_proj.weight :: seed_only bpw=3.0000 rel_err=0.2646 t=11.51s [766/980] ETA=0.15h
2026-08-16 22:06:13 FIT model.layers.21.mlp.down_proj.weight :: awq_p0.5 bpw=3.2400 rel_err=0.2618 t=0.68s [767/980] ETA=0.15h
2026-08-16 22:06:15 FIT model.layers.21.mlp.down_proj.weight :: awq_p1.0 bpw=3.4800 rel_err=0.2597 t=1.29s [768/980] ETA=0.14h
2026-08-16 22:06:17 FIT model.layers.21.mlp.down_proj.weight :: awq_p2.0 bpw=3.9600 rel_err=0.2555 t=2.42s [769/980] ETA=0.14h
2026-08-16 22:06:17 SKIP cached model.layers.21.mlp.down_proj.weight :: rtn4
2026-08-16 22:06:21 FIT model.layers.22.self_attn.q_proj.weight :: seed_only bpw=3.0000 rel_err=0.2654 t=3.84s [771/980] ETA=0.14h
2026-08-16 22:06:22 FIT model.layers.22.self_attn.q_proj.weight :: awq_p0.5 bpw=3.2400 rel_err=0.2611 t=0.23s [772/980] ETA=0.14h
2026-08-16 22:06:22 FIT model.layers.22.self_attn.q_proj.weight :: awq_p1.0 bpw=3.4800 rel_err=0.2548 t=0.41s [773/980] ETA=0.14h
2026-08-16 22:06:23 FIT model.layers.22.self_attn.q_proj.weight :: awq_p2.0 bpw=3.9600 rel_err=0.2419 t=0.71s [774/980] ETA=0.14h
2026-08-16 22:06:23 SKIP cached model.layers.22.self_attn.q_proj.weight :: rtn4
2026-08-16 22:06:25 FIT model.layers.22.self_attn.k_proj.weight :: seed_only bpw=3.0000 rel_err=0.2650 t=1.93s [776/980] ETA=0.14h
2026-08-16 22:06:25 FIT model.layers.22.self_attn.k_proj.weight :: awq_p0.5 bpw=3.2400 rel_err=0.2609 t=0.12s [777/980] ETA=0.14h
2026-08-16 22:06:26 FIT model.layers.22.self_attn.k_proj.weight :: awq_p1.0 bpw=3.4800 rel_err=0.2576 t=0.22s [778/980] ETA=0.14h
2026-08-16 22:06:26 FIT model.layers.22.self_attn.k_proj.weight :: awq_p2.0 bpw=3.9600 rel_err=0.2492 t=0.40s [779/980] ETA=0.14h
2026-08-16 22:06:26 SKIP cached model.layers.22.self_attn.k_proj.weight :: rtn4
2026-08-16 22:06:28 FIT model.layers.22.self_attn.v_proj.weight :: seed_only bpw=3.0000 rel_err=0.2669 t=1.93s [781/980] ETA=0.13h
2026-08-16 22:06:29 FIT model.layers.22.self_attn.v_proj.weight :: awq_p0.5 bpw=3.2400 rel_err=0.2593 t=0.12s [782/980] ETA=0.13h
2026-08-16 22:06:29 FIT model.layers.22.self_attn.v_proj.weight :: awq_p1.0 bpw=3.4800 rel_err=0.2549 t=0.22s [783/980] ETA=0.13h
2026-08-16 22:06:29 FIT model.layers.22.self_attn.v_proj.weight :: awq_p2.0 bpw=3.9600 rel_err=0.2475 t=0.42s [784/980] ETA=0.13h
2026-08-16 22:06:29 SKIP cached model.layers.22.self_attn.v_proj.weight :: rtn4
2026-08-16 22:06:33 FIT model.layers.22.self_attn.o_proj.weight :: seed_only bpw=3.0000 rel_err=0.2635 t=3.85s [786/980] ETA=0.13h
2026-08-16 22:06:34 FIT model.layers.22.self_attn.o_proj.weight :: awq_p0.5 bpw=3.2400 rel_err=0.2592 t=0.19s [787/980] ETA=0.13h
2026-08-16 22:06:34 FIT model.layers.22.self_attn.o_proj.weight :: awq_p1.0 bpw=3.4800 rel_err=0.2556 t=0.33s [788/980] ETA=0.13h
2026-08-16 22:06:35 FIT model.layers.22.self_attn.o_proj.weight :: awq_p2.0 bpw=3.9600 rel_err=0.2490 t=0.60s [789/980] ETA=0.13h
2026-08-16 22:06:35 SKIP cached model.layers.22.self_attn.o_proj.weight :: rtn4
2026-08-16 22:06:47 FIT model.layers.22.mlp.gate_proj.weight :: seed_only bpw=3.0000 rel_err=0.2640 t=11.51s [791/980] ETA=0.13h
2026-08-16 22:06:48 FIT model.layers.22.mlp.gate_proj.weight :: awq_p0.5 bpw=3.2400 rel_err=0.2597 t=0.68s [792/980] ETA=0.13h
2026-08-16 22:06:49 FIT model.layers.22.mlp.gate_proj.weight :: awq_p1.0 bpw=3.4800 rel_err=0.2551 t=1.30s [793/980] ETA=0.13h
2026-08-16 22:06:52 FIT model.layers.22.mlp.gate_proj.weight :: awq_p2.0 bpw=3.9600 rel_err=0.2458 t=2.43s [794/980] ETA=0.13h
2026-08-16 22:06:52 SKIP cached model.layers.22.mlp.gate_proj.weight :: rtn4
2026-08-16 22:07:04 FIT model.layers.22.mlp.up_proj.weight :: seed_only bpw=3.0000 rel_err=0.2641 t=11.51s [796/980] ETA=0.13h
2026-08-16 22:07:05 FIT model.layers.22.mlp.up_proj.weight :: awq_p0.5 bpw=3.2400 rel_err=0.2595 t=0.68s [797/980] ETA=0.12h
2026-08-16 22:07:06 FIT model.layers.22.mlp.up_proj.weight :: awq_p1.0 bpw=3.4800 rel_err=0.2546 t=1.30s [798/980] ETA=0.12h
2026-08-16 22:07:09 FIT model.layers.22.mlp.up_proj.weight :: awq_p2.0 bpw=3.9600 rel_err=0.2455 t=2.44s [799/980] ETA=0.12h
2026-08-16 22:07:09 SKIP cached model.layers.22.mlp.up_proj.weight :: rtn4
2026-08-16 22:07:21 FIT model.layers.22.mlp.down_proj.weight :: seed_only bpw=3.0000 rel_err=0.2640 t=11.51s [801/980] ETA=0.12h
2026-08-16 22:07:22 FIT model.layers.22.mlp.down_proj.weight :: awq_p0.5 bpw=3.2400 rel_err=0.2614 t=0.68s [802/980] ETA=0.12h
2026-08-16 22:07:24 FIT model.layers.22.mlp.down_proj.weight :: awq_p1.0 bpw=3.4800 rel_err=0.2592 t=1.31s [803/980] ETA=0.12h
2026-08-16 22:07:26 FIT model.layers.22.mlp.down_proj.weight :: awq_p2.0 bpw=3.9600 rel_err=0.2549 t=2.48s [804/980] ETA=0.12h
2026-08-16 22:07:26 SKIP cached model.layers.22.mlp.down_proj.weight :: rtn4
2026-08-16 22:07:30 FIT model.layers.23.self_attn.q_proj.weight :: seed_only bpw=3.0000 rel_err=0.2655 t=3.84s [806/980] ETA=0.12h
2026-08-16 22:07:31 FIT model.layers.23.self_attn.q_proj.weight :: awq_p0.5 bpw=3.2400 rel_err=0.2594 t=0.23s [807/980] ETA=0.12h
2026-08-16 22:07:31 FIT model.layers.23.self_attn.q_proj.weight :: awq_p1.0 bpw=3.4800 rel_err=0.2536 t=0.41s [808/980] ETA=0.12h
2026-08-16 22:07:32 FIT model.layers.23.self_attn.q_proj.weight :: awq_p2.0 bpw=3.9600 rel_err=0.2434 t=0.74s [809/980] ETA=0.12h
2026-08-16 22:07:32 SKIP cached model.layers.23.self_attn.q_proj.weight :: rtn4
2026-08-16 22:07:34 FIT model.layers.23.self_attn.k_proj.weight :: seed_only bpw=3.0000 rel_err=0.2657 t=1.93s [811/980] ETA=0.12h
2026-08-16 22:07:34 FIT model.layers.23.self_attn.k_proj.weight :: awq_p0.5 bpw=3.2400 rel_err=0.2590 t=0.12s [812/980] ETA=0.11h
2026-08-16 22:07:35 FIT model.layers.23.self_attn.k_proj.weight :: awq_p1.0 bpw=3.4800 rel_err=0.2555 t=0.22s [813/980] ETA=0.11h
2026-08-16 22:07:35 FIT model.layers.23.self_attn.k_proj.weight :: awq_p2.0 bpw=3.9600 rel_err=0.2487 t=0.41s [814/980] ETA=0.11h
2026-08-16 22:07:35 SKIP cached model.layers.23.self_attn.k_proj.weight :: rtn4
2026-08-16 22:07:37 FIT model.layers.23.self_attn.v_proj.weight :: seed_only bpw=3.0000 rel_err=0.2672 t=1.93s [816/980] ETA=0.11h
2026-08-16 22:07:38 FIT model.layers.23.self_attn.v_proj.weight :: awq_p0.5 bpw=3.2400 rel_err=0.2584 t=0.12s [817/980] ETA=0.11h
2026-08-16 22:07:38 FIT model.layers.23.self_attn.v_proj.weight :: awq_p1.0 bpw=3.4800 rel_err=0.2546 t=0.22s [818/980] ETA=0.11h
2026-08-16 22:07:39 FIT model.layers.23.self_attn.v_proj.weight :: awq_p2.0 bpw=3.9600 rel_err=0.2479 t=0.41s [819/980] ETA=0.11h
2026-08-16 22:07:39 SKIP cached model.layers.23.self_attn.v_proj.weight :: rtn4
2026-08-16 22:07:43 FIT model.layers.23.self_attn.o_proj.weight :: seed_only bpw=3.0000 rel_err=0.2638 t=3.85s [821/980] ETA=0.11h
2026-08-16 22:07:43 FIT model.layers.23.self_attn.o_proj.weight :: awq_p0.5 bpw=3.2400 rel_err=0.2599 t=0.20s [822/980] ETA=0.11h
2026-08-16 22:07:43 FIT model.layers.23.self_attn.o_proj.weight :: awq_p1.0 bpw=3.4800 rel_err=0.2567 t=0.36s [823/980] ETA=0.11h
2026-08-16 22:07:44 FIT model.layers.23.self_attn.o_proj.weight :: awq_p2.0 bpw=3.9600 rel_err=0.2510 t=0.63s [824/980] ETA=0.11h
2026-08-16 22:07:44 SKIP cached model.layers.23.self_attn.o_proj.weight :: rtn4
2026-08-16 22:07:56 FIT model.layers.23.mlp.gate_proj.weight :: seed_only bpw=3.0000 rel_err=0.2637 t=11.51s [826/980] ETA=0.10h
2026-08-16 22:07:57 FIT model.layers.23.mlp.gate_proj.weight :: awq_p0.5 bpw=3.2400 rel_err=0.2599 t=0.68s [827/980] ETA=0.10h
2026-08-16 22:07:58 FIT model.layers.23.mlp.gate_proj.weight :: awq_p1.0 bpw=3.4800 rel_err=0.2555 t=1.31s [828/980] ETA=0.10h
2026-08-16 22:08:01 FIT model.layers.23.mlp.gate_proj.weight :: awq_p2.0 bpw=3.9600 rel_err=0.2464 t=2.44s [829/980] ETA=0.10h
2026-08-16 22:08:01 SKIP cached model.layers.23.mlp.gate_proj.weight :: rtn4
2026-08-16 22:08:13 FIT model.layers.23.mlp.up_proj.weight :: seed_only bpw=3.0000 rel_err=0.2638 t=11.51s [831/980] ETA=0.10h
2026-08-16 22:08:14 FIT model.layers.23.mlp.up_proj.weight :: awq_p0.5 bpw=3.2400 rel_err=0.2594 t=0.68s [832/980] ETA=0.10h
2026-08-16 22:08:15 FIT model.layers.23.mlp.up_proj.weight :: awq_p1.0 bpw=3.4800 rel_err=0.2546 t=1.30s [833/980] ETA=0.10h
2026-08-16 22:08:18 FIT model.layers.23.mlp.up_proj.weight :: awq_p2.0 bpw=3.9600 rel_err=0.2456 t=2.44s [834/980] ETA=0.10h
2026-08-16 22:08:18 SKIP cached model.layers.23.mlp.up_proj.weight :: rtn4
2026-08-16 22:08:30 FIT model.layers.23.mlp.down_proj.weight :: seed_only bpw=3.0000 rel_err=0.2639 t=11.51s [836/980] ETA=0.10h
2026-08-16 22:08:31 FIT model.layers.23.mlp.down_proj.weight :: awq_p0.5 bpw=3.2400 rel_err=0.2612 t=0.68s [837/980] ETA=0.10h
2026-08-16 22:08:32 FIT model.layers.23.mlp.down_proj.weight :: awq_p1.0 bpw=3.4800 rel_err=0.2589 t=1.31s [838/980] ETA=0.10h
2026-08-16 22:08:35 FIT model.layers.23.mlp.down_proj.weight :: awq_p2.0 bpw=3.9600 rel_err=0.2545 t=2.46s [839/980] ETA=0.10h
2026-08-16 22:08:35 SKIP cached model.layers.23.mlp.down_proj.weight :: rtn4
2026-08-16 22:08:39 FIT model.layers.24.self_attn.q_proj.weight :: seed_only bpw=3.0000 rel_err=0.2656 t=3.84s [841/980] ETA=0.09h
2026-08-16 22:08:39 FIT model.layers.24.self_attn.q_proj.weight :: awq_p0.5 bpw=3.2400 rel_err=0.2593 t=0.22s [842/980] ETA=0.09h
2026-08-16 22:08:40 FIT model.layers.24.self_attn.q_proj.weight :: awq_p1.0 bpw=3.4800 rel_err=0.2540 t=0.41s [843/980] ETA=0.09h
2026-08-16 22:08:40 FIT model.layers.24.self_attn.q_proj.weight :: awq_p2.0 bpw=3.9600 rel_err=0.2427 t=0.74s [844/980] ETA=0.09h
2026-08-16 22:08:41 SKIP cached model.layers.24.self_attn.q_proj.weight :: rtn4
2026-08-16 22:08:43 FIT model.layers.24.self_attn.k_proj.weight :: seed_only bpw=3.0000 rel_err=0.2660 t=1.93s [846/980] ETA=0.09h
2026-08-16 22:08:43 FIT model.layers.24.self_attn.k_proj.weight :: awq_p0.5 bpw=3.2400 rel_err=0.2595 t=0.12s [847/980] ETA=0.09h
2026-08-16 22:08:43 FIT model.layers.24.self_attn.k_proj.weight :: awq_p1.0 bpw=3.4800 rel_err=0.2562 t=0.22s [848/980] ETA=0.09h
2026-08-16 22:08:44 FIT model.layers.24.self_attn.k_proj.weight :: awq_p2.0 bpw=3.9600 rel_err=0.2498 t=0.41s [849/980] ETA=0.09h
2026-08-16 22:08:44 SKIP cached model.layers.24.self_attn.k_proj.weight :: rtn4
2026-08-16 22:08:46 FIT model.layers.24.self_attn.v_proj.weight :: seed_only bpw=3.0000 rel_err=0.2670 t=1.93s [851/980] ETA=0.09h
2026-08-16 22:08:46 FIT model.layers.24.self_attn.v_proj.weight :: awq_p0.5 bpw=3.2400 rel_err=0.2601 t=0.12s [852/980] ETA=0.09h
2026-08-16 22:08:46 FIT model.layers.24.self_attn.v_proj.weight :: awq_p1.0 bpw=3.4800 rel_err=0.2567 t=0.22s [853/980] ETA=0.09h
2026-08-16 22:08:47 FIT model.layers.24.self_attn.v_proj.weight :: awq_p2.0 bpw=3.9600 rel_err=0.2512 t=0.41s [854/980] ETA=0.09h
2026-08-16 22:08:47 SKIP cached model.layers.24.self_attn.v_proj.weight :: rtn4
2026-08-16 22:08:51 FIT model.layers.24.self_attn.o_proj.weight :: seed_only bpw=3.0000 rel_err=0.2637 t=3.84s [856/980] ETA=0.08h
2026-08-16 22:08:51 FIT model.layers.24.self_attn.o_proj.weight :: awq_p0.5 bpw=3.2400 rel_err=0.2599 t=0.20s [857/980] ETA=0.08h
2026-08-16 22:08:52 FIT model.layers.24.self_attn.o_proj.weight :: awq_p1.0 bpw=3.4800 rel_err=0.2570 t=0.35s [858/980] ETA=0.08h
2026-08-16 22:08:52 FIT model.layers.24.self_attn.o_proj.weight :: awq_p2.0 bpw=3.9600 rel_err=0.2521 t=0.59s [859/980] ETA=0.08h
2026-08-16 22:08:53 SKIP cached model.layers.24.self_attn.o_proj.weight :: rtn4
2026-08-16 22:09:04 FIT model.layers.24.mlp.gate_proj.weight :: seed_only bpw=3.0000 rel_err=0.2637 t=11.51s [861/980] ETA=0.08h
2026-08-16 22:09:05 FIT model.layers.24.mlp.gate_proj.weight :: awq_p0.5 bpw=3.2400 rel_err=0.2598 t=0.69s [862/980] ETA=0.08h
2026-08-16 22:09:07 FIT model.layers.24.mlp.gate_proj.weight :: awq_p1.0 bpw=3.4800 rel_err=0.2558 t=1.32s [863/980] ETA=0.08h
2026-08-16 22:09:09 FIT model.layers.24.mlp.gate_proj.weight :: awq_p2.0 bpw=3.9600 rel_err=0.2474 t=2.46s [864/980] ETA=0.08h
2026-08-16 22:09:09 SKIP cached model.layers.24.mlp.gate_proj.weight :: rtn4
2026-08-16 22:09:21 FIT model.layers.24.mlp.up_proj.weight :: seed_only bpw=3.0000 rel_err=0.2637 t=11.51s [866/980] ETA=0.08h
2026-08-16 22:09:22 FIT model.layers.24.mlp.up_proj.weight :: awq_p0.5 bpw=3.2400 rel_err=0.2596 t=0.68s [867/980] ETA=0.08h
2026-08-16 22:09:24 FIT model.layers.24.mlp.up_proj.weight :: awq_p1.0 bpw=3.4800 rel_err=0.2551 t=1.31s [868/980] ETA=0.08h
2026-08-16 22:09:27 FIT model.layers.24.mlp.up_proj.weight :: awq_p2.0 bpw=3.9600 rel_err=0.2466 t=2.47s [869/980] ETA=0.08h
2026-08-16 22:09:27 SKIP cached model.layers.24.mlp.up_proj.weight :: rtn4
2026-08-16 22:09:39 FIT model.layers.24.mlp.down_proj.weight :: seed_only bpw=3.0000 rel_err=0.2638 t=11.51s [871/980] ETA=0.07h
2026-08-16 22:09:40 FIT model.layers.24.mlp.down_proj.weight :: awq_p0.5 bpw=3.2400 rel_err=0.2613 t=0.68s [872/980] ETA=0.07h
2026-08-16 22:09:41 FIT model.layers.24.mlp.down_proj.weight :: awq_p1.0 bpw=3.4800 rel_err=0.2590 t=1.32s [873/980] ETA=0.07h
2026-08-16 22:09:44 FIT model.layers.24.mlp.down_proj.weight :: awq_p2.0 bpw=3.9600 rel_err=0.2547 t=2.48s [874/980] ETA=0.07h
2026-08-16 22:09:44 SKIP cached model.layers.24.mlp.down_proj.weight :: rtn4
2026-08-16 22:09:48 FIT model.layers.25.self_attn.q_proj.weight :: seed_only bpw=3.0000 rel_err=0.2660 t=3.85s [876/980] ETA=0.07h
2026-08-16 22:09:48 FIT model.layers.25.self_attn.q_proj.weight :: awq_p0.5 bpw=3.2400 rel_err=0.2596 t=0.23s [877/980] ETA=0.07h
2026-08-16 22:09:49 FIT model.layers.25.self_attn.q_proj.weight :: awq_p1.0 bpw=3.4800 rel_err=0.2549 t=0.42s [878/980] ETA=0.07h
2026-08-16 22:09:50 FIT model.layers.25.self_attn.q_proj.weight :: awq_p2.0 bpw=3.9600 rel_err=0.2453 t=0.76s [879/980] ETA=0.07h
2026-08-16 22:09:50 SKIP cached model.layers.25.self_attn.q_proj.weight :: rtn4
2026-08-16 22:09:52 FIT model.layers.25.self_attn.k_proj.weight :: seed_only bpw=3.0000 rel_err=0.2658 t=1.93s [881/980] ETA=0.07h
2026-08-16 22:09:52 FIT model.layers.25.self_attn.k_proj.weight :: awq_p0.5 bpw=3.2400 rel_err=0.2594 t=0.12s [882/980] ETA=0.07h
2026-08-16 22:09:52 FIT model.layers.25.self_attn.k_proj.weight :: awq_p1.0 bpw=3.4800 rel_err=0.2560 t=0.22s [883/980] ETA=0.07h
2026-08-16 22:09:53 FIT model.layers.25.self_attn.k_proj.weight :: awq_p2.0 bpw=3.9600 rel_err=0.2503 t=0.41s [884/980] ETA=0.07h
2026-08-16 22:09:53 SKIP cached model.layers.25.self_attn.k_proj.weight :: rtn4
2026-08-16 22:09:55 FIT model.layers.25.self_attn.v_proj.weight :: seed_only bpw=3.0000 rel_err=0.2663 t=1.93s [886/980] ETA=0.06h
2026-08-16 22:09:55 FIT model.layers.25.self_attn.v_proj.weight :: awq_p0.5 bpw=3.2400 rel_err=0.2593 t=0.12s [887/980] ETA=0.06h
2026-08-16 22:09:56 FIT model.layers.25.self_attn.v_proj.weight :: awq_p1.0 bpw=3.4800 rel_err=0.2559 t=0.22s [888/980] ETA=0.06h
2026-08-16 22:09:56 FIT model.layers.25.self_attn.v_proj.weight :: awq_p2.0 bpw=3.9600 rel_err=0.2509 t=0.41s [889/980] ETA=0.06h
2026-08-16 22:09:56 SKIP cached model.layers.25.self_attn.v_proj.weight :: rtn4
2026-08-16 22:10:00 FIT model.layers.25.self_attn.o_proj.weight :: seed_only bpw=3.0000 rel_err=0.2637 t=3.84s [891/980] ETA=0.06h
2026-08-16 22:10:01 FIT model.layers.25.self_attn.o_proj.weight :: awq_p0.5 bpw=3.2400 rel_err=0.2593 t=0.20s [892/980] ETA=0.06h
2026-08-16 22:10:01 FIT model.layers.25.self_attn.o_proj.weight :: awq_p1.0 bpw=3.4800 rel_err=0.2560 t=0.37s [893/980] ETA=0.06h
2026-08-16 22:10:02 FIT model.layers.25.self_attn.o_proj.weight :: awq_p2.0 bpw=3.9600 rel_err=0.2506 t=0.65s [894/980] ETA=0.06h
2026-08-16 22:10:02 SKIP cached model.layers.25.self_attn.o_proj.weight :: rtn4
2026-08-16 22:10:14 FIT model.layers.25.mlp.gate_proj.weight :: seed_only bpw=3.0000 rel_err=0.2637 t=11.51s [896/980] ETA=0.06h
2026-08-16 22:10:15 FIT model.layers.25.mlp.gate_proj.weight :: awq_p0.5 bpw=3.2400 rel_err=0.2599 t=0.69s [897/980] ETA=0.06h
2026-08-16 22:10:16 FIT model.layers.25.mlp.gate_proj.weight :: awq_p1.0 bpw=3.4800 rel_err=0.2560 t=1.31s [898/980] ETA=0.06h
2026-08-16 22:10:19 FIT model.layers.25.mlp.gate_proj.weight :: awq_p2.0 bpw=3.9600 rel_err=0.2479 t=2.46s [899/980] ETA=0.05h
2026-08-16 22:10:19 SKIP cached model.layers.25.mlp.gate_proj.weight :: rtn4
2026-08-16 22:10:31 FIT model.layers.25.mlp.up_proj.weight :: seed_only bpw=3.0000 rel_err=0.2638 t=11.51s [901/980] ETA=0.05h
2026-08-16 22:10:32 FIT model.layers.25.mlp.up_proj.weight :: awq_p0.5 bpw=3.2400 rel_err=0.2598 t=0.68s [902/980] ETA=0.05h
2026-08-16 22:10:33 FIT model.layers.25.mlp.up_proj.weight :: awq_p1.0 bpw=3.4800 rel_err=0.2557 t=1.31s [903/980] ETA=0.05h
2026-08-16 22:10:36 FIT model.layers.25.mlp.up_proj.weight :: awq_p2.0 bpw=3.9600 rel_err=0.2474 t=2.46s [904/980] ETA=0.05h
2026-08-16 22:10:36 SKIP cached model.layers.25.mlp.up_proj.weight :: rtn4
2026-08-16 22:10:48 FIT model.layers.25.mlp.down_proj.weight :: seed_only bpw=3.0000 rel_err=0.2640 t=11.51s [906/980] ETA=0.05h
2026-08-16 22:10:49 FIT model.layers.25.mlp.down_proj.weight :: awq_p0.5 bpw=3.2400 rel_err=0.2614 t=0.68s [907/980] ETA=0.05h
2026-08-16 22:10:50 FIT model.layers.25.mlp.down_proj.weight :: awq_p1.0 bpw=3.4800 rel_err=0.2592 t=1.31s [908/980] ETA=0.05h
2026-08-16 22:10:53 FIT model.layers.25.mlp.down_proj.weight :: awq_p2.0 bpw=3.9600 rel_err=0.2548 t=2.47s [909/980] ETA=0.05h
2026-08-16 22:10:53 SKIP cached model.layers.25.mlp.down_proj.weight :: rtn4
2026-08-16 22:10:57 FIT model.layers.26.self_attn.q_proj.weight :: seed_only bpw=3.0000 rel_err=0.2655 t=3.84s [911/980] ETA=0.05h
2026-08-16 22:10:58 FIT model.layers.26.self_attn.q_proj.weight :: awq_p0.5 bpw=3.2400 rel_err=0.2612 t=0.23s [912/980] ETA=0.05h
2026-08-16 22:10:58 FIT model.layers.26.self_attn.q_proj.weight :: awq_p1.0 bpw=3.4800 rel_err=0.2569 t=0.43s [913/980] ETA=0.05h
2026-08-16 22:10:59 FIT model.layers.26.self_attn.q_proj.weight :: awq_p2.0 bpw=3.9600 rel_err=0.2469 t=0.76s [914/980] ETA=0.04h
2026-08-16 22:10:59 SKIP cached model.layers.26.self_attn.q_proj.weight :: rtn4
2026-08-16 22:11:01 FIT model.layers.26.self_attn.k_proj.weight :: seed_only bpw=3.0000 rel_err=0.2652 t=1.93s [916/980] ETA=0.04h
2026-08-16 22:11:02 FIT model.layers.26.self_attn.k_proj.weight :: awq_p0.5 bpw=3.2400 rel_err=0.2595 t=0.12s [917/980] ETA=0.04h
2026-08-16 22:11:02 FIT model.layers.26.self_attn.k_proj.weight :: awq_p1.0 bpw=3.4800 rel_err=0.2566 t=0.22s [918/980] ETA=0.04h
2026-08-16 22:11:02 FIT model.layers.26.self_attn.k_proj.weight :: awq_p2.0 bpw=3.9600 rel_err=0.2515 t=0.41s [919/980] ETA=0.04h
2026-08-16 22:11:02 SKIP cached model.layers.26.self_attn.k_proj.weight :: rtn4
2026-08-16 22:11:05 FIT model.layers.26.self_attn.v_proj.weight :: seed_only bpw=3.0000 rel_err=0.2651 t=1.93s [921/980] ETA=0.04h
2026-08-16 22:11:05 FIT model.layers.26.self_attn.v_proj.weight :: awq_p0.5 bpw=3.2400 rel_err=0.2603 t=0.12s [922/980] ETA=0.04h
2026-08-16 22:11:05 FIT model.layers.26.self_attn.v_proj.weight :: awq_p1.0 bpw=3.4800 rel_err=0.2577 t=0.23s [923/980] ETA=0.04h
2026-08-16 22:11:05 FIT model.layers.26.self_attn.v_proj.weight :: awq_p2.0 bpw=3.9600 rel_err=0.2533 t=0.42s [924/980] ETA=0.04h
2026-08-16 22:11:06 SKIP cached model.layers.26.self_attn.v_proj.weight :: rtn4
2026-08-16 22:11:10 FIT model.layers.26.self_attn.o_proj.weight :: seed_only bpw=3.0000 rel_err=0.2636 t=3.84s [926/980] ETA=0.04h
2026-08-16 22:11:10 FIT model.layers.26.self_attn.o_proj.weight :: awq_p0.5 bpw=3.2400 rel_err=0.2555 t=0.13s [927/980] ETA=0.04h
2026-08-16 22:11:10 FIT model.layers.26.self_attn.o_proj.weight :: awq_p1.0 bpw=3.4800 rel_err=0.2517 t=0.29s [928/980] ETA=0.04h
2026-08-16 22:11:11 FIT model.layers.26.self_attn.o_proj.weight :: awq_p2.0 bpw=3.9600 rel_err=0.2454 t=0.61s [929/980] ETA=0.03h
2026-08-16 22:11:11 SKIP cached model.layers.26.self_attn.o_proj.weight :: rtn4
2026-08-16 22:11:23 FIT model.layers.26.mlp.gate_proj.weight :: seed_only bpw=3.0000 rel_err=0.2638 t=11.51s [931/980] ETA=0.03h
2026-08-16 22:11:24 FIT model.layers.26.mlp.gate_proj.weight :: awq_p0.5 bpw=3.2400 rel_err=0.2604 t=0.69s [932/980] ETA=0.03h
2026-08-16 22:11:25 FIT model.layers.26.mlp.gate_proj.weight :: awq_p1.0 bpw=3.4800 rel_err=0.2568 t=1.32s [933/980] ETA=0.03h
2026-08-16 22:11:28 FIT model.layers.26.mlp.gate_proj.weight :: awq_p2.0 bpw=3.9600 rel_err=0.2488 t=2.47s [934/980] ETA=0.03h
2026-08-16 22:11:28 SKIP cached model.layers.26.mlp.gate_proj.weight :: rtn4
2026-08-16 22:11:40 FIT model.layers.26.mlp.up_proj.weight :: seed_only bpw=3.0000 rel_err=0.2638 t=11.51s [936/980] ETA=0.03h
2026-08-16 22:11:41 FIT model.layers.26.mlp.up_proj.weight :: awq_p0.5 bpw=3.2400 rel_err=0.2604 t=0.68s [937/980] ETA=0.03h
2026-08-16 22:11:42 FIT model.layers.26.mlp.up_proj.weight :: awq_p1.0 bpw=3.4800 rel_err=0.2564 t=1.31s [938/980] ETA=0.03h
2026-08-16 22:11:45 FIT model.layers.26.mlp.up_proj.weight :: awq_p2.0 bpw=3.9600 rel_err=0.2483 t=2.47s [939/980] ETA=0.03h
2026-08-16 22:11:45 SKIP cached model.layers.26.mlp.up_proj.weight :: rtn4
2026-08-16 22:11:57 FIT model.layers.26.mlp.down_proj.weight :: seed_only bpw=3.0000 rel_err=0.2642 t=11.51s [941/980] ETA=0.03h
2026-08-16 22:11:58 FIT model.layers.26.mlp.down_proj.weight :: awq_p0.5 bpw=3.2400 rel_err=0.2616 t=0.68s [942/980] ETA=0.03h
2026-08-16 22:12:00 FIT model.layers.26.mlp.down_proj.weight :: awq_p1.0 bpw=3.4800 rel_err=0.2594 t=1.31s [943/980] ETA=0.03h
2026-08-16 22:12:02 FIT model.layers.26.mlp.down_proj.weight :: awq_p2.0 bpw=3.9600 rel_err=0.2553 t=2.50s [944/980] ETA=0.02h
2026-08-16 22:12:02 SKIP cached model.layers.26.mlp.down_proj.weight :: rtn4
2026-08-16 22:12:06 FIT model.layers.27.self_attn.q_proj.weight :: seed_only bpw=3.0000 rel_err=0.2639 t=3.84s [946/980] ETA=0.02h
2026-08-16 22:12:07 FIT model.layers.27.self_attn.q_proj.weight :: awq_p0.5 bpw=3.2400 rel_err=0.2576 t=0.22s [947/980] ETA=0.02h
2026-08-16 22:12:07 FIT model.layers.27.self_attn.q_proj.weight :: awq_p1.0 bpw=3.4800 rel_err=0.2520 t=0.40s [948/980] ETA=0.02h
2026-08-16 22:12:08 FIT model.layers.27.self_attn.q_proj.weight :: awq_p2.0 bpw=3.9600 rel_err=0.2423 t=0.73s [949/980] ETA=0.02h
2026-08-16 22:12:08 SKIP cached model.layers.27.self_attn.q_proj.weight :: rtn4
2026-08-16 22:12:10 FIT model.layers.27.self_attn.k_proj.weight :: seed_only bpw=3.0000 rel_err=0.2640 t=1.93s [951/980] ETA=0.02h
2026-08-16 22:12:10 FIT model.layers.27.self_attn.k_proj.weight :: awq_p0.5 bpw=3.2400 rel_err=0.2599 t=0.12s [952/980] ETA=0.02h
2026-08-16 22:12:11 FIT model.layers.27.self_attn.k_proj.weight :: awq_p1.0 bpw=3.4800 rel_err=0.2557 t=0.22s [953/980] ETA=0.02h
2026-08-16 22:12:11 FIT model.layers.27.self_attn.k_proj.weight :: awq_p2.0 bpw=3.9600 rel_err=0.2469 t=0.40s [954/980] ETA=0.02h
2026-08-16 22:12:11 SKIP cached model.layers.27.self_attn.k_proj.weight :: rtn4
2026-08-16 22:12:13 FIT model.layers.27.self_attn.v_proj.weight :: seed_only bpw=3.0000 rel_err=0.2647 t=1.93s [956/980] ETA=0.02h
2026-08-16 22:12:14 FIT model.layers.27.self_attn.v_proj.weight :: awq_p0.5 bpw=3.2400 rel_err=0.2597 t=0.12s [957/980] ETA=0.02h
2026-08-16 22:12:14 FIT model.layers.27.self_attn.v_proj.weight :: awq_p1.0 bpw=3.4800 rel_err=0.2549 t=0.23s [958/980] ETA=0.01h
2026-08-16 22:12:14 FIT model.layers.27.self_attn.v_proj.weight :: awq_p2.0 bpw=3.9600 rel_err=0.2461 t=0.42s [959/980] ETA=0.01h
2026-08-16 22:12:14 SKIP cached model.layers.27.self_attn.v_proj.weight :: rtn4
2026-08-16 22:12:18 FIT model.layers.27.self_attn.o_proj.weight :: seed_only bpw=3.0000 rel_err=0.2636 t=3.84s [961/980] ETA=0.01h
2026-08-16 22:12:19 FIT model.layers.27.self_attn.o_proj.weight :: awq_p0.5 bpw=3.2400 rel_err=0.2583 t=0.21s [962/980] ETA=0.01h
2026-08-16 22:12:19 FIT model.layers.27.self_attn.o_proj.weight :: awq_p1.0 bpw=3.4800 rel_err=0.2543 t=0.40s [963/980] ETA=0.01h
2026-08-16 22:12:20 FIT model.layers.27.self_attn.o_proj.weight :: awq_p2.0 bpw=3.9600 rel_err=0.2474 t=0.70s [964/980] ETA=0.01h
2026-08-16 22:12:20 SKIP cached model.layers.27.self_attn.o_proj.weight :: rtn4
2026-08-16 22:12:32 FIT model.layers.27.mlp.gate_proj.weight :: seed_only bpw=3.0000 rel_err=0.2638 t=11.51s [966/980] ETA=0.01h
2026-08-16 22:12:33 FIT model.layers.27.mlp.gate_proj.weight :: awq_p0.5 bpw=3.2400 rel_err=0.2604 t=0.68s [967/980] ETA=0.01h
2026-08-16 22:12:34 FIT model.layers.27.mlp.gate_proj.weight :: awq_p1.0 bpw=3.4800 rel_err=0.2569 t=1.31s [968/980] ETA=0.01h
2026-08-16 22:12:37 FIT model.layers.27.mlp.gate_proj.weight :: awq_p2.0 bpw=3.9600 rel_err=0.2485 t=2.44s [969/980] ETA=0.01h
2026-08-16 22:12:37 SKIP cached model.layers.27.mlp.gate_proj.weight :: rtn4
2026-08-16 22:12:49 FIT model.layers.27.mlp.up_proj.weight :: seed_only bpw=3.0000 rel_err=0.2637 t=11.51s [971/980] ETA=0.01h
2026-08-16 22:12:50 FIT model.layers.27.mlp.up_proj.weight :: awq_p0.5 bpw=3.2400 rel_err=0.2607 t=0.68s [972/980] ETA=0.01h
2026-08-16 22:12:51 FIT model.layers.27.mlp.up_proj.weight :: awq_p1.0 bpw=3.4800 rel_err=0.2565 t=1.31s [973/980] ETA=0.00h
2026-08-16 22:12:54 FIT model.layers.27.mlp.up_proj.weight :: awq_p2.0 bpw=3.9600 rel_err=0.2480 t=2.45s [974/980] ETA=0.00h
2026-08-16 22:12:54 SKIP cached model.layers.27.mlp.up_proj.weight :: rtn4
2026-08-16 22:13:06 FIT model.layers.27.mlp.down_proj.weight :: seed_only bpw=3.0000 rel_err=0.2659 t=11.51s [976/980] ETA=0.00h
2026-08-16 22:13:07 FIT model.layers.27.mlp.down_proj.weight :: awq_p0.5 bpw=3.2400 rel_err=0.2640 t=0.69s [977/980] ETA=0.00h
2026-08-16 22:13:09 FIT model.layers.27.mlp.down_proj.weight :: awq_p1.0 bpw=3.4800 rel_err=0.2625 t=1.33s [978/980] ETA=0.00h
2026-08-16 22:13:11 FIT model.layers.27.mlp.down_proj.weight :: awq_p2.0 bpw=3.9600 rel_err=0.2592 t=2.49s [979/980] ETA=0.00h
2026-08-16 22:13:11 SKIP cached model.layers.27.mlp.down_proj.weight :: rtn4
2026-08-16 22:13:12 FIT done in 32.1 min
2026-08-16 22:13:17 HASH re-verify originals verified=True sha256=42fb692854712fa1c4d375c5cde965af...
2026-08-16 22:13:17 RUN phase3-20260816-214101 complete
2026-08-16 22:13:47 RUN phase3-20260816-221347 layout=phase3 model=Qwen3-1.7B config=c12p4 C=12 P=4 stage=eval n_seeds=16384 stage2_seeds=65535 layers_limit=None eval_mode=cached resume=True stack=bfba9230e93f|NVIDIA GeForce RTX 4090|torch2.11.0+cu128
2026-08-16 22:13:49 HASH originals sha256=42fb692854712fa1c4d375c5cde965af... verified=True
2026-08-16 22:16:03 EVAL model=Qwen3-1.7B loaded, 196 target tensors (layers_limit=None, eval_mode=cached)
2026-08-16 22:16:03 SKIP cached reference.json fp=6f7a7d9b5d3fd99d
2026-08-16 22:16:03 REFLOGITS 12 prompts (0.44 GB, 12 cached, 0.1s) -> /workspace/results/Qwen3-1.7B/ref_logits
2026-08-16 22:17:01 EVAL c12p4_seed_only      bpw=3.0000 mean_kl=7.965954 p95=17.522995 max=26.0041 top1=13.00% fp=20ecf1464cdd6ffa (40.8s)
2026-08-16 22:17:30 EVAL c12p4_awq_p0.5       bpw=3.2400 mean_kl=2.089245 p95=10.681951 max=28.6640 top1=63.75% fp=8e52ee1e22df5d68 (29.8s)
2026-08-16 22:17:54 EVAL c12p4_awq_p1.0       bpw=3.4800 mean_kl=1.818086 p95=9.715585 max=25.5448 top1=66.21% fp=a6aab0066610fa84 (23.7s)
2026-08-16 22:18:24 EVAL c12p4_awq_p2.0       bpw=3.9600 mean_kl=1.407505 p95=7.227408 max=41.7187 top1=68.67% fp=6ab697470053d651 (29.8s)
2026-08-16 22:18:47 EVAL rtn4                 bpw=4.5000 mean_kl=0.176448 p95=0.895672 max=7.7504 top1=91.66% fp=2b0802153224bacc (23.5s)
2026-08-16 22:18:48 WARN q4km: 196 tensors missing from cache -> skipping variant
2026-08-16 22:18:48 WARN q3km: 196 tensors missing from cache -> skipping variant
2026-08-16 22:18:49 WARN awq_w4: 196 tensors missing from cache -> skipping variant
2026-08-16 22:18:57 EVAL bf16                 bpw=16.0000 mean_kl=0.000000 p95=0.000000 max=0.0000 top1=100.00% fp=6f7a7d9b5d3fd99d (8.3s)
2026-08-16 22:18:57 EVAL done in 5.1 min
2026-08-16 22:18:58 GATE INCOMPLETE pass_a=None pass_b=None best_seed=c8p3_awq_p2.0 @4.9600 bpw
2026-08-16 22:19:04 HASH re-verify originals verified=True sha256=42fb692854712fa1c4d375c5cde965af...
2026-08-16 22:19:04 RUN phase3-20260816-221347 complete
2026-08-16 22:26:32 RUN phase3-20260816-222632 layout=phase3 model=Qwen3-1.7B config=c8p3 C=8 P=3 stage=fit n_seeds=65535 stage2_seeds=65535 layers_limit=None eval_mode=cached resume=True stack=bfba9230e93f|NVIDIA GeForce RTX 4090|torch2.11.0+cu128
2026-08-16 22:26:34 HASH originals sha256=42fb692854712fa1c4d375c5cde965af... verified=True
2026-08-16 22:26:34 SKIP cached act_scales (196 tensors)
2026-08-16 22:26:34 FIT start model=Qwen3-1.7B config=c8p3 C=8 P=3 tensors=196 variants=5 n_seeds=65535 units=980
2026-08-16 22:26:54 FIT model.layers.0.self_attn.q_proj.weight :: seed_only bpw=4.0000 rel_err=0.1256 t=19.77s [1/980] ETA=5.43h
2026-08-16 22:26:56 FIT model.layers.0.self_attn.q_proj.weight :: awq_p0.5 bpw=4.2400 rel_err=0.1232 t=1.04s [2/980] ETA=2.87h
2026-08-16 22:26:57 FIT model.layers.0.self_attn.q_proj.weight :: awq_p1.0 bpw=4.4800 rel_err=0.1213 t=1.45s [3/980] ETA=2.05h
2026-08-16 22:27:00 FIT model.layers.0.self_attn.q_proj.weight :: awq_p2.0 bpw=4.9600 rel_err=0.1169 t=2.75s [4/980] ETA=1.73h
2026-08-16 22:27:00 SKIP cached model.layers.0.self_attn.q_proj.weight :: rtn4
2026-08-16 22:27:10 FIT model.layers.0.self_attn.k_proj.weight :: seed_only bpw=4.0000 rel_err=0.1254 t=9.27s [6/980] ETA=1.90h
2026-08-16 22:27:10 FIT model.layers.0.self_attn.k_proj.weight :: awq_p0.5 bpw=4.2400 rel_err=0.1230 t=0.39s [7/980] ETA=1.60h
2026-08-16 22:27:11 FIT model.layers.0.self_attn.k_proj.weight :: awq_p1.0 bpw=4.4800 rel_err=0.1211 t=0.73s [8/980] ETA=1.40h
2026-08-16 22:27:12 FIT model.layers.0.self_attn.k_proj.weight :: awq_p2.0 bpw=4.9600 rel_err=0.1168 t=1.35s [9/980] ETA=1.28h
2026-08-16 22:27:12 SKIP cached model.layers.0.self_attn.k_proj.weight :: rtn4
2026-08-16 22:27:22 FIT model.layers.0.self_attn.v_proj.weight :: seed_only bpw=4.0000 rel_err=0.1255 t=9.27s [11/980] ETA=1.42h
2026-08-16 22:27:22 FIT model.layers.0.self_attn.v_proj.weight :: awq_p0.5 bpw=4.2400 rel_err=0.1242 t=0.39s [12/980] ETA=1.29h
2026-08-16 22:27:23 FIT model.layers.0.self_attn.v_proj.weight :: awq_p1.0 bpw=4.4800 rel_err=0.1223 t=0.74s [13/980] ETA=1.19h
2026-08-16 22:27:25 FIT model.layers.0.self_attn.v_proj.weight :: awq_p2.0 bpw=4.9600 rel_err=0.1183 t=1.41s [14/980] ETA=1.12h
2026-08-16 22:27:25 SKIP cached model.layers.0.self_attn.v_proj.weight :: rtn4
2026-08-16 22:27:43 FIT model.layers.0.self_attn.o_proj.weight :: seed_only bpw=4.0000 rel_err=0.1249 t=18.53s [16/980] ETA=1.42h
2026-08-16 22:27:44 FIT model.layers.0.self_attn.o_proj.weight :: awq_p0.5 bpw=4.2400 rel_err=0.1207 t=0.63s [17/980] ETA=1.33h
2026-08-16 22:27:45 FIT model.layers.0.self_attn.o_proj.weight :: awq_p1.0 bpw=4.4800 rel_err=0.1184 t=1.21s [18/980] ETA=1.27h
2026-08-16 22:27:48 FIT model.layers.0.self_attn.o_proj.weight :: awq_p2.0 bpw=4.9600 rel_err=0.1145 t=2.31s [19/980] ETA=1.22h
2026-08-16 22:27:48 SKIP cached model.layers.0.self_attn.o_proj.weight :: rtn4
2026-08-16 22:28:44 FIT model.layers.0.mlp.gate_proj.weight :: seed_only bpw=4.0000 rel_err=0.1254 t=55.57s [21/980] ETA=2.03h
2026-08-16 22:28:46 FIT model.layers.0.mlp.gate_proj.weight :: awq_p0.5 bpw=4.2400 rel_err=0.1227 t=2.21s [22/980] ETA=1.95h
2026-08-16 22:28:51 FIT model.layers.0.mlp.gate_proj.weight :: awq_p1.0 bpw=4.4800 rel_err=0.1201 t=4.26s [23/980] ETA=1.90h
2026-08-16 22:28:59 FIT model.layers.0.mlp.gate_proj.weight :: awq_p2.0 bpw=4.9600 rel_err=0.1156 t=8.09s [24/980] ETA=1.92h
2026-08-16 22:28:59 SKIP cached model.layers.0.mlp.gate_proj.weight :: rtn4
2026-08-16 22:29:55 FIT model.layers.0.mlp.up_proj.weight :: seed_only bpw=4.0000 rel_err=0.1254 t=55.60s [26/980] ETA=2.53h
2026-08-16 22:29:57 FIT model.layers.0.mlp.up_proj.weight :: awq_p0.5 bpw=4.2400 rel_err=0.1232 t=2.21s [27/980] ETA=2.44h
2026-08-16 22:30:02 FIT model.layers.0.mlp.up_proj.weight :: awq_p1.0 bpw=4.4800 rel_err=0.1210 t=4.32s [28/980] ETA=2.39h
2026-08-16 22:30:10 FIT model.layers.0.mlp.up_proj.weight :: awq_p2.0 bpw=4.9600 rel_err=0.1168 t=8.31s [29/980] ETA=2.38h
2026-08-16 22:30:11 SKIP cached model.layers.0.mlp.up_proj.weight :: rtn4
2026-08-16 22:31:07 FIT model.layers.0.mlp.down_proj.weight :: seed_only bpw=4.0000 rel_err=0.1255 t=55.60s [31/980] ETA=2.87h
2026-08-16 22:31:09 FIT model.layers.0.mlp.down_proj.weight :: awq_p0.5 bpw=4.2400 rel_err=0.1238 t=2.21s [32/980] ETA=2.78h
2026-08-16 22:31:13 FIT model.layers.0.mlp.down_proj.weight :: awq_p1.0 bpw=4.4800 rel_err=0.1223 t=4.31s [33/980] ETA=2.72h
2026-08-16 22:31:22 FIT model.layers.0.mlp.down_proj.weight :: awq_p2.0 bpw=4.9600 rel_err=0.1193 t=8.29s [34/980] ETA=2.70h
2026-08-16 22:31:22 SKIP cached model.layers.0.mlp.down_proj.weight :: rtn4
2026-08-16 22:31:41 FIT model.layers.1.self_attn.q_proj.weight :: seed_only bpw=4.0000 rel_err=0.1254 t=18.55s [36/980] ETA=2.77h
2026-08-16 22:31:42 FIT model.layers.1.self_attn.q_proj.weight :: awq_p0.5 bpw=4.2400 rel_err=0.1221 t=0.74s [37/980] ETA=2.68h
2026-08-16 22:31:43 FIT model.layers.1.self_attn.q_proj.weight :: awq_p1.0 bpw=4.4800 rel_err=0.1195 t=1.40s [38/980] ETA=2.61h
2026-08-16 22:31:46 FIT model.layers.1.self_attn.q_proj.weight :: awq_p2.0 bpw=4.9600 rel_err=0.1148 t=2.60s [39/980] ETA=2.55h
2026-08-16 22:31:46 SKIP cached model.layers.1.self_attn.q_proj.weight :: rtn4
2026-08-16 22:31:56 FIT model.layers.1.self_attn.k_proj.weight :: seed_only bpw=4.0000 rel_err=0.1255 t=9.29s [41/980] ETA=2.54h
2026-08-16 22:31:56 FIT model.layers.1.self_attn.k_proj.weight :: awq_p0.5 bpw=4.2400 rel_err=0.1224 t=0.39s [42/980] ETA=2.47h
2026-08-16 22:31:57 FIT model.layers.1.self_attn.k_proj.weight :: awq_p1.0 bpw=4.4800 rel_err=0.1200 t=0.73s [43/980] ETA=2.40h
2026-08-16 22:31:58 FIT model.layers.1.self_attn.k_proj.weight :: awq_p2.0 bpw=4.9600 rel_err=0.1155 t=1.35s [44/980] ETA=2.34h
2026-08-16 22:31:58 SKIP cached model.layers.1.self_attn.k_proj.weight :: rtn4
2026-08-16 22:32:08 FIT model.layers.1.self_attn.v_proj.weight :: seed_only bpw=4.0000 rel_err=0.1256 t=9.29s [46/980] ETA=2.34h
2026-08-16 22:32:08 FIT model.layers.1.self_attn.v_proj.weight :: awq_p0.5 bpw=4.2400 rel_err=0.1234 t=0.38s [47/980] ETA=2.28h
2026-08-16 22:32:09 FIT model.layers.1.self_attn.v_proj.weight :: awq_p1.0 bpw=4.4800 rel_err=0.1216 t=0.73s [48/980] ETA=2.22h
2026-08-16 22:32:11 FIT model.layers.1.self_attn.v_proj.weight :: awq_p2.0 bpw=4.9600 rel_err=0.1178 t=1.39s [49/980] ETA=2.17h
2026-08-16 22:32:11 SKIP cached model.layers.1.self_attn.v_proj.weight :: rtn4
2026-08-16 22:32:30 FIT model.layers.1.self_attn.o_proj.weight :: seed_only bpw=4.0000 rel_err=0.1252 t=18.55s [51/980] ETA=2.24h
2026-08-16 22:32:30 FIT model.layers.1.self_attn.o_proj.weight :: awq_p0.5 bpw=4.2400 rel_err=0.1225 t=0.73s [52/980] ETA=2.18h
2026-08-16 22:32:32 FIT model.layers.1.self_attn.o_proj.weight :: awq_p1.0 bpw=4.4800 rel_err=0.1204 t=1.40s [53/980] ETA=2.14h
2026-08-16 22:32:35 FIT model.layers.1.self_attn.o_proj.weight :: awq_p2.0 bpw=4.9600 rel_err=0.1166 t=2.66s [54/980] ETA=2.11h
2026-08-16 22:32:35 SKIP cached model.layers.1.self_attn.o_proj.weight :: rtn4
2026-08-16 22:33:31 FIT model.layers.1.mlp.gate_proj.weight :: seed_only bpw=4.0000 rel_err=0.1248 t=55.61s [56/980] ETA=2.37h
2026-08-16 22:33:33 FIT model.layers.1.mlp.gate_proj.weight :: awq_p0.5 bpw=4.2400 rel_err=0.1234 t=2.25s [57/980] ETA=2.33h
2026-08-16 22:33:38 FIT model.layers.1.mlp.gate_proj.weight :: awq_p1.0 bpw=4.4800 rel_err=0.1211 t=4.38s [58/980] ETA=2.31h
2026-08-16 22:33:46 FIT model.layers.1.mlp.gate_proj.weight :: awq_p2.0 bpw=4.9600 rel_err=0.1164 t=8.34s [59/980] ETA=2.30h
2026-08-16 22:33:46 SKIP cached model.layers.1.mlp.gate_proj.weight :: rtn4
2026-08-16 22:34:42 FIT model.layers.1.mlp.up_proj.weight :: seed_only bpw=4.0000 rel_err=0.1253 t=55.61s [61/980] ETA=2.54h
2026-08-16 22:34:45 FIT model.layers.1.mlp.up_proj.weight :: awq_p0.5 bpw=4.2400 rel_err=0.1226 t=2.18s [62/980] ETA=2.50h
2026-08-16 22:34:49 FIT model.layers.1.mlp.up_proj.weight :: awq_p1.0 bpw=4.4800 rel_err=0.1198 t=4.22s [63/980] ETA=2.47h
2026-08-16 22:34:57 FIT model.layers.1.mlp.up_proj.weight :: awq_p2.0 bpw=4.9600 rel_err=0.1148 t=7.98s [64/980] ETA=2.46h
2026-08-16 22:34:57 SKIP cached model.layers.1.mlp.up_proj.weight :: rtn4
2026-08-16 22:35:53 FIT model.layers.1.mlp.down_proj.weight :: seed_only bpw=4.0000 rel_err=0.1272 t=55.61s [66/980] ETA=2.68h
2026-08-16 22:35:56 FIT model.layers.1.mlp.down_proj.weight :: awq_p0.5 bpw=4.2400 rel_err=0.1253 t=2.20s [67/980] ETA=2.64h
2026-08-16 22:36:00 FIT model.layers.1.mlp.down_proj.weight :: awq_p1.0 bpw=4.4800 rel_err=0.1236 t=4.29s [68/980] ETA=2.61h
2026-08-16 22:36:09 FIT model.layers.1.mlp.down_proj.weight :: awq_p2.0 bpw=4.9600 rel_err=0.1205 t=8.26s [69/980] ETA=2.60h
2026-08-16 22:36:09 SKIP cached model.layers.1.mlp.down_proj.weight :: rtn4
2026-08-16 22:36:28 FIT model.layers.2.self_attn.q_proj.weight :: seed_only bpw=4.0000 rel_err=0.1257 t=18.55s [71/980] ETA=2.63h
2026-08-16 22:36:29 FIT model.layers.2.self_attn.q_proj.weight :: awq_p0.5 bpw=4.2400 rel_err=0.1222 t=0.73s [72/980] ETA=2.58h
2026-08-16 22:36:30 FIT model.layers.2.self_attn.q_proj.weight :: awq_p1.0 bpw=4.4800 rel_err=0.1195 t=1.40s [73/980] ETA=2.54h
2026-08-16 22:36:33 FIT model.layers.2.self_attn.q_proj.weight :: awq_p2.0 bpw=4.9600 rel_err=0.1149 t=2.62s [74/980] ETA=2.51h
2026-08-16 22:36:33 SKIP cached model.layers.2.self_attn.q_proj.weight :: rtn4
2026-08-16 22:36:43 FIT model.layers.2.self_attn.k_proj.weight :: seed_only bpw=4.0000 rel_err=0.1256 t=9.29s [76/980] ETA=2.50h
2026-08-16 22:36:43 FIT model.layers.2.self_attn.k_proj.weight :: awq_p0.5 bpw=4.2400 rel_err=0.1226 t=0.38s [77/980] ETA=2.46h
2026-08-16 22:36:44 FIT model.layers.2.self_attn.k_proj.weight :: awq_p1.0 bpw=4.4800 rel_err=0.1201 t=0.72s [78/980] ETA=2.42h
2026-08-16 22:36:45 FIT model.layers.2.self_attn.k_proj.weight :: awq_p2.0 bpw=4.9600 rel_err=0.1159 t=1.35s [79/980] ETA=2.39h
2026-08-16 22:36:46 SKIP cached model.layers.2.self_attn.k_proj.weight :: rtn4
2026-08-16 22:36:55 FIT model.layers.2.self_attn.v_proj.weight :: seed_only bpw=4.0000 rel_err=0.1255 t=9.29s [81/980] ETA=2.38h
2026-08-16 22:36:56 FIT model.layers.2.self_attn.v_proj.weight :: awq_p0.5 bpw=4.2400 rel_err=0.1234 t=0.38s [82/980] ETA=2.35h
2026-08-16 22:36:57 FIT model.layers.2.self_attn.v_proj.weight :: awq_p1.0 bpw=4.4800 rel_err=0.1214 t=0.73s [83/980] ETA=2.31h
2026-08-16 22:36:58 FIT model.layers.2.self_attn.v_proj.weight :: awq_p2.0 bpw=4.9600 rel_err=0.1174 t=1.38s [84/980] ETA=2.28h
2026-08-16 22:36:58 SKIP cached model.layers.2.self_attn.v_proj.weight :: rtn4
2026-08-16 22:37:17 FIT model.layers.2.self_attn.o_proj.weight :: seed_only bpw=4.0000 rel_err=0.1249 t=18.55s [86/980] ETA=2.31h
2026-08-16 22:37:18 FIT model.layers.2.self_attn.o_proj.weight :: awq_p0.5 bpw=4.2400 rel_err=0.1216 t=0.70s [87/980] ETA=2.28h
2026-08-16 22:37:19 FIT model.layers.2.self_attn.o_proj.weight :: awq_p1.0 bpw=4.4800 rel_err=0.1193 t=1.32s [88/980] ETA=2.25h
2026-08-16 22:37:22 FIT model.layers.2.self_attn.o_proj.weight :: awq_p2.0 bpw=4.9600 rel_err=0.1154 t=2.52s [89/980] ETA=2.23h
2026-08-16 22:37:22 SKIP cached model.layers.2.self_attn.o_proj.weight :: rtn4
2026-08-16 22:38:18 FIT model.layers.2.mlp.gate_proj.weight :: seed_only bpw=4.0000 rel_err=0.1248 t=55.60s [91/980] ETA=2.38h
2026-08-16 22:38:20 FIT model.layers.2.mlp.gate_proj.weight :: awq_p0.5 bpw=4.2400 rel_err=0.1231 t=2.24s [92/980] ETA=2.35h
2026-08-16 22:38:25 FIT model.layers.2.mlp.gate_proj.weight :: awq_p1.0 bpw=4.4800 rel_err=0.1205 t=4.35s [93/980] ETA=2.33h
2026-08-16 22:38:34 FIT model.layers.2.mlp.gate_proj.weight :: awq_p2.0 bpw=4.9600 rel_err=0.1157 t=8.27s [94/980] ETA=2.33h
2026-08-16 22:38:34 SKIP cached model.layers.2.mlp.gate_proj.weight :: rtn4
2026-08-16 22:39:30 FIT model.layers.2.mlp.up_proj.weight :: seed_only bpw=4.0000 rel_err=0.1251 t=55.61s [96/980] ETA=2.47h
2026-08-16 22:39:32 FIT model.layers.2.mlp.up_proj.weight :: awq_p0.5 bpw=4.2400 rel_err=0.1223 t=2.13s [97/980] ETA=2.45h
2026-08-16 22:39:36 FIT model.layers.2.mlp.up_proj.weight :: awq_p1.0 bpw=4.4800 rel_err=0.1197 t=4.20s [98/980] ETA=2.43h
2026-08-16 22:39:45 FIT model.layers.2.mlp.up_proj.weight :: awq_p2.0 bpw=4.9600 rel_err=0.1151 t=8.12s [99/980] ETA=2.42h
2026-08-16 22:39:45 SKIP cached model.layers.2.mlp.up_proj.weight :: rtn4
2026-08-16 22:40:41 FIT model.layers.2.mlp.down_proj.weight :: seed_only bpw=4.0000 rel_err=0.1258 t=55.61s [101/980] ETA=2.55h
2026-08-16 22:40:43 FIT model.layers.2.mlp.down_proj.weight :: awq_p0.5 bpw=4.2400 rel_err=0.1237 t=2.20s [102/980] ETA=2.53h
2026-08-16 22:40:48 FIT model.layers.2.mlp.down_proj.weight :: awq_p1.0 bpw=4.4800 rel_err=0.1221 t=4.29s [103/980] ETA=2.50h
2026-08-16 22:40:56 FIT model.layers.2.mlp.down_proj.weight :: awq_p2.0 bpw=4.9600 rel_err=0.1190 t=8.29s [104/980] ETA=2.50h
2026-08-16 22:40:56 SKIP cached model.layers.2.mlp.down_proj.weight :: rtn4
2026-08-16 22:41:15 FIT model.layers.3.self_attn.q_proj.weight :: seed_only bpw=4.0000 rel_err=0.1255 t=18.55s [106/980] ETA=2.52h
2026-08-16 22:41:16 FIT model.layers.3.self_attn.q_proj.weight :: awq_p0.5 bpw=4.2400 rel_err=0.1220 t=0.73s [107/980] ETA=2.49h
2026-08-16 22:41:18 FIT model.layers.3.self_attn.q_proj.weight :: awq_p1.0 bpw=4.4800 rel_err=0.1192 t=1.40s [108/980] ETA=2.46h
2026-08-16 22:41:20 FIT model.layers.3.self_attn.q_proj.weight :: awq_p2.0 bpw=4.9600 rel_err=0.1144 t=2.62s [109/980] ETA=2.44h
2026-08-16 22:41:20 SKIP cached model.layers.3.self_attn.q_proj.weight :: rtn4
2026-08-16 22:41:30 FIT model.layers.3.self_attn.k_proj.weight :: seed_only bpw=4.0000 rel_err=0.1257 t=9.29s [111/980] ETA=2.43h
2026-08-16 22:41:30 FIT model.layers.3.self_attn.k_proj.weight :: awq_p0.5 bpw=4.2400 rel_err=0.1219 t=0.38s [112/980] ETA=2.40h
2026-08-16 22:41:31 FIT model.layers.3.self_attn.k_proj.weight :: awq_p1.0 bpw=4.4800 rel_err=0.1194 t=0.72s [113/980] ETA=2.37h
2026-08-16 22:41:33 FIT model.layers.3.self_attn.k_proj.weight :: awq_p2.0 bpw=4.9600 rel_err=0.1146 t=1.36s [114/980] ETA=2.35h
2026-08-16 22:41:33 SKIP cached model.layers.3.self_attn.k_proj.weight :: rtn4
2026-08-16 22:41:42 FIT model.layers.3.self_attn.v_proj.weight :: seed_only bpw=4.0000 rel_err=0.1258 t=9.29s [116/980] ETA=2.34h
2026-08-16 22:41:43 FIT model.layers.3.self_attn.v_proj.weight :: awq_p0.5 bpw=4.2400 rel_err=0.1233 t=0.38s [117/980] ETA=2.32h
2026-08-16 22:41:44 FIT model.layers.3.self_attn.v_proj.weight :: awq_p1.0 bpw=4.4800 rel_err=0.1211 t=0.73s [118/980] ETA=2.29h
2026-08-16 22:41:45 FIT model.layers.3.self_attn.v_proj.weight :: awq_p2.0 bpw=4.9600 rel_err=0.1169 t=1.40s [119/980] ETA=2.27h
2026-08-16 22:41:45 SKIP cached model.layers.3.self_attn.v_proj.weight :: rtn4
2026-08-16 22:42:04 FIT model.layers.3.self_attn.o_proj.weight :: seed_only bpw=4.0000 rel_err=0.1251 t=18.55s [121/980] ETA=2.29h
2026-08-16 22:42:05 FIT model.layers.3.self_attn.o_proj.weight :: awq_p0.5 bpw=4.2400 rel_err=0.1230 t=0.74s [122/980] ETA=2.26h
2026-08-16 22:42:06 FIT model.layers.3.self_attn.o_proj.weight :: awq_p1.0 bpw=4.4800 rel_err=0.1212 t=1.41s [123/980] ETA=2.24h
2026-08-16 22:42:09 FIT model.layers.3.self_attn.o_proj.weight :: awq_p2.0 bpw=4.9600 rel_err=0.1177 t=2.66s [124/980] ETA=2.22h
2026-08-16 22:42:09 SKIP cached model.layers.3.self_attn.o_proj.weight :: rtn4
2026-08-16 22:43:05 FIT model.layers.3.mlp.gate_proj.weight :: seed_only bpw=4.0000 rel_err=0.1248 t=55.61s [126/980] ETA=2.33h
2026-08-16 22:43:08 FIT model.layers.3.mlp.gate_proj.weight :: awq_p0.5 bpw=4.2400 rel_err=0.1233 t=2.25s [127/980] ETA=2.31h
2026-08-16 22:43:12 FIT model.layers.3.mlp.gate_proj.weight :: awq_p1.0 bpw=4.4800 rel_err=0.1207 t=4.36s [128/980] ETA=2.29h
2026-08-16 22:43:21 FIT model.layers.3.mlp.gate_proj.weight :: awq_p2.0 bpw=4.9600 rel_err=0.1160 t=8.30s [129/980] ETA=2.29h
2026-08-16 22:43:21 SKIP cached model.layers.3.mlp.gate_proj.weight :: rtn4
2026-08-16 22:44:17 FIT model.layers.3.mlp.up_proj.weight :: seed_only bpw=4.0000 rel_err=0.1252 t=55.61s [131/980] ETA=2.39h
2026-08-16 22:44:19 FIT model.layers.3.mlp.up_proj.weight :: awq_p0.5 bpw=4.2400 rel_err=0.1227 t=2.19s [132/980] ETA=2.37h
2026-08-16 22:44:23 FIT model.layers.3.mlp.up_proj.weight :: awq_p1.0 bpw=4.4800 rel_err=0.1201 t=4.27s [133/980] ETA=2.35h
2026-08-16 22:44:32 FIT model.layers.3.mlp.up_proj.weight :: awq_p2.0 bpw=4.9600 rel_err=0.1154 t=8.20s [134/980] ETA=2.34h
2026-08-16 22:44:32 SKIP cached model.layers.3.mlp.up_proj.weight :: rtn4
2026-08-16 22:45:28 FIT model.layers.3.mlp.down_proj.weight :: seed_only bpw=4.0000 rel_err=0.1257 t=55.62s [136/980] ETA=2.44h
2026-08-16 22:45:30 FIT model.layers.3.mlp.down_proj.weight :: awq_p0.5 bpw=4.2400 rel_err=0.1239 t=2.20s [137/980] ETA=2.42h
2026-08-16 22:45:35 FIT model.layers.3.mlp.down_proj.weight :: awq_p1.0 bpw=4.4800 rel_err=0.1224 t=4.31s [138/980] ETA=2.40h
2026-08-16 22:45:43 FIT model.layers.3.mlp.down_proj.weight :: awq_p2.0 bpw=4.9600 rel_err=0.1194 t=8.30s [139/980] ETA=2.40h
2026-08-16 22:45:43 SKIP cached model.layers.3.mlp.down_proj.weight :: rtn4
2026-08-16 22:46:02 FIT model.layers.4.self_attn.q_proj.weight :: seed_only bpw=4.0000 rel_err=0.1253 t=18.55s [141/980] ETA=2.41h
2026-08-16 22:46:03 FIT model.layers.4.self_attn.q_proj.weight :: awq_p0.5 bpw=4.2400 rel_err=0.1224 t=0.73s [142/980] ETA=2.39h
2026-08-16 22:46:05 FIT model.layers.4.self_attn.q_proj.weight :: awq_p1.0 bpw=4.4800 rel_err=0.1198 t=1.40s [143/980] ETA=2.37h
2026-08-16 22:46:07 FIT model.layers.4.self_attn.q_proj.weight :: awq_p2.0 bpw=4.9600 rel_err=0.1150 t=2.62s [144/980] ETA=2.35h
2026-08-16 22:46:07 SKIP cached model.layers.4.self_attn.q_proj.weight :: rtn4
2026-08-16 22:46:17 FIT model.layers.4.self_attn.k_proj.weight :: seed_only bpw=4.0000 rel_err=0.1255 t=9.29s [146/980] ETA=2.34h
2026-08-16 22:46:17 FIT model.layers.4.self_attn.k_proj.weight :: awq_p0.5 bpw=4.2400 rel_err=0.1222 t=0.38s [147/980] ETA=2.32h
2026-08-16 22:46:18 FIT model.layers.4.self_attn.k_proj.weight :: awq_p1.0 bpw=4.4800 rel_err=0.1199 t=0.72s [148/980] ETA=2.30h
2026-08-16 22:46:20 FIT model.layers.4.self_attn.k_proj.weight :: awq_p2.0 bpw=4.9600 rel_err=0.1154 t=1.36s [149/980] ETA=2.28h
2026-08-16 22:46:20 SKIP cached model.layers.4.self_attn.k_proj.weight :: rtn4
2026-08-16 22:46:29 FIT model.layers.4.self_attn.v_proj.weight :: seed_only bpw=4.0000 rel_err=0.1256 t=9.29s [151/980] ETA=2.27h
2026-08-16 22:46:30 FIT model.layers.4.self_attn.v_proj.weight :: awq_p0.5 bpw=4.2400 rel_err=0.1236 t=0.38s [152/980] ETA=2.25h
2026-08-16 22:46:31 FIT model.layers.4.self_attn.v_proj.weight :: awq_p1.0 bpw=4.4800 rel_err=0.1214 t=0.74s [153/980] ETA=2.23h
2026-08-16 22:46:32 FIT model.layers.4.self_attn.v_proj.weight :: awq_p2.0 bpw=4.9600 rel_err=0.1170 t=1.40s [154/980] ETA=2.22h
2026-08-16 22:46:32 SKIP cached model.layers.4.self_attn.v_proj.weight :: rtn4
2026-08-16 22:46:51 FIT model.layers.4.self_attn.o_proj.weight :: seed_only bpw=4.0000 rel_err=0.1251 t=18.55s [156/980] ETA=2.23h
2026-08-16 22:46:52 FIT model.layers.4.self_attn.o_proj.weight :: awq_p0.5 bpw=4.2400 rel_err=0.1225 t=0.66s [157/980] ETA=2.21h
2026-08-16 22:46:53 FIT model.layers.4.self_attn.o_proj.weight :: awq_p1.0 bpw=4.4800 rel_err=0.1207 t=1.23s [158/980] ETA=2.19h
2026-08-16 22:46:55 FIT model.layers.4.self_attn.o_proj.weight :: awq_p2.0 bpw=4.9600 rel_err=0.1176 t=2.25s [159/980] ETA=2.18h
2026-08-16 22:46:55 SKIP cached model.layers.4.self_attn.o_proj.weight :: rtn4
2026-08-16 22:47:51 FIT model.layers.4.mlp.gate_proj.weight :: seed_only bpw=4.0000 rel_err=0.1249 t=55.60s [161/980] ETA=2.25h
2026-08-16 22:47:54 FIT model.layers.4.mlp.gate_proj.weight :: awq_p0.5 bpw=4.2400 rel_err=0.1235 t=2.24s [162/980] ETA=2.24h
2026-08-16 22:47:58 FIT model.layers.4.mlp.gate_proj.weight :: awq_p1.0 bpw=4.4800 rel_err=0.1207 t=4.35s [163/980] ETA=2.22h
2026-08-16 22:48:07 FIT model.layers.4.mlp.gate_proj.weight :: awq_p2.0 bpw=4.9600 rel_err=0.1157 t=8.29s [164/980] ETA=2.22h
2026-08-16 22:48:07 SKIP cached model.layers.4.mlp.gate_proj.weight :: rtn4
2026-08-16 22:49:03 FIT model.layers.4.mlp.up_proj.weight :: seed_only bpw=4.0000 rel_err=0.1253 t=55.61s [166/980] ETA=2.29h
2026-08-16 22:49:05 FIT model.layers.4.mlp.up_proj.weight :: awq_p0.5 bpw=4.2400 rel_err=0.1225 t=2.19s [167/980] ETA=2.28h
2026-08-16 22:49:10 FIT model.layers.4.mlp.up_proj.weight :: awq_p1.0 bpw=4.4800 rel_err=0.1198 t=4.26s [168/980] ETA=2.26h
2026-08-16 22:49:18 FIT model.layers.4.mlp.up_proj.weight :: awq_p2.0 bpw=4.9600 rel_err=0.1151 t=8.18s [169/980] ETA=2.26h
2026-08-16 22:49:18 SKIP cached model.layers.4.mlp.up_proj.weight :: rtn4
2026-08-16 22:50:14 FIT model.layers.4.mlp.down_proj.weight :: seed_only bpw=4.0000 rel_err=0.1257 t=55.60s [171/980] ETA=2.33h
2026-08-16 22:50:16 FIT model.layers.4.mlp.down_proj.weight :: awq_p0.5 bpw=4.2400 rel_err=0.1234 t=2.21s [172/980] ETA=2.31h
2026-08-16 22:50:21 FIT model.layers.4.mlp.down_proj.weight :: awq_p1.0 bpw=4.4800 rel_err=0.1213 t=4.31s [173/980] ETA=2.30h
2026-08-16 22:50:30 FIT model.layers.4.mlp.down_proj.weight :: awq_p2.0 bpw=4.9600 rel_err=0.1175 t=8.32s [174/980] ETA=2.30h
2026-08-16 22:50:30 SKIP cached model.layers.4.mlp.down_proj.weight :: rtn4
2026-08-16 22:50:49 FIT model.layers.5.self_attn.q_proj.weight :: seed_only bpw=4.0000 rel_err=0.1255 t=18.55s [176/980] ETA=2.30h
2026-08-16 22:50:49 FIT model.layers.5.self_attn.q_proj.weight :: awq_p0.5 bpw=4.2400 rel_err=0.1226 t=0.73s [177/980] ETA=2.29h
2026-08-16 22:50:51 FIT model.layers.5.self_attn.q_proj.weight :: awq_p1.0 bpw=4.4800 rel_err=0.1202 t=1.39s [178/980] ETA=2.27h
2026-08-16 22:50:54 FIT model.layers.5.self_attn.q_proj.weight :: awq_p2.0 bpw=4.9600 rel_err=0.1157 t=2.62s [179/980] ETA=2.25h
2026-08-16 22:50:54 SKIP cached model.layers.5.self_attn.q_proj.weight :: rtn4
2026-08-16 22:51:03 FIT model.layers.5.self_attn.k_proj.weight :: seed_only bpw=4.0000 rel_err=0.1253 t=9.29s [181/980] ETA=2.25h
2026-08-16 22:51:04 FIT model.layers.5.self_attn.k_proj.weight :: awq_p0.5 bpw=4.2400 rel_err=0.1232 t=0.38s [182/980] ETA=2.23h
2026-08-16 22:51:04 FIT model.layers.5.self_attn.k_proj.weight :: awq_p1.0 bpw=4.4800 rel_err=0.1213 t=0.73s [183/980] ETA=2.21h
2026-08-16 22:51:06 FIT model.layers.5.self_attn.k_proj.weight :: awq_p2.0 bpw=4.9600 rel_err=0.1171 t=1.37s [184/980] ETA=2.20h
2026-08-16 22:51:06 SKIP cached model.layers.5.self_attn.k_proj.weight :: rtn4
2026-08-16 22:51:15 FIT model.layers.5.self_attn.v_proj.weight :: seed_only bpw=4.0000 rel_err=0.1263 t=9.29s [186/980] ETA=2.19h
2026-08-16 22:51:16 FIT model.layers.5.self_attn.v_proj.weight :: awq_p0.5 bpw=4.2400 rel_err=0.1228 t=0.38s [187/980] ETA=2.18h
2026-08-16 22:51:17 FIT model.layers.5.self_attn.v_proj.weight :: awq_p1.0 bpw=4.4800 rel_err=0.1207 t=0.72s [188/980] ETA=2.16h
2026-08-16 22:51:18 FIT model.layers.5.self_attn.v_proj.weight :: awq_p2.0 bpw=4.9600 rel_err=0.1165 t=1.38s [189/980] ETA=2.14h
2026-08-16 22:51:18 SKIP cached model.layers.5.self_attn.v_proj.weight :: rtn4
2026-08-16 22:51:37 FIT model.layers.5.self_attn.o_proj.weight :: seed_only bpw=4.0000 rel_err=0.1248 t=18.55s [191/980] ETA=2.15h
2026-08-16 22:51:38 FIT model.layers.5.self_attn.o_proj.weight :: awq_p0.5 bpw=4.2400 rel_err=0.1199 t=0.55s [192/980] ETA=2.14h
2026-08-16 22:51:39 FIT model.layers.5.self_attn.o_proj.weight :: awq_p1.0 bpw=4.4800 rel_err=0.1180 t=1.14s [193/980] ETA=2.12h
2026-08-16 22:51:41 FIT model.layers.5.self_attn.o_proj.weight :: awq_p2.0 bpw=4.9600 rel_err=0.1147 t=2.25s [194/980] ETA=2.11h
2026-08-16 22:51:41 SKIP cached model.layers.5.self_attn.o_proj.weight :: rtn4
2026-08-16 22:52:37 FIT model.layers.5.mlp.gate_proj.weight :: seed_only bpw=4.0000 rel_err=0.1250 t=55.61s [196/980] ETA=2.17h
2026-08-16 22:52:40 FIT model.layers.5.mlp.gate_proj.weight :: awq_p0.5 bpw=4.2400 rel_err=0.1229 t=2.21s [197/980] ETA=2.16h
2026-08-16 22:52:45 FIT model.layers.5.mlp.gate_proj.weight :: awq_p1.0 bpw=4.4800 rel_err=0.1201 t=4.28s [198/980] ETA=2.15h
2026-08-16 22:52:53 FIT model.layers.5.mlp.gate_proj.weight :: awq_p2.0 bpw=4.9600 rel_err=0.1152 t=8.12s [199/980] ETA=2.14h
2026-08-16 22:52:53 SKIP cached model.layers.5.mlp.gate_proj.weight :: rtn4
2026-08-16 22:53:49 FIT model.layers.5.mlp.up_proj.weight :: seed_only bpw=4.0000 rel_err=0.1253 t=55.60s [201/980] ETA=2.20h
2026-08-16 22:53:52 FIT model.layers.5.mlp.up_proj.weight :: awq_p0.5 bpw=4.2400 rel_err=0.1226 t=2.20s [202/980] ETA=2.18h
2026-08-16 22:53:56 FIT model.layers.5.mlp.up_proj.weight :: awq_p1.0 bpw=4.4800 rel_err=0.1200 t=4.31s [203/980] ETA=2.17h
2026-08-16 22:54:05 FIT model.layers.5.mlp.up_proj.weight :: awq_p2.0 bpw=4.9600 rel_err=0.1154 t=8.31s [204/980] ETA=2.17h
2026-08-16 22:54:05 SKIP cached model.layers.5.mlp.up_proj.weight :: rtn4
2026-08-16 22:55:01 FIT model.layers.5.mlp.down_proj.weight :: seed_only bpw=4.0000 rel_err=0.1255 t=55.61s [206/980] ETA=2.22h
2026-08-16 22:55:03 FIT model.layers.5.mlp.down_proj.weight :: awq_p0.5 bpw=4.2400 rel_err=0.1230 t=2.20s [207/980] ETA=2.21h
2026-08-16 22:55:08 FIT model.layers.5.mlp.down_proj.weight :: awq_p1.0 bpw=4.4800 rel_err=0.1207 t=4.31s [208/980] ETA=2.20h
2026-08-16 22:55:16 FIT model.layers.5.mlp.down_proj.weight :: awq_p2.0 bpw=4.9600 rel_err=0.1163 t=8.29s [209/980] ETA=2.20h
2026-08-16 22:55:17 SKIP cached model.layers.5.mlp.down_proj.weight :: rtn4
2026-08-16 22:55:35 FIT model.layers.6.self_attn.q_proj.weight :: seed_only bpw=4.0000 rel_err=0.1255 t=18.55s [211/980] ETA=2.20h
2026-08-16 22:55:36 FIT model.layers.6.self_attn.q_proj.weight :: awq_p0.5 bpw=4.2400 rel_err=0.1215 t=0.73s [212/980] ETA=2.19h
2026-08-16 22:55:38 FIT model.layers.6.self_attn.q_proj.weight :: awq_p1.0 bpw=4.4800 rel_err=0.1180 t=1.36s [213/980] ETA=2.17h
2026-08-16 22:55:40 FIT model.layers.6.self_attn.q_proj.weight :: awq_p2.0 bpw=4.9600 rel_err=0.1124 t=2.50s [214/980] ETA=2.16h
2026-08-16 22:55:40 SKIP cached model.layers.6.self_attn.q_proj.weight :: rtn4
2026-08-16 22:55:50 FIT model.layers.6.self_attn.k_proj.weight :: seed_only bpw=4.0000 rel_err=0.1259 t=9.29s [216/980] ETA=2.15h
2026-08-16 22:55:50 FIT model.layers.6.self_attn.k_proj.weight :: awq_p0.5 bpw=4.2400 rel_err=0.1219 t=0.38s [217/980] ETA=2.14h
2026-08-16 22:55:51 FIT model.layers.6.self_attn.k_proj.weight :: awq_p1.0 bpw=4.4800 rel_err=0.1194 t=0.72s [218/980] ETA=2.12h
2026-08-16 22:55:53 FIT model.layers.6.self_attn.k_proj.weight :: awq_p2.0 bpw=4.9600 rel_err=0.1144 t=1.35s [219/980] ETA=2.11h
2026-08-16 22:55:53 SKIP cached model.layers.6.self_attn.k_proj.weight :: rtn4
2026-08-16 22:56:02 FIT model.layers.6.self_attn.v_proj.weight :: seed_only bpw=4.0000 rel_err=0.1258 t=9.29s [221/980] ETA=2.11h
2026-08-16 22:56:03 FIT model.layers.6.self_attn.v_proj.weight :: awq_p0.5 bpw=4.2400 rel_err=0.1237 t=0.38s [222/980] ETA=2.09h
2026-08-16 22:56:03 FIT model.layers.6.self_attn.v_proj.weight :: awq_p1.0 bpw=4.4800 rel_err=0.1213 t=0.73s [223/980] ETA=2.08h
2026-08-16 22:56:05 FIT model.layers.6.self_attn.v_proj.weight :: awq_p2.0 bpw=4.9600 rel_err=0.1170 t=1.39s [224/980] ETA=2.07h
2026-08-16 22:56:05 SKIP cached model.layers.6.self_attn.v_proj.weight :: rtn4
2026-08-16 22:56:24 FIT model.layers.6.self_attn.o_proj.weight :: seed_only bpw=4.0000 rel_err=0.1250 t=18.55s [226/980] ETA=2.07h
2026-08-16 22:56:24 FIT model.layers.6.self_attn.o_proj.weight :: awq_p0.5 bpw=4.2400 rel_err=0.1229 t=0.63s [227/980] ETA=2.06h
2026-08-16 22:56:26 FIT model.layers.6.self_attn.o_proj.weight :: awq_p1.0 bpw=4.4800 rel_err=0.1214 t=1.17s [228/980] ETA=2.04h
2026-08-16 22:56:28 FIT model.layers.6.self_attn.o_proj.weight :: awq_p2.0 bpw=4.9600 rel_err=0.1185 t=2.15s [229/980] ETA=2.03h
2026-08-16 22:56:28 SKIP cached model.layers.6.self_attn.o_proj.weight :: rtn4
2026-08-16 22:57:24 FIT model.layers.6.mlp.gate_proj.weight :: seed_only bpw=4.0000 rel_err=0.1251 t=55.61s [231/980] ETA=2.08h
2026-08-16 22:57:26 FIT model.layers.6.mlp.gate_proj.weight :: awq_p0.5 bpw=4.2400 rel_err=0.1230 t=2.21s [232/980] ETA=2.07h
2026-08-16 22:57:31 FIT model.layers.6.mlp.gate_proj.weight :: awq_p1.0 bpw=4.4800 rel_err=0.1201 t=4.26s [233/980] ETA=2.06h
2026-08-16 22:57:39 FIT model.layers.6.mlp.gate_proj.weight :: awq_p2.0 bpw=4.9600 rel_err=0.1151 t=8.05s [234/980] ETA=2.06h
2026-08-16 22:57:39 SKIP cached model.layers.6.mlp.gate_proj.weight :: rtn4
2026-08-16 22:58:35 FIT model.layers.6.mlp.up_proj.weight :: seed_only bpw=4.0000 rel_err=0.1253 t=55.61s [236/980] ETA=2.10h
2026-08-16 22:58:38 FIT model.layers.6.mlp.up_proj.weight :: awq_p0.5 bpw=4.2400 rel_err=0.1227 t=2.20s [237/980] ETA=2.09h
2026-08-16 22:58:42 FIT model.layers.6.mlp.up_proj.weight :: awq_p1.0 bpw=4.4800 rel_err=0.1201 t=4.29s [238/980] ETA=2.08h
2026-08-16 22:58:50 FIT model.layers.6.mlp.up_proj.weight :: awq_p2.0 bpw=4.9600 rel_err=0.1154 t=8.24s [239/980] ETA=2.08h
2026-08-16 22:58:50 SKIP cached model.layers.6.mlp.up_proj.weight :: rtn4
2026-08-16 22:59:46 FIT model.layers.6.mlp.down_proj.weight :: seed_only bpw=4.0000 rel_err=0.1258 t=55.61s [241/980] ETA=2.12h
2026-08-16 22:59:49 FIT model.layers.6.mlp.down_proj.weight :: awq_p0.5 bpw=4.2400 rel_err=0.1232 t=2.20s [242/980] ETA=2.11h
2026-08-16 22:59:53 FIT model.layers.6.mlp.down_proj.weight :: awq_p1.0 bpw=4.4800 rel_err=0.1207 t=4.30s [243/980] ETA=2.10h
2026-08-16 23:00:02 FIT model.layers.6.mlp.down_proj.weight :: awq_p2.0 bpw=4.9600 rel_err=0.1163 t=8.28s [244/980] ETA=2.09h
2026-08-16 23:00:02 SKIP cached model.layers.6.mlp.down_proj.weight :: rtn4
2026-08-16 23:00:21 FIT model.layers.7.self_attn.q_proj.weight :: seed_only bpw=4.0000 rel_err=0.1254 t=18.55s [246/980] ETA=2.10h
2026-08-16 23:00:22 FIT model.layers.7.self_attn.q_proj.weight :: awq_p0.5 bpw=4.2400 rel_err=0.1224 t=0.80s [247/980] ETA=2.08h
2026-08-16 23:00:23 FIT model.layers.7.self_attn.q_proj.weight :: awq_p1.0 bpw=4.4800 rel_err=0.1198 t=1.40s [248/980] ETA=2.07h
2026-08-16 23:00:26 FIT model.layers.7.self_attn.q_proj.weight :: awq_p2.0 bpw=4.9600 rel_err=0.1151 t=2.62s [249/980] ETA=2.06h
2026-08-16 23:00:26 SKIP cached model.layers.7.self_attn.q_proj.weight :: rtn4
2026-08-16 23:00:35 FIT model.layers.7.self_attn.k_proj.weight :: seed_only bpw=4.0000 rel_err=0.1253 t=9.29s [251/980] ETA=2.06h
2026-08-16 23:00:36 FIT model.layers.7.self_attn.k_proj.weight :: awq_p0.5 bpw=4.2400 rel_err=0.1233 t=0.38s [252/980] ETA=2.04h
2026-08-16 23:00:37 FIT model.layers.7.self_attn.k_proj.weight :: awq_p1.0 bpw=4.4800 rel_err=0.1212 t=0.72s [253/980] ETA=2.03h
2026-08-16 23:00:38 FIT model.layers.7.self_attn.k_proj.weight :: awq_p2.0 bpw=4.9600 rel_err=0.1166 t=1.36s [254/980] ETA=2.02h
2026-08-16 23:00:38 SKIP cached model.layers.7.self_attn.k_proj.weight :: rtn4
2026-08-16 23:00:48 FIT model.layers.7.self_attn.v_proj.weight :: seed_only bpw=4.0000 rel_err=0.1258 t=9.29s [256/980] ETA=2.01h
2026-08-16 23:00:48 FIT model.layers.7.self_attn.v_proj.weight :: awq_p0.5 bpw=4.2400 rel_err=0.1231 t=0.38s [257/980] ETA=2.00h
2026-08-16 23:00:49 FIT model.layers.7.self_attn.v_proj.weight :: awq_p1.0 bpw=4.4800 rel_err=0.1205 t=0.73s [258/980] ETA=1.99h
2026-08-16 23:00:50 FIT model.layers.7.self_attn.v_proj.weight :: awq_p2.0 bpw=4.9600 rel_err=0.1160 t=1.39s [259/980] ETA=1.98h
2026-08-16 23:00:51 SKIP cached model.layers.7.self_attn.v_proj.weight :: rtn4
2026-08-16 23:01:09 FIT model.layers.7.self_attn.o_proj.weight :: seed_only bpw=4.0000 rel_err=0.1251 t=18.55s [261/980] ETA=1.98h
2026-08-16 23:01:10 FIT model.layers.7.self_attn.o_proj.weight :: awq_p0.5 bpw=4.2400 rel_err=0.1224 t=0.72s [262/980] ETA=1.97h
2026-08-16 23:01:12 FIT model.layers.7.self_attn.o_proj.weight :: awq_p1.0 bpw=4.4800 rel_err=0.1204 t=1.36s [263/980] ETA=1.96h
2026-08-16 23:01:14 FIT model.layers.7.self_attn.o_proj.weight :: awq_p2.0 bpw=4.9600 rel_err=0.1168 t=2.53s [264/980] ETA=1.95h
2026-08-16 23:01:14 SKIP cached model.layers.7.self_attn.o_proj.weight :: rtn4
2026-08-16 23:02:11 FIT model.layers.7.mlp.gate_proj.weight :: seed_only bpw=4.0000 rel_err=0.1249 t=55.61s [266/980] ETA=1.99h
2026-08-16 23:02:13 FIT model.layers.7.mlp.gate_proj.weight :: awq_p0.5 bpw=4.2400 rel_err=0.1233 t=2.22s [267/980] ETA=1.98h
2026-08-16 23:02:17 FIT model.layers.7.mlp.gate_proj.weight :: awq_p1.0 bpw=4.4800 rel_err=0.1204 t=4.28s [268/980] ETA=1.97h
2026-08-16 23:02:26 FIT model.layers.7.mlp.gate_proj.weight :: awq_p2.0 bpw=4.9600 rel_err=0.1151 t=8.10s [269/980] ETA=1.97h
2026-08-16 23:02:26 SKIP cached model.layers.7.mlp.gate_proj.weight :: rtn4
2026-08-16 23:03:22 FIT model.layers.7.mlp.up_proj.weight :: seed_only bpw=4.0000 rel_err=0.1253 t=55.61s [271/980] ETA=2.00h
2026-08-16 23:03:24 FIT model.layers.7.mlp.up_proj.weight :: awq_p0.5 bpw=4.2400 rel_err=0.1225 t=2.18s [272/980] ETA=1.99h
2026-08-16 23:03:29 FIT model.layers.7.mlp.up_proj.weight :: awq_p1.0 bpw=4.4800 rel_err=0.1197 t=4.25s [273/980] ETA=1.99h
2026-08-16 23:03:37 FIT model.layers.7.mlp.up_proj.weight :: awq_p2.0 bpw=4.9600 rel_err=0.1149 t=8.17s [274/980] ETA=1.98h
2026-08-16 23:03:37 SKIP cached model.layers.7.mlp.up_proj.weight :: rtn4
2026-08-16 23:04:33 FIT model.layers.7.mlp.down_proj.weight :: seed_only bpw=4.0000 rel_err=0.1258 t=55.61s [276/980] ETA=2.02h
2026-08-16 23:04:36 FIT model.layers.7.mlp.down_proj.weight :: awq_p0.5 bpw=4.2400 rel_err=0.1234 t=2.19s [277/980] ETA=2.01h
2026-08-16 23:04:40 FIT model.layers.7.mlp.down_proj.weight :: awq_p1.0 bpw=4.4800 rel_err=0.1210 t=4.28s [278/980] ETA=2.00h
2026-08-16 23:04:48 FIT model.layers.7.mlp.down_proj.weight :: awq_p2.0 bpw=4.9600 rel_err=0.1165 t=8.23s [279/980] ETA=1.99h
2026-08-16 23:04:48 SKIP cached model.layers.7.mlp.down_proj.weight :: rtn4
2026-08-16 23:05:07 FIT model.layers.8.self_attn.q_proj.weight :: seed_only bpw=4.0000 rel_err=0.1256 t=18.55s [281/980] ETA=2.00h
2026-08-16 23:05:08 FIT model.layers.8.self_attn.q_proj.weight :: awq_p0.5 bpw=4.2400 rel_err=0.1219 t=0.72s [282/980] ETA=1.99h
2026-08-16 23:05:10 FIT model.layers.8.self_attn.q_proj.weight :: awq_p1.0 bpw=4.4800 rel_err=0.1184 t=1.36s [283/980] ETA=1.97h
2026-08-16 23:05:12 FIT model.layers.8.self_attn.q_proj.weight :: awq_p2.0 bpw=4.9600 rel_err=0.1128 t=2.51s [284/980] ETA=1.97h
2026-08-16 23:05:12 SKIP cached model.layers.8.self_attn.q_proj.weight :: rtn4
2026-08-16 23:05:22 FIT model.layers.8.self_attn.k_proj.weight :: seed_only bpw=4.0000 rel_err=0.1258 t=9.29s [286/980] ETA=1.96h
2026-08-16 23:05:22 FIT model.layers.8.self_attn.k_proj.weight :: awq_p0.5 bpw=4.2400 rel_err=0.1220 t=0.38s [287/980] ETA=1.95h
2026-08-16 23:05:23 FIT model.layers.8.self_attn.k_proj.weight :: awq_p1.0 bpw=4.4800 rel_err=0.1190 t=0.72s [288/980] ETA=1.94h
2026-08-16 23:05:24 FIT model.layers.8.self_attn.k_proj.weight :: awq_p2.0 bpw=4.9600 rel_err=0.1135 t=1.33s [289/980] ETA=1.93h
2026-08-16 23:05:24 SKIP cached model.layers.8.self_attn.k_proj.weight :: rtn4
2026-08-16 23:05:34 FIT model.layers.8.self_attn.v_proj.weight :: seed_only bpw=4.0000 rel_err=0.1257 t=9.29s [291/980] ETA=1.92h
2026-08-16 23:05:34 FIT model.layers.8.self_attn.v_proj.weight :: awq_p0.5 bpw=4.2400 rel_err=0.1235 t=0.38s [292/980] ETA=1.91h
2026-08-16 23:05:35 FIT model.layers.8.self_attn.v_proj.weight :: awq_p1.0 bpw=4.4800 rel_err=0.1211 t=0.73s [293/980] ETA=1.90h
2026-08-16 23:05:37 FIT model.layers.8.self_attn.v_proj.weight :: awq_p2.0 bpw=4.9600 rel_err=0.1168 t=1.38s [294/980] ETA=1.89h
2026-08-16 23:05:37 SKIP cached model.layers.8.self_attn.v_proj.weight :: rtn4
2026-08-16 23:05:56 FIT model.layers.8.self_attn.o_proj.weight :: seed_only bpw=4.0000 rel_err=0.1250 t=18.55s [296/980] ETA=1.89h
2026-08-16 23:05:56 FIT model.layers.8.self_attn.o_proj.weight :: awq_p0.5 bpw=4.2400 rel_err=0.1233 t=0.72s [297/980] ETA=1.88h
2026-08-16 23:05:58 FIT model.layers.8.self_attn.o_proj.weight :: awq_p1.0 bpw=4.4800 rel_err=0.1218 t=1.35s [298/980] ETA=1.87h
2026-08-16 23:06:00 FIT model.layers.8.self_attn.o_proj.weight :: awq_p2.0 bpw=4.9600 rel_err=0.1189 t=2.49s [299/980] ETA=1.86h
2026-08-16 23:06:00 SKIP cached model.layers.8.self_attn.o_proj.weight :: rtn4
2026-08-16 23:06:56 FIT model.layers.8.mlp.gate_proj.weight :: seed_only bpw=4.0000 rel_err=0.1250 t=55.60s [301/980] ETA=1.90h
2026-08-16 23:06:59 FIT model.layers.8.mlp.gate_proj.weight :: awq_p0.5 bpw=4.2400 rel_err=0.1231 t=2.20s [302/980] ETA=1.89h
2026-08-16 23:07:03 FIT model.layers.8.mlp.gate_proj.weight :: awq_p1.0 bpw=4.4800 rel_err=0.1202 t=4.25s [303/980] ETA=1.88h
2026-08-16 23:07:11 FIT model.layers.8.mlp.gate_proj.weight :: awq_p2.0 bpw=4.9600 rel_err=0.1150 t=8.04s [304/980] ETA=1.88h
2026-08-16 23:07:12 SKIP cached model.layers.8.mlp.gate_proj.weight :: rtn4
2026-08-16 23:08:08 FIT model.layers.8.mlp.up_proj.weight :: seed_only bpw=4.0000 rel_err=0.1254 t=55.61s [306/980] ETA=1.91h
2026-08-16 23:08:10 FIT model.layers.8.mlp.up_proj.weight :: awq_p0.5 bpw=4.2400 rel_err=0.1227 t=2.19s [307/980] ETA=1.90h
2026-08-16 23:08:15 FIT model.layers.8.mlp.up_proj.weight :: awq_p1.0 bpw=4.4800 rel_err=0.1199 t=4.28s [308/980] ETA=1.89h
2026-08-16 23:08:23 FIT model.layers.8.mlp.up_proj.weight :: awq_p2.0 bpw=4.9600 rel_err=0.1152 t=8.21s [309/980] ETA=1.89h
2026-08-16 23:08:23 SKIP cached model.layers.8.mlp.up_proj.weight :: rtn4
2026-08-16 23:09:19 FIT model.layers.8.mlp.down_proj.weight :: seed_only bpw=4.0000 rel_err=0.1259 t=55.61s [311/980] ETA=1.91h
2026-08-16 23:09:22 FIT model.layers.8.mlp.down_proj.weight :: awq_p0.5 bpw=4.2400 rel_err=0.1235 t=2.18s [312/980] ETA=1.91h
2026-08-16 23:09:26 FIT model.layers.8.mlp.down_proj.weight :: awq_p1.0 bpw=4.4800 rel_err=0.1212 t=4.27s [313/980] ETA=1.90h
2026-08-16 23:09:35 FIT model.layers.8.mlp.down_proj.weight :: awq_p2.0 bpw=4.9600 rel_err=0.1167 t=8.23s [314/980] ETA=1.89h
2026-08-16 23:09:35 SKIP cached model.layers.8.mlp.down_proj.weight :: rtn4
2026-08-16 23:09:54 FIT model.layers.9.self_attn.q_proj.weight :: seed_only bpw=4.0000 rel_err=0.1256 t=18.55s [316/980] ETA=1.89h
2026-08-16 23:09:55 FIT model.layers.9.self_attn.q_proj.weight :: awq_p0.5 bpw=4.2400 rel_err=0.1222 t=0.73s [317/980] ETA=1.89h
2026-08-16 23:09:56 FIT model.layers.9.self_attn.q_proj.weight :: awq_p1.0 bpw=4.4800 rel_err=0.1189 t=1.37s [318/980] ETA=1.88h
2026-08-16 23:09:59 FIT model.layers.9.self_attn.q_proj.weight :: awq_p2.0 bpw=4.9600 rel_err=0.1132 t=2.52s [319/980] ETA=1.87h
2026-08-16 23:09:59 SKIP cached model.layers.9.self_attn.q_proj.weight :: rtn4
2026-08-16 23:10:08 FIT model.layers.9.self_attn.k_proj.weight :: seed_only bpw=4.0000 rel_err=0.1258 t=9.29s [321/980] ETA=1.86h
2026-08-16 23:10:09 FIT model.layers.9.self_attn.k_proj.weight :: awq_p0.5 bpw=4.2400 rel_err=0.1228 t=0.38s [322/980] ETA=1.85h
2026-08-16 23:10:09 FIT model.layers.9.self_attn.k_proj.weight :: awq_p1.0 bpw=4.4800 rel_err=0.1203 t=0.72s [323/980] ETA=1.84h
2026-08-16 23:10:11 FIT model.layers.9.self_attn.k_proj.weight :: awq_p2.0 bpw=4.9600 rel_err=0.1154 t=1.36s [324/980] ETA=1.83h
2026-08-16 23:10:11 SKIP cached model.layers.9.self_attn.k_proj.weight :: rtn4
2026-08-16 23:10:20 FIT model.layers.9.self_attn.v_proj.weight :: seed_only bpw=4.0000 rel_err=0.1262 t=9.29s [326/980] ETA=1.83h
2026-08-16 23:10:21 FIT model.layers.9.self_attn.v_proj.weight :: awq_p0.5 bpw=4.2400 rel_err=0.1233 t=0.38s [327/980] ETA=1.82h
2026-08-16 23:10:22 FIT model.layers.9.self_attn.v_proj.weight :: awq_p1.0 bpw=4.4800 rel_err=0.1204 t=0.73s [328/980] ETA=1.81h
2026-08-16 23:10:23 FIT model.layers.9.self_attn.v_proj.weight :: awq_p2.0 bpw=4.9600 rel_err=0.1156 t=1.37s [329/980] ETA=1.80h
2026-08-16 23:10:23 SKIP cached model.layers.9.self_attn.v_proj.weight :: rtn4
2026-08-16 23:10:42 FIT model.layers.9.self_attn.o_proj.weight :: seed_only bpw=4.0000 rel_err=0.1247 t=18.55s [331/980] ETA=1.80h
2026-08-16 23:10:43 FIT model.layers.9.self_attn.o_proj.weight :: awq_p0.5 bpw=4.2400 rel_err=0.1218 t=0.62s [332/980] ETA=1.79h
2026-08-16 23:10:44 FIT model.layers.9.self_attn.o_proj.weight :: awq_p1.0 bpw=4.4800 rel_err=0.1204 t=1.20s [333/980] ETA=1.78h
2026-08-16 23:10:46 FIT model.layers.9.self_attn.o_proj.weight :: awq_p2.0 bpw=4.9600 rel_err=0.1179 t=2.21s [334/980] ETA=1.78h
2026-08-16 23:10:46 SKIP cached model.layers.9.self_attn.o_proj.weight :: rtn4
2026-08-16 23:11:42 FIT model.layers.9.mlp.gate_proj.weight :: seed_only bpw=4.0000 rel_err=0.1251 t=55.61s [336/980] ETA=1.80h
2026-08-16 23:11:44 FIT model.layers.9.mlp.gate_proj.weight :: awq_p0.5 bpw=4.2400 rel_err=0.1233 t=2.19s [337/980] ETA=1.79h
2026-08-16 23:11:49 FIT model.layers.9.mlp.gate_proj.weight :: awq_p1.0 bpw=4.4800 rel_err=0.1205 t=4.22s [338/980] ETA=1.79h
2026-08-16 23:11:57 FIT model.layers.9.mlp.gate_proj.weight :: awq_p2.0 bpw=4.9600 rel_err=0.1153 t=7.98s [339/980] ETA=1.78h
2026-08-16 23:11:57 SKIP cached model.layers.9.mlp.gate_proj.weight :: rtn4
2026-08-16 23:12:53 FIT model.layers.9.mlp.up_proj.weight :: seed_only bpw=4.0000 rel_err=0.1254 t=55.61s [341/980] ETA=1.81h
2026-08-16 23:12:56 FIT model.layers.9.mlp.up_proj.weight :: awq_p0.5 bpw=4.2400 rel_err=0.1231 t=2.19s [342/980] ETA=1.80h
2026-08-16 23:13:00 FIT model.layers.9.mlp.up_proj.weight :: awq_p1.0 bpw=4.4800 rel_err=0.1205 t=4.28s [343/980] ETA=1.79h
2026-08-16 23:13:08 FIT model.layers.9.mlp.up_proj.weight :: awq_p2.0 bpw=4.9600 rel_err=0.1158 t=8.21s [344/980] ETA=1.79h
2026-08-16 23:13:09 SKIP cached model.layers.9.mlp.up_proj.weight :: rtn4
2026-08-16 23:14:05 FIT model.layers.9.mlp.down_proj.weight :: seed_only bpw=4.0000 rel_err=0.1260 t=55.60s [346/980] ETA=1.81h
2026-08-16 23:14:07 FIT model.layers.9.mlp.down_proj.weight :: awq_p0.5 bpw=4.2400 rel_err=0.1241 t=2.19s [347/980] ETA=1.80h
2026-08-16 23:14:12 FIT model.layers.9.mlp.down_proj.weight :: awq_p1.0 bpw=4.4800 rel_err=0.1221 t=4.27s [348/980] ETA=1.80h
2026-08-16 23:14:20 FIT model.layers.9.mlp.down_proj.weight :: awq_p2.0 bpw=4.9600 rel_err=0.1181 t=8.22s [349/980] ETA=1.79h
2026-08-16 23:14:20 SKIP cached model.layers.9.mlp.down_proj.weight :: rtn4
2026-08-16 23:14:39 FIT model.layers.10.self_attn.q_proj.weight :: seed_only bpw=4.0000 rel_err=0.1253 t=18.55s [351/980] ETA=1.79h
2026-08-16 23:14:40 FIT model.layers.10.self_attn.q_proj.weight :: awq_p0.5 bpw=4.2400 rel_err=0.1225 t=0.73s [352/980] ETA=1.78h
2026-08-16 23:14:41 FIT model.layers.10.self_attn.q_proj.weight :: awq_p1.0 bpw=4.4800 rel_err=0.1197 t=1.37s [353/980] ETA=1.78h
2026-08-16 23:14:44 FIT model.layers.10.self_attn.q_proj.weight :: awq_p2.0 bpw=4.9600 rel_err=0.1148 t=2.57s [354/980] ETA=1.77h
2026-08-16 23:14:44 SKIP cached model.layers.10.self_attn.q_proj.weight :: rtn4
2026-08-16 23:14:54 FIT model.layers.10.self_attn.k_proj.weight :: seed_only bpw=4.0000 rel_err=0.1252 t=9.29s [356/980] ETA=1.76h
2026-08-16 23:14:54 FIT model.layers.10.self_attn.k_proj.weight :: awq_p0.5 bpw=4.2400 rel_err=0.1234 t=0.38s [357/980] ETA=1.75h
2026-08-16 23:14:55 FIT model.layers.10.self_attn.k_proj.weight :: awq_p1.0 bpw=4.4800 rel_err=0.1210 t=0.72s [358/980] ETA=1.75h
2026-08-16 23:14:56 FIT model.layers.10.self_attn.k_proj.weight :: awq_p2.0 bpw=4.9600 rel_err=0.1162 t=1.35s [359/980] ETA=1.74h
2026-08-16 23:14:56 SKIP cached model.layers.10.self_attn.k_proj.weight :: rtn4
2026-08-16 23:15:06 FIT model.layers.10.self_attn.v_proj.weight :: seed_only bpw=4.0000 rel_err=0.1259 t=9.29s [361/980] ETA=1.73h
2026-08-16 23:15:06 FIT model.layers.10.self_attn.v_proj.weight :: awq_p0.5 bpw=4.2400 rel_err=0.1235 t=0.38s [362/980] ETA=1.72h
2026-08-16 23:15:07 FIT model.layers.10.self_attn.v_proj.weight :: awq_p1.0 bpw=4.4800 rel_err=0.1211 t=0.73s [363/980] ETA=1.72h
2026-08-16 23:15:08 FIT model.layers.10.self_attn.v_proj.weight :: awq_p2.0 bpw=4.9600 rel_err=0.1165 t=1.39s [364/980] ETA=1.71h
2026-08-16 23:15:08 SKIP cached model.layers.10.self_attn.v_proj.weight :: rtn4
2026-08-16 23:15:27 FIT model.layers.10.self_attn.o_proj.weight :: seed_only bpw=4.0000 rel_err=0.1252 t=18.55s [366/980] ETA=1.71h
2026-08-16 23:15:28 FIT model.layers.10.self_attn.o_proj.weight :: awq_p0.5 bpw=4.2400 rel_err=0.1227 t=0.71s [367/980] ETA=1.70h
2026-08-16 23:15:29 FIT model.layers.10.self_attn.o_proj.weight :: awq_p1.0 bpw=4.4800 rel_err=0.1208 t=1.36s [368/980] ETA=1.69h
2026-08-16 23:15:32 FIT model.layers.10.self_attn.o_proj.weight :: awq_p2.0 bpw=4.9600 rel_err=0.1173 t=2.56s [369/980] ETA=1.68h
2026-08-16 23:15:32 SKIP cached model.layers.10.self_attn.o_proj.weight :: rtn4
2026-08-16 23:16:28 FIT model.layers.10.mlp.gate_proj.weight :: seed_only bpw=4.0000 rel_err=0.1254 t=55.61s [371/980] ETA=1.71h
2026-08-16 23:16:30 FIT model.layers.10.mlp.gate_proj.weight :: awq_p0.5 bpw=4.2400 rel_err=0.1230 t=2.17s [372/980] ETA=1.70h
2026-08-16 23:16:35 FIT model.layers.10.mlp.gate_proj.weight :: awq_p1.0 bpw=4.4800 rel_err=0.1199 t=4.18s [373/980] ETA=1.69h
2026-08-16 23:16:43 FIT model.layers.10.mlp.gate_proj.weight :: awq_p2.0 bpw=4.9600 rel_err=0.1146 t=7.88s [374/980] ETA=1.69h
2026-08-16 23:16:43 SKIP cached model.layers.10.mlp.gate_proj.weight :: rtn4
2026-08-16 23:17:39 FIT model.layers.10.mlp.up_proj.weight :: seed_only bpw=4.0000 rel_err=0.1255 t=55.61s [376/980] ETA=1.71h
2026-08-16 23:17:42 FIT model.layers.10.mlp.up_proj.weight :: awq_p0.5 bpw=4.2400 rel_err=0.1232 t=2.17s [377/980] ETA=1.70h
2026-08-16 23:17:46 FIT model.layers.10.mlp.up_proj.weight :: awq_p1.0 bpw=4.4800 rel_err=0.1205 t=4.25s [378/980] ETA=1.70h
2026-08-16 23:17:54 FIT model.layers.10.mlp.up_proj.weight :: awq_p2.0 bpw=4.9600 rel_err=0.1156 t=8.17s [379/980] ETA=1.69h
2026-08-16 23:17:54 SKIP cached model.layers.10.mlp.up_proj.weight :: rtn4
2026-08-16 23:18:50 FIT model.layers.10.mlp.down_proj.weight :: seed_only bpw=4.0000 rel_err=0.1264 t=55.61s [381/980] ETA=1.71h
2026-08-16 23:18:53 FIT model.layers.10.mlp.down_proj.weight :: awq_p0.5 bpw=4.2400 rel_err=0.1244 t=2.21s [382/980] ETA=1.70h
2026-08-16 23:18:57 FIT model.layers.10.mlp.down_proj.weight :: awq_p1.0 bpw=4.4800 rel_err=0.1228 t=4.32s [383/980] ETA=1.70h
2026-08-16 23:19:06 FIT model.layers.10.mlp.down_proj.weight :: awq_p2.0 bpw=4.9600 rel_err=0.1195 t=8.32s [384/980] ETA=1.69h
2026-08-16 23:19:06 SKIP cached model.layers.10.mlp.down_proj.weight :: rtn4
2026-08-16 23:19:25 FIT model.layers.11.self_attn.q_proj.weight :: seed_only bpw=4.0000 rel_err=0.1258 t=18.55s [386/980] ETA=1.69h
2026-08-16 23:19:26 FIT model.layers.11.self_attn.q_proj.weight :: awq_p0.5 bpw=4.2400 rel_err=0.1221 t=0.71s [387/980] ETA=1.69h
2026-08-16 23:19:27 FIT model.layers.11.self_attn.q_proj.weight :: awq_p1.0 bpw=4.4800 rel_err=0.1187 t=1.33s [388/980] ETA=1.68h
2026-08-16 23:19:29 FIT model.layers.11.self_attn.q_proj.weight :: awq_p2.0 bpw=4.9600 rel_err=0.1130 t=2.43s [389/980] ETA=1.67h
2026-08-16 23:19:30 SKIP cached model.layers.11.self_attn.q_proj.weight :: rtn4
2026-08-16 23:19:39 FIT model.layers.11.self_attn.k_proj.weight :: seed_only bpw=4.0000 rel_err=0.1261 t=9.29s [391/980] ETA=1.66h
2026-08-16 23:19:39 FIT model.layers.11.self_attn.k_proj.weight :: awq_p0.5 bpw=4.2400 rel_err=0.1235 t=0.38s [392/980] ETA=1.66h
2026-08-16 23:19:40 FIT model.layers.11.self_attn.k_proj.weight :: awq_p1.0 bpw=4.4800 rel_err=0.1216 t=0.71s [393/980] ETA=1.65h
2026-08-16 23:19:42 FIT model.layers.11.self_attn.k_proj.weight :: awq_p2.0 bpw=4.9600 rel_err=0.1170 t=1.34s [394/980] ETA=1.64h
2026-08-16 23:19:42 SKIP cached model.layers.11.self_attn.k_proj.weight :: rtn4
2026-08-16 23:19:51 FIT model.layers.11.self_attn.v_proj.weight :: seed_only bpw=4.0000 rel_err=0.1265 t=9.29s [396/980] ETA=1.64h
2026-08-16 23:19:52 FIT model.layers.11.self_attn.v_proj.weight :: awq_p0.5 bpw=4.2400 rel_err=0.1242 t=0.37s [397/980] ETA=1.63h
2026-08-16 23:19:52 FIT model.layers.11.self_attn.v_proj.weight :: awq_p1.0 bpw=4.4800 rel_err=0.1222 t=0.71s [398/980] ETA=1.62h
2026-08-16 23:19:54 FIT model.layers.11.self_attn.v_proj.weight :: awq_p2.0 bpw=4.9600 rel_err=0.1179 t=1.36s [399/980] ETA=1.61h
2026-08-16 23:19:54 SKIP cached model.layers.11.self_attn.v_proj.weight :: rtn4
2026-08-16 23:20:13 FIT model.layers.11.self_attn.o_proj.weight :: seed_only bpw=4.0000 rel_err=0.1253 t=18.55s [401/980] ETA=1.61h
2026-08-16 23:20:13 FIT model.layers.11.self_attn.o_proj.weight :: awq_p0.5 bpw=4.2400 rel_err=0.1184 t=0.53s [402/980] ETA=1.61h
2026-08-16 23:20:15 FIT model.layers.11.self_attn.o_proj.weight :: awq_p1.0 bpw=4.4800 rel_err=0.1169 t=1.09s [403/980] ETA=1.60h
2026-08-16 23:20:17 FIT model.layers.11.self_attn.o_proj.weight :: awq_p2.0 bpw=4.9600 rel_err=0.1147 t=2.12s [404/980] ETA=1.59h
2026-08-16 23:20:17 SKIP cached model.layers.11.self_attn.o_proj.weight :: rtn4
2026-08-16 23:21:13 FIT model.layers.11.mlp.gate_proj.weight :: seed_only bpw=4.0000 rel_err=0.1254 t=55.61s [406/980] ETA=1.61h
2026-08-16 23:21:15 FIT model.layers.11.mlp.gate_proj.weight :: awq_p0.5 bpw=4.2400 rel_err=0.1230 t=2.17s [407/980] ETA=1.60h
2026-08-16 23:21:20 FIT model.layers.11.mlp.gate_proj.weight :: awq_p1.0 bpw=4.4800 rel_err=0.1201 t=4.18s [408/980] ETA=1.60h
2026-08-16 23:21:28 FIT model.layers.11.mlp.gate_proj.weight :: awq_p2.0 bpw=4.9600 rel_err=0.1149 t=7.93s [409/980] ETA=1.59h
2026-08-16 23:21:28 SKIP cached model.layers.11.mlp.gate_proj.weight :: rtn4
2026-08-16 23:22:24 FIT model.layers.11.mlp.up_proj.weight :: seed_only bpw=4.0000 rel_err=0.1254 t=55.61s [411/980] ETA=1.61h
2026-08-16 23:22:26 FIT model.layers.11.mlp.up_proj.weight :: awq_p0.5 bpw=4.2400 rel_err=0.1228 t=2.18s [412/980] ETA=1.60h
2026-08-16 23:22:30 FIT model.layers.11.mlp.up_proj.weight :: awq_p1.0 bpw=4.4800 rel_err=0.1201 t=4.26s [413/980] ETA=1.60h
2026-08-16 23:22:39 FIT model.layers.11.mlp.up_proj.weight :: awq_p2.0 bpw=4.9600 rel_err=0.1153 t=8.15s [414/980] ETA=1.59h
2026-08-16 23:22:39 SKIP cached model.layers.11.mlp.up_proj.weight :: rtn4
2026-08-16 23:23:35 FIT model.layers.11.mlp.down_proj.weight :: seed_only bpw=4.0000 rel_err=0.1262 t=55.61s [416/980] ETA=1.61h
2026-08-16 23:23:37 FIT model.layers.11.mlp.down_proj.weight :: awq_p0.5 bpw=4.2400 rel_err=0.1245 t=2.20s [417/980] ETA=1.60h
2026-08-16 23:23:42 FIT model.layers.11.mlp.down_proj.weight :: awq_p1.0 bpw=4.4800 rel_err=0.1228 t=4.31s [418/980] ETA=1.60h
2026-08-16 23:23:50 FIT model.layers.11.mlp.down_proj.weight :: awq_p2.0 bpw=4.9600 rel_err=0.1194 t=8.31s [419/980] ETA=1.59h
2026-08-16 23:23:50 SKIP cached model.layers.11.mlp.down_proj.weight :: rtn4
2026-08-16 23:24:09 FIT model.layers.12.self_attn.q_proj.weight :: seed_only bpw=4.0000 rel_err=0.1255 t=18.55s [421/980] ETA=1.59h
2026-08-16 23:24:10 FIT model.layers.12.self_attn.q_proj.weight :: awq_p0.5 bpw=4.2400 rel_err=0.1221 t=0.71s [422/980] ETA=1.58h
2026-08-16 23:24:12 FIT model.layers.12.self_attn.q_proj.weight :: awq_p1.0 bpw=4.4800 rel_err=0.1189 t=1.32s [423/980] ETA=1.58h
2026-08-16 23:24:14 FIT model.layers.12.self_attn.q_proj.weight :: awq_p2.0 bpw=4.9600 rel_err=0.1138 t=2.45s [424/980] ETA=1.57h
2026-08-16 23:24:14 SKIP cached model.layers.12.self_attn.q_proj.weight :: rtn4
2026-08-16 23:24:24 FIT model.layers.12.self_attn.k_proj.weight :: seed_only bpw=4.0000 rel_err=0.1257 t=9.29s [426/980] ETA=1.57h
2026-08-16 23:24:24 FIT model.layers.12.self_attn.k_proj.weight :: awq_p0.5 bpw=4.2400 rel_err=0.1232 t=0.38s [427/980] ETA=1.56h
2026-08-16 23:24:25 FIT model.layers.12.self_attn.k_proj.weight :: awq_p1.0 bpw=4.4800 rel_err=0.1207 t=0.71s [428/980] ETA=1.55h
2026-08-16 23:24:26 FIT model.layers.12.self_attn.k_proj.weight :: awq_p2.0 bpw=4.9600 rel_err=0.1157 t=1.32s [429/980] ETA=1.54h
2026-08-16 23:24:26 SKIP cached model.layers.12.self_attn.k_proj.weight :: rtn4
2026-08-16 23:24:36 FIT model.layers.12.self_attn.v_proj.weight :: seed_only bpw=4.0000 rel_err=0.1260 t=9.29s [431/980] ETA=1.54h
2026-08-16 23:24:36 FIT model.layers.12.self_attn.v_proj.weight :: awq_p0.5 bpw=4.2400 rel_err=0.1237 t=0.38s [432/980] ETA=1.53h
2026-08-16 23:24:37 FIT model.layers.12.self_attn.v_proj.weight :: awq_p1.0 bpw=4.4800 rel_err=0.1214 t=0.72s [433/980] ETA=1.52h
2026-08-16 23:24:38 FIT model.layers.12.self_attn.v_proj.weight :: awq_p2.0 bpw=4.9600 rel_err=0.1174 t=1.36s [434/980] ETA=1.52h
2026-08-16 23:24:38 SKIP cached model.layers.12.self_attn.v_proj.weight :: rtn4
2026-08-16 23:24:57 FIT model.layers.12.self_attn.o_proj.weight :: seed_only bpw=4.0000 rel_err=0.1252 t=18.55s [436/980] ETA=1.52h
2026-08-16 23:24:58 FIT model.layers.12.self_attn.o_proj.weight :: awq_p0.5 bpw=4.2400 rel_err=0.1230 t=0.69s [437/980] ETA=1.51h
2026-08-16 23:25:00 FIT model.layers.12.self_attn.o_proj.weight :: awq_p1.0 bpw=4.4800 rel_err=0.1216 t=1.29s [438/980] ETA=1.50h
2026-08-16 23:25:02 FIT model.layers.12.self_attn.o_proj.weight :: awq_p2.0 bpw=4.9600 rel_err=0.1190 t=2.35s [439/980] ETA=1.50h
2026-08-16 23:25:02 SKIP cached model.layers.12.self_attn.o_proj.weight :: rtn4
2026-08-16 23:25:58 FIT model.layers.12.mlp.gate_proj.weight :: seed_only bpw=4.0000 rel_err=0.1253 t=55.61s [441/980] ETA=1.51h
2026-08-16 23:26:00 FIT model.layers.12.mlp.gate_proj.weight :: awq_p0.5 bpw=4.2400 rel_err=0.1230 t=2.15s [442/980] ETA=1.51h
2026-08-16 23:26:05 FIT model.layers.12.mlp.gate_proj.weight :: awq_p1.0 bpw=4.4800 rel_err=0.1200 t=4.17s [443/980] ETA=1.50h
2026-08-16 23:26:13 FIT model.layers.12.mlp.gate_proj.weight :: awq_p2.0 bpw=4.9600 rel_err=0.1148 t=7.91s [444/980] ETA=1.50h
2026-08-16 23:26:13 SKIP cached model.layers.12.mlp.gate_proj.weight :: rtn4
2026-08-16 23:27:09 FIT model.layers.12.mlp.up_proj.weight :: seed_only bpw=4.0000 rel_err=0.1255 t=55.61s [446/980] ETA=1.51h
2026-08-16 23:27:11 FIT model.layers.12.mlp.up_proj.weight :: awq_p0.5 bpw=4.2400 rel_err=0.1227 t=2.17s [447/980] ETA=1.50h
2026-08-16 23:27:16 FIT model.layers.12.mlp.up_proj.weight :: awq_p1.0 bpw=4.4800 rel_err=0.1198 t=4.24s [448/980] ETA=1.50h
2026-08-16 23:27:24 FIT model.layers.12.mlp.up_proj.weight :: awq_p2.0 bpw=4.9600 rel_err=0.1150 t=8.12s [449/980] ETA=1.50h
2026-08-16 23:27:24 SKIP cached model.layers.12.mlp.up_proj.weight :: rtn4
2026-08-16 23:28:20 FIT model.layers.12.mlp.down_proj.weight :: seed_only bpw=4.0000 rel_err=0.1263 t=55.61s [451/980] ETA=1.51h
2026-08-16 23:28:23 FIT model.layers.12.mlp.down_proj.weight :: awq_p0.5 bpw=4.2400 rel_err=0.1245 t=2.19s [452/980] ETA=1.50h
2026-08-16 23:28:27 FIT model.layers.12.mlp.down_proj.weight :: awq_p1.0 bpw=4.4800 rel_err=0.1231 t=4.29s [453/980] ETA=1.50h
2026-08-16 23:28:36 FIT model.layers.12.mlp.down_proj.weight :: awq_p2.0 bpw=4.9600 rel_err=0.1201 t=8.27s [454/980] ETA=1.49h
2026-08-16 23:28:36 SKIP cached model.layers.12.mlp.down_proj.weight :: rtn4
2026-08-16 23:28:55 FIT model.layers.13.self_attn.q_proj.weight :: seed_only bpw=4.0000 rel_err=0.1253 t=18.55s [456/980] ETA=1.49h
2026-08-16 23:28:55 FIT model.layers.13.self_attn.q_proj.weight :: awq_p0.5 bpw=4.2400 rel_err=0.1217 t=0.71s [457/980] ETA=1.48h
2026-08-16 23:28:57 FIT model.layers.13.self_attn.q_proj.weight :: awq_p1.0 bpw=4.4800 rel_err=0.1178 t=1.32s [458/980] ETA=1.48h
2026-08-16 23:28:59 FIT model.layers.13.self_attn.q_proj.weight :: awq_p2.0 bpw=4.9600 rel_err=0.1117 t=2.38s [459/980] ETA=1.47h
2026-08-16 23:28:59 SKIP cached model.layers.13.self_attn.q_proj.weight :: rtn4
2026-08-16 23:29:09 FIT model.layers.13.self_attn.k_proj.weight :: seed_only bpw=4.0000 rel_err=0.1256 t=9.29s [461/980] ETA=1.47h
2026-08-16 23:29:09 FIT model.layers.13.self_attn.k_proj.weight :: awq_p0.5 bpw=4.2400 rel_err=0.1237 t=0.38s [462/980] ETA=1.46h
2026-08-16 23:29:10 FIT model.layers.13.self_attn.k_proj.weight :: awq_p1.0 bpw=4.4800 rel_err=0.1215 t=0.72s [463/980] ETA=1.45h
2026-08-16 23:29:11 FIT model.layers.13.self_attn.k_proj.weight :: awq_p2.0 bpw=4.9600 rel_err=0.1169 t=1.34s [464/980] ETA=1.45h
2026-08-16 23:29:12 SKIP cached model.layers.13.self_attn.k_proj.weight :: rtn4
2026-08-16 23:29:21 FIT model.layers.13.self_attn.v_proj.weight :: seed_only bpw=4.0000 rel_err=0.1258 t=9.29s [466/980] ETA=1.44h
2026-08-16 23:29:22 FIT model.layers.13.self_attn.v_proj.weight :: awq_p0.5 bpw=4.2400 rel_err=0.1238 t=0.37s [467/980] ETA=1.44h
2026-08-16 23:29:22 FIT model.layers.13.self_attn.v_proj.weight :: awq_p1.0 bpw=4.4800 rel_err=0.1216 t=0.72s [468/980] ETA=1.43h
2026-08-16 23:29:24 FIT model.layers.13.self_attn.v_proj.weight :: awq_p2.0 bpw=4.9600 rel_err=0.1176 t=1.36s [469/980] ETA=1.42h
2026-08-16 23:29:24 SKIP cached model.layers.13.self_attn.v_proj.weight :: rtn4
2026-08-16 23:29:43 FIT model.layers.13.self_attn.o_proj.weight :: seed_only bpw=4.0000 rel_err=0.1252 t=18.55s [471/980] ETA=1.42h
2026-08-16 23:29:43 FIT model.layers.13.self_attn.o_proj.weight :: awq_p0.5 bpw=4.2400 rel_err=0.1234 t=0.72s [472/980] ETA=1.41h
2026-08-16 23:29:45 FIT model.layers.13.self_attn.o_proj.weight :: awq_p1.0 bpw=4.4800 rel_err=0.1220 t=1.38s [473/980] ETA=1.41h
2026-08-16 23:29:48 FIT model.layers.13.self_attn.o_proj.weight :: awq_p2.0 bpw=4.9600 rel_err=0.1189 t=2.57s [474/980] ETA=1.40h
2026-08-16 23:29:48 SKIP cached model.layers.13.self_attn.o_proj.weight :: rtn4
2026-08-16 23:30:44 FIT model.layers.13.mlp.gate_proj.weight :: seed_only bpw=4.0000 rel_err=0.1255 t=55.62s [476/980] ETA=1.41h
2026-08-16 23:30:46 FIT model.layers.13.mlp.gate_proj.weight :: awq_p0.5 bpw=4.2400 rel_err=0.1230 t=2.15s [477/980] ETA=1.41h
2026-08-16 23:30:50 FIT model.layers.13.mlp.gate_proj.weight :: awq_p1.0 bpw=4.4800 rel_err=0.1199 t=4.14s [478/980] ETA=1.40h
2026-08-16 23:30:58 FIT model.layers.13.mlp.gate_proj.weight :: awq_p2.0 bpw=4.9600 rel_err=0.1146 t=7.83s [479/980] ETA=1.40h
2026-08-16 23:30:59 SKIP cached model.layers.13.mlp.gate_proj.weight :: rtn4
2026-08-16 23:31:55 FIT model.layers.13.mlp.up_proj.weight :: seed_only bpw=4.0000 rel_err=0.1255 t=55.61s [481/980] ETA=1.41h
2026-08-16 23:31:57 FIT model.layers.13.mlp.up_proj.weight :: awq_p0.5 bpw=4.2400 rel_err=0.1229 t=2.17s [482/980] ETA=1.41h
2026-08-16 23:32:01 FIT model.layers.13.mlp.up_proj.weight :: awq_p1.0 bpw=4.4800 rel_err=0.1201 t=4.22s [483/980] ETA=1.40h
2026-08-16 23:32:10 FIT model.layers.13.mlp.up_proj.weight :: awq_p2.0 bpw=4.9600 rel_err=0.1152 t=8.09s [484/980] ETA=1.40h
2026-08-16 23:32:10 SKIP cached model.layers.13.mlp.up_proj.weight :: rtn4
2026-08-16 23:33:06 FIT model.layers.13.mlp.down_proj.weight :: seed_only bpw=4.0000 rel_err=0.1263 t=55.61s [486/980] ETA=1.41h
2026-08-16 23:33:08 FIT model.layers.13.mlp.down_proj.weight :: awq_p0.5 bpw=4.2400 rel_err=0.1244 t=2.19s [487/980] ETA=1.40h
2026-08-16 23:33:13 FIT model.layers.13.mlp.down_proj.weight :: awq_p1.0 bpw=4.4800 rel_err=0.1230 t=4.28s [488/980] ETA=1.40h
2026-08-16 23:33:21 FIT model.layers.13.mlp.down_proj.weight :: awq_p2.0 bpw=4.9600 rel_err=0.1200 t=8.25s [489/980] ETA=1.39h
2026-08-16 23:33:21 SKIP cached model.layers.13.mlp.down_proj.weight :: rtn4
2026-08-16 23:33:40 FIT model.layers.14.self_attn.q_proj.weight :: seed_only bpw=4.0000 rel_err=0.1256 t=18.55s [491/980] ETA=1.39h
2026-08-16 23:33:41 FIT model.layers.14.self_attn.q_proj.weight :: awq_p0.5 bpw=4.2400 rel_err=0.1222 t=0.72s [492/980] ETA=1.39h
2026-08-16 23:33:42 FIT model.layers.14.self_attn.q_proj.weight :: awq_p1.0 bpw=4.4800 rel_err=0.1185 t=1.33s [493/980] ETA=1.38h
2026-08-16 23:33:45 FIT model.layers.14.self_attn.q_proj.weight :: awq_p2.0 bpw=4.9600 rel_err=0.1127 t=2.42s [494/980] ETA=1.37h
2026-08-16 23:33:45 SKIP cached model.layers.14.self_attn.q_proj.weight :: rtn4
2026-08-16 23:33:54 FIT model.layers.14.self_attn.k_proj.weight :: seed_only bpw=4.0000 rel_err=0.1259 t=9.29s [496/980] ETA=1.37h
2026-08-16 23:33:55 FIT model.layers.14.self_attn.k_proj.weight :: awq_p0.5 bpw=4.2400 rel_err=0.1232 t=0.38s [497/980] ETA=1.36h
2026-08-16 23:33:56 FIT model.layers.14.self_attn.k_proj.weight :: awq_p1.0 bpw=4.4800 rel_err=0.1205 t=0.71s [498/980] ETA=1.36h
2026-08-16 23:33:57 FIT model.layers.14.self_attn.k_proj.weight :: awq_p2.0 bpw=4.9600 rel_err=0.1155 t=1.31s [499/980] ETA=1.35h
2026-08-16 23:33:57 SKIP cached model.layers.14.self_attn.k_proj.weight :: rtn4
2026-08-16 23:34:06 FIT model.layers.14.self_attn.v_proj.weight :: seed_only bpw=4.0000 rel_err=0.1260 t=9.29s [501/980] ETA=1.34h
2026-08-16 23:34:07 FIT model.layers.14.self_attn.v_proj.weight :: awq_p0.5 bpw=4.2400 rel_err=0.1238 t=0.38s [502/980] ETA=1.34h
2026-08-16 23:34:08 FIT model.layers.14.self_attn.v_proj.weight :: awq_p1.0 bpw=4.4800 rel_err=0.1216 t=0.72s [503/980] ETA=1.33h
2026-08-16 23:34:09 FIT model.layers.14.self_attn.v_proj.weight :: awq_p2.0 bpw=4.9600 rel_err=0.1175 t=1.38s [504/980] ETA=1.33h
2026-08-16 23:34:09 SKIP cached model.layers.14.self_attn.v_proj.weight :: rtn4
2026-08-16 23:34:28 FIT model.layers.14.self_attn.o_proj.weight :: seed_only bpw=4.0000 rel_err=0.1251 t=18.55s [506/980] ETA=1.32h
2026-08-16 23:34:29 FIT model.layers.14.self_attn.o_proj.weight :: awq_p0.5 bpw=4.2400 rel_err=0.1230 t=0.70s [507/980] ETA=1.32h
2026-08-16 23:34:30 FIT model.layers.14.self_attn.o_proj.weight :: awq_p1.0 bpw=4.4800 rel_err=0.1212 t=1.33s [508/980] ETA=1.31h
2026-08-16 23:34:33 FIT model.layers.14.self_attn.o_proj.weight :: awq_p2.0 bpw=4.9600 rel_err=0.1178 t=2.44s [509/980] ETA=1.31h
2026-08-16 23:34:33 SKIP cached model.layers.14.self_attn.o_proj.weight :: rtn4
2026-08-16 23:35:29 FIT model.layers.14.mlp.gate_proj.weight :: seed_only bpw=4.0000 rel_err=0.1257 t=55.61s [511/980] ETA=1.32h
2026-08-16 23:35:31 FIT model.layers.14.mlp.gate_proj.weight :: awq_p0.5 bpw=4.2400 rel_err=0.1232 t=2.15s [512/980] ETA=1.31h
2026-08-16 23:35:36 FIT model.layers.14.mlp.gate_proj.weight :: awq_p1.0 bpw=4.4800 rel_err=0.1201 t=4.16s [513/980] ETA=1.31h
2026-08-16 23:35:44 FIT model.layers.14.mlp.gate_proj.weight :: awq_p2.0 bpw=4.9600 rel_err=0.1148 t=7.86s [514/980] ETA=1.30h
2026-08-16 23:35:44 SKIP cached model.layers.14.mlp.gate_proj.weight :: rtn4
2026-08-16 23:36:40 FIT model.layers.14.mlp.up_proj.weight :: seed_only bpw=4.0000 rel_err=0.1258 t=55.61s [516/980] ETA=1.31h
2026-08-16 23:36:42 FIT model.layers.14.mlp.up_proj.weight :: awq_p0.5 bpw=4.2400 rel_err=0.1232 t=2.17s [517/980] ETA=1.31h
2026-08-16 23:36:46 FIT model.layers.14.mlp.up_proj.weight :: awq_p1.0 bpw=4.4800 rel_err=0.1205 t=4.23s [518/980] ETA=1.30h
2026-08-16 23:36:55 FIT model.layers.14.mlp.up_proj.weight :: awq_p2.0 bpw=4.9600 rel_err=0.1155 t=8.10s [519/980] ETA=1.30h
2026-08-16 23:36:55 SKIP cached model.layers.14.mlp.up_proj.weight :: rtn4
2026-08-16 23:37:51 FIT model.layers.14.mlp.down_proj.weight :: seed_only bpw=4.0000 rel_err=0.1264 t=55.61s [521/980] ETA=1.31h
2026-08-16 23:37:53 FIT model.layers.14.mlp.down_proj.weight :: awq_p0.5 bpw=4.2400 rel_err=0.1247 t=2.21s [522/980] ETA=1.30h
2026-08-16 23:37:58 FIT model.layers.14.mlp.down_proj.weight :: awq_p1.0 bpw=4.4800 rel_err=0.1234 t=4.31s [523/980] ETA=1.30h
2026-08-16 23:38:06 FIT model.layers.14.mlp.down_proj.weight :: awq_p2.0 bpw=4.9600 rel_err=0.1207 t=8.29s [524/980] ETA=1.29h
2026-08-16 23:38:06 SKIP cached model.layers.14.mlp.down_proj.weight :: rtn4
2026-08-16 23:38:25 FIT model.layers.15.self_attn.q_proj.weight :: seed_only bpw=4.0000 rel_err=0.1256 t=18.55s [526/980] ETA=1.29h
2026-08-16 23:38:26 FIT model.layers.15.self_attn.q_proj.weight :: awq_p0.5 bpw=4.2400 rel_err=0.1222 t=0.72s [527/980] ETA=1.29h
2026-08-16 23:38:28 FIT model.layers.15.self_attn.q_proj.weight :: awq_p1.0 bpw=4.4800 rel_err=0.1181 t=1.33s [528/980] ETA=1.28h
2026-08-16 23:38:30 FIT model.layers.15.self_attn.q_proj.weight :: awq_p2.0 bpw=4.9600 rel_err=0.1116 t=2.37s [529/980] ETA=1.28h
2026-08-16 23:38:30 SKIP cached model.layers.15.self_attn.q_proj.weight :: rtn4
2026-08-16 23:38:40 FIT model.layers.15.self_attn.k_proj.weight :: seed_only bpw=4.0000 rel_err=0.1254 t=9.29s [531/980] ETA=1.27h
2026-08-16 23:38:40 FIT model.layers.15.self_attn.k_proj.weight :: awq_p0.5 bpw=4.2400 rel_err=0.1236 t=0.38s [532/980] ETA=1.26h
2026-08-16 23:38:41 FIT model.layers.15.self_attn.k_proj.weight :: awq_p1.0 bpw=4.4800 rel_err=0.1215 t=0.72s [533/980] ETA=1.26h
2026-08-16 23:38:42 FIT model.layers.15.self_attn.k_proj.weight :: awq_p2.0 bpw=4.9600 rel_err=0.1163 t=1.34s [534/980] ETA=1.25h
2026-08-16 23:38:42 SKIP cached model.layers.15.self_attn.k_proj.weight :: rtn4
2026-08-16 23:38:52 FIT model.layers.15.self_attn.v_proj.weight :: seed_only bpw=4.0000 rel_err=0.1265 t=9.29s [536/980] ETA=1.25h
2026-08-16 23:38:52 FIT model.layers.15.self_attn.v_proj.weight :: awq_p0.5 bpw=4.2400 rel_err=0.1237 t=0.38s [537/980] ETA=1.24h
2026-08-16 23:38:53 FIT model.layers.15.self_attn.v_proj.weight :: awq_p1.0 bpw=4.4800 rel_err=0.1209 t=0.73s [538/980] ETA=1.24h
2026-08-16 23:38:55 FIT model.layers.15.self_attn.v_proj.weight :: awq_p2.0 bpw=4.9600 rel_err=0.1160 t=1.38s [539/980] ETA=1.23h
2026-08-16 23:38:55 SKIP cached model.layers.15.self_attn.v_proj.weight :: rtn4
2026-08-16 23:39:14 FIT model.layers.15.self_attn.o_proj.weight :: seed_only bpw=4.0000 rel_err=0.1252 t=18.55s [541/980] ETA=1.23h
2026-08-16 23:39:14 FIT model.layers.15.self_attn.o_proj.weight :: awq_p0.5 bpw=4.2400 rel_err=0.1234 t=0.68s [542/980] ETA=1.22h
2026-08-16 23:39:16 FIT model.layers.15.self_attn.o_proj.weight :: awq_p1.0 bpw=4.4800 rel_err=0.1221 t=1.29s [543/980] ETA=1.22h
2026-08-16 23:39:18 FIT model.layers.15.self_attn.o_proj.weight :: awq_p2.0 bpw=4.9600 rel_err=0.1196 t=2.38s [544/980] ETA=1.21h
2026-08-16 23:39:18 SKIP cached model.layers.15.self_attn.o_proj.weight :: rtn4
2026-08-16 23:40:14 FIT model.layers.15.mlp.gate_proj.weight :: seed_only bpw=4.0000 rel_err=0.1258 t=55.61s [546/980] ETA=1.22h
2026-08-16 23:40:17 FIT model.layers.15.mlp.gate_proj.weight :: awq_p0.5 bpw=4.2400 rel_err=0.1233 t=2.15s [547/980] ETA=1.21h
2026-08-16 23:40:21 FIT model.layers.15.mlp.gate_proj.weight :: awq_p1.0 bpw=4.4800 rel_err=0.1204 t=4.17s [548/980] ETA=1.21h
2026-08-16 23:40:29 FIT model.layers.15.mlp.gate_proj.weight :: awq_p2.0 bpw=4.9600 rel_err=0.1152 t=7.90s [549/980] ETA=1.21h
2026-08-16 23:40:29 SKIP cached model.layers.15.mlp.gate_proj.weight :: rtn4
2026-08-16 23:41:25 FIT model.layers.15.mlp.up_proj.weight :: seed_only bpw=4.0000 rel_err=0.1257 t=55.61s [551/980] ETA=1.21h
2026-08-16 23:41:28 FIT model.layers.15.mlp.up_proj.weight :: awq_p0.5 bpw=4.2400 rel_err=0.1235 t=2.16s [552/980] ETA=1.21h
2026-08-16 23:41:32 FIT model.layers.15.mlp.up_proj.weight :: awq_p1.0 bpw=4.4800 rel_err=0.1209 t=4.22s [553/980] ETA=1.20h
2026-08-16 23:41:40 FIT model.layers.15.mlp.up_proj.weight :: awq_p2.0 bpw=4.9600 rel_err=0.1160 t=8.07s [554/980] ETA=1.20h
2026-08-16 23:41:41 SKIP cached model.layers.15.mlp.up_proj.weight :: rtn4
2026-08-16 23:42:37 FIT model.layers.15.mlp.down_proj.weight :: seed_only bpw=4.0000 rel_err=0.1264 t=55.61s [556/980] ETA=1.21h
2026-08-16 23:42:39 FIT model.layers.15.mlp.down_proj.weight :: awq_p0.5 bpw=4.2400 rel_err=0.1247 t=2.19s [557/980] ETA=1.20h
2026-08-16 23:42:44 FIT model.layers.15.mlp.down_proj.weight :: awq_p1.0 bpw=4.4800 rel_err=0.1233 t=4.28s [558/980] ETA=1.20h
2026-08-16 23:42:52 FIT model.layers.15.mlp.down_proj.weight :: awq_p2.0 bpw=4.9600 rel_err=0.1207 t=8.23s [559/980] ETA=1.19h
2026-08-16 23:42:52 SKIP cached model.layers.15.mlp.down_proj.weight :: rtn4
2026-08-16 23:43:11 FIT model.layers.16.self_attn.q_proj.weight :: seed_only bpw=4.0000 rel_err=0.1256 t=18.55s [561/980] ETA=1.19h
2026-08-16 23:43:12 FIT model.layers.16.self_attn.q_proj.weight :: awq_p0.5 bpw=4.2400 rel_err=0.1222 t=0.72s [562/980] ETA=1.19h
2026-08-16 23:43:13 FIT model.layers.16.self_attn.q_proj.weight :: awq_p1.0 bpw=4.4800 rel_err=0.1175 t=1.34s [563/980] ETA=1.18h
2026-08-16 23:43:16 FIT model.layers.16.self_attn.q_proj.weight :: awq_p2.0 bpw=4.9600 rel_err=0.1098 t=2.34s [564/980] ETA=1.18h
2026-08-16 23:43:16 SKIP cached model.layers.16.self_attn.q_proj.weight :: rtn4
2026-08-16 23:43:25 FIT model.layers.16.self_attn.k_proj.weight :: seed_only bpw=4.0000 rel_err=0.1262 t=9.29s [566/980] ETA=1.17h
2026-08-16 23:43:26 FIT model.layers.16.self_attn.k_proj.weight :: awq_p0.5 bpw=4.2400 rel_err=0.1221 t=0.38s [567/980] ETA=1.17h
2026-08-16 23:43:26 FIT model.layers.16.self_attn.k_proj.weight :: awq_p1.0 bpw=4.4800 rel_err=0.1191 t=0.70s [568/980] ETA=1.16h
2026-08-16 23:43:28 FIT model.layers.16.self_attn.k_proj.weight :: awq_p2.0 bpw=4.9600 rel_err=0.1136 t=1.30s [569/980] ETA=1.16h
2026-08-16 23:43:28 SKIP cached model.layers.16.self_attn.k_proj.weight :: rtn4
2026-08-16 23:43:37 FIT model.layers.16.self_attn.v_proj.weight :: seed_only bpw=4.0000 rel_err=0.1263 t=9.29s [571/980] ETA=1.15h
2026-08-16 23:43:38 FIT model.layers.16.self_attn.v_proj.weight :: awq_p0.5 bpw=4.2400 rel_err=0.1247 t=0.38s [572/980] ETA=1.14h
2026-08-16 23:43:39 FIT model.layers.16.self_attn.v_proj.weight :: awq_p1.0 bpw=4.4800 rel_err=0.1225 t=0.73s [573/980] ETA=1.14h
2026-08-16 23:43:40 FIT model.layers.16.self_attn.v_proj.weight :: awq_p2.0 bpw=4.9600 rel_err=0.1179 t=1.39s [574/980] ETA=1.13h
2026-08-16 23:43:40 SKIP cached model.layers.16.self_attn.v_proj.weight :: rtn4
2026-08-16 23:43:59 FIT model.layers.16.self_attn.o_proj.weight :: seed_only bpw=4.0000 rel_err=0.1252 t=18.55s [576/980] ETA=1.13h
2026-08-16 23:44:00 FIT model.layers.16.self_attn.o_proj.weight :: awq_p0.5 bpw=4.2400 rel_err=0.1235 t=0.73s [577/980] ETA=1.13h
2026-08-16 23:44:01 FIT model.layers.16.self_attn.o_proj.weight :: awq_p1.0 bpw=4.4800 rel_err=0.1218 t=1.39s [578/980] ETA=1.12h
2026-08-16 23:44:04 FIT model.layers.16.self_attn.o_proj.weight :: awq_p2.0 bpw=4.9600 rel_err=0.1186 t=2.53s [579/980] ETA=1.12h
2026-08-16 23:44:04 SKIP cached model.layers.16.self_attn.o_proj.weight :: rtn4
2026-08-16 23:45:00 FIT model.layers.16.mlp.gate_proj.weight :: seed_only bpw=4.0000 rel_err=0.1261 t=55.61s [581/980] ETA=1.12h
2026-08-16 23:45:02 FIT model.layers.16.mlp.gate_proj.weight :: awq_p0.5 bpw=4.2400 rel_err=0.1234 t=2.14s [582/980] ETA=1.12h
2026-08-16 23:45:07 FIT model.layers.16.mlp.gate_proj.weight :: awq_p1.0 bpw=4.4800 rel_err=0.1209 t=4.20s [583/980] ETA=1.11h
2026-08-16 23:45:15 FIT model.layers.16.mlp.gate_proj.weight :: awq_p2.0 bpw=4.9600 rel_err=0.1161 t=7.96s [584/980] ETA=1.11h
2026-08-16 23:45:15 SKIP cached model.layers.16.mlp.gate_proj.weight :: rtn4
2026-08-16 23:46:11 FIT model.layers.16.mlp.up_proj.weight :: seed_only bpw=4.0000 rel_err=0.1261 t=55.61s [586/980] ETA=1.11h
2026-08-16 23:46:13 FIT model.layers.16.mlp.up_proj.weight :: awq_p0.5 bpw=4.2400 rel_err=0.1237 t=2.16s [587/980] ETA=1.11h
2026-08-16 23:46:18 FIT model.layers.16.mlp.up_proj.weight :: awq_p1.0 bpw=4.4800 rel_err=0.1213 t=4.22s [588/980] ETA=1.11h
2026-08-16 23:46:26 FIT model.layers.16.mlp.up_proj.weight :: awq_p2.0 bpw=4.9600 rel_err=0.1166 t=8.12s [589/980] ETA=1.10h
2026-08-16 23:46:26 SKIP cached model.layers.16.mlp.up_proj.weight :: rtn4
2026-08-16 23:47:22 FIT model.layers.16.mlp.down_proj.weight :: seed_only bpw=4.0000 rel_err=0.1266 t=55.61s [591/980] ETA=1.11h
2026-08-16 23:47:24 FIT model.layers.16.mlp.down_proj.weight :: awq_p0.5 bpw=4.2400 rel_err=0.1237 t=2.27s [592/980] ETA=1.10h
2026-08-16 23:47:29 FIT model.layers.16.mlp.down_proj.weight :: awq_p1.0 bpw=4.4800 rel_err=0.1226 t=4.29s [593/980] ETA=1.10h
2026-08-16 23:47:37 FIT model.layers.16.mlp.down_proj.weight :: awq_p2.0 bpw=4.9600 rel_err=0.1205 t=8.30s [594/980] ETA=1.10h
2026-08-16 23:47:37 SKIP cached model.layers.16.mlp.down_proj.weight :: rtn4
2026-08-16 23:47:56 FIT model.layers.17.self_attn.q_proj.weight :: seed_only bpw=4.0000 rel_err=0.1259 t=18.55s [596/980] ETA=1.09h
2026-08-16 23:47:57 FIT model.layers.17.self_attn.q_proj.weight :: awq_p0.5 bpw=4.2400 rel_err=0.1231 t=0.72s [597/980] ETA=1.09h
2026-08-16 23:47:59 FIT model.layers.17.self_attn.q_proj.weight :: awq_p1.0 bpw=4.4800 rel_err=0.1191 t=1.33s [598/980] ETA=1.08h
2026-08-16 23:48:01 FIT model.layers.17.self_attn.q_proj.weight :: awq_p2.0 bpw=4.9600 rel_err=0.1127 t=2.38s [599/980] ETA=1.08h
2026-08-16 23:48:01 SKIP cached model.layers.17.self_attn.q_proj.weight :: rtn4
2026-08-16 23:48:11 FIT model.layers.17.self_attn.k_proj.weight :: seed_only bpw=4.0000 rel_err=0.1254 t=9.29s [601/980] ETA=1.07h
2026-08-16 23:48:11 FIT model.layers.17.self_attn.k_proj.weight :: awq_p0.5 bpw=4.2400 rel_err=0.1233 t=0.38s [602/980] ETA=1.07h
2026-08-16 23:48:12 FIT model.layers.17.self_attn.k_proj.weight :: awq_p1.0 bpw=4.4800 rel_err=0.1218 t=0.72s [603/980] ETA=1.06h
2026-08-16 23:48:13 FIT model.layers.17.self_attn.k_proj.weight :: awq_p2.0 bpw=4.9600 rel_err=0.1174 t=1.35s [604/980] ETA=1.06h
2026-08-16 23:48:13 SKIP cached model.layers.17.self_attn.k_proj.weight :: rtn4
2026-08-16 23:48:23 FIT model.layers.17.self_attn.v_proj.weight :: seed_only bpw=4.0000 rel_err=0.1263 t=9.29s [606/980] ETA=1.05h
2026-08-16 23:48:23 FIT model.layers.17.self_attn.v_proj.weight :: awq_p0.5 bpw=4.2400 rel_err=0.1239 t=0.38s [607/980] ETA=1.05h
2026-08-16 23:48:24 FIT model.layers.17.self_attn.v_proj.weight :: awq_p1.0 bpw=4.4800 rel_err=0.1213 t=0.72s [608/980] ETA=1.04h
2026-08-16 23:48:25 FIT model.layers.17.self_attn.v_proj.weight :: awq_p2.0 bpw=4.9600 rel_err=0.1166 t=1.37s [609/980] ETA=1.04h
2026-08-16 23:48:26 SKIP cached model.layers.17.self_attn.v_proj.weight :: rtn4
2026-08-16 23:48:44 FIT model.layers.17.self_attn.o_proj.weight :: seed_only bpw=4.0000 rel_err=0.1253 t=18.55s [611/980] ETA=1.03h
2026-08-16 23:48:45 FIT model.layers.17.self_attn.o_proj.weight :: awq_p0.5 bpw=4.2400 rel_err=0.1224 t=0.68s [612/980] ETA=1.03h
2026-08-16 23:48:46 FIT model.layers.17.self_attn.o_proj.weight :: awq_p1.0 bpw=4.4800 rel_err=0.1205 t=1.28s [613/980] ETA=1.02h
2026-08-16 23:48:49 FIT model.layers.17.self_attn.o_proj.weight :: awq_p2.0 bpw=4.9600 rel_err=0.1171 t=2.37s [614/980] ETA=1.02h
2026-08-16 23:48:49 SKIP cached model.layers.17.self_attn.o_proj.weight :: rtn4
2026-08-16 23:49:45 FIT model.layers.17.mlp.gate_proj.weight :: seed_only bpw=4.0000 rel_err=0.1259 t=55.61s [616/980] ETA=1.02h
2026-08-16 23:49:47 FIT model.layers.17.mlp.gate_proj.weight :: awq_p0.5 bpw=4.2400 rel_err=0.1230 t=2.15s [617/980] ETA=1.02h
2026-08-16 23:49:52 FIT model.layers.17.mlp.gate_proj.weight :: awq_p1.0 bpw=4.4800 rel_err=0.1206 t=4.19s [618/980] ETA=1.02h
2026-08-16 23:50:00 FIT model.layers.17.mlp.gate_proj.weight :: awq_p2.0 bpw=4.9600 rel_err=0.1161 t=8.03s [619/980] ETA=1.01h
2026-08-16 23:50:00 SKIP cached model.layers.17.mlp.gate_proj.weight :: rtn4
2026-08-16 23:50:56 FIT model.layers.17.mlp.up_proj.weight :: seed_only bpw=4.0000 rel_err=0.1257 t=55.61s [621/980] ETA=1.02h
2026-08-16 23:50:59 FIT model.layers.17.mlp.up_proj.weight :: awq_p0.5 bpw=4.2400 rel_err=0.1238 t=2.17s [622/980] ETA=1.01h
2026-08-16 23:51:03 FIT model.layers.17.mlp.up_proj.weight :: awq_p1.0 bpw=4.4800 rel_err=0.1216 t=4.24s [623/980] ETA=1.01h
2026-08-16 23:51:11 FIT model.layers.17.mlp.up_proj.weight :: awq_p2.0 bpw=4.9600 rel_err=0.1173 t=8.14s [624/980] ETA=1.00h
2026-08-16 23:51:11 SKIP cached model.layers.17.mlp.up_proj.weight :: rtn4
2026-08-16 23:52:08 FIT model.layers.17.mlp.down_proj.weight :: seed_only bpw=4.0000 rel_err=0.1261 t=55.61s [626/980] ETA=1.01h
2026-08-16 23:52:10 FIT model.layers.17.mlp.down_proj.weight :: awq_p0.5 bpw=4.2400 rel_err=0.1245 t=2.18s [627/980] ETA=1.00h
2026-08-16 23:52:14 FIT model.layers.17.mlp.down_proj.weight :: awq_p1.0 bpw=4.4800 rel_err=0.1233 t=4.27s [628/980] ETA=1.00h
2026-08-16 23:52:23 FIT model.layers.17.mlp.down_proj.weight :: awq_p2.0 bpw=4.9600 rel_err=0.1210 t=8.22s [629/980] ETA=1.00h
2026-08-16 23:52:23 SKIP cached model.layers.17.mlp.down_proj.weight :: rtn4
2026-08-16 23:52:42 FIT model.layers.18.self_attn.q_proj.weight :: seed_only bpw=4.0000 rel_err=0.1257 t=18.55s [631/980] ETA=0.99h
2026-08-16 23:52:43 FIT model.layers.18.self_attn.q_proj.weight :: awq_p0.5 bpw=4.2400 rel_err=0.1232 t=0.72s [632/980] ETA=0.99h
2026-08-16 23:52:44 FIT model.layers.18.self_attn.q_proj.weight :: awq_p1.0 bpw=4.4800 rel_err=0.1193 t=1.33s [633/980] ETA=0.98h
2026-08-16 23:52:46 FIT model.layers.18.self_attn.q_proj.weight :: awq_p2.0 bpw=4.9600 rel_err=0.1126 t=2.37s [634/980] ETA=0.98h
2026-08-16 23:52:47 SKIP cached model.layers.18.self_attn.q_proj.weight :: rtn4
2026-08-16 23:52:56 FIT model.layers.18.self_attn.k_proj.weight :: seed_only bpw=4.0000 rel_err=0.1257 t=9.29s [636/980] ETA=0.97h
2026-08-16 23:52:57 FIT model.layers.18.self_attn.k_proj.weight :: awq_p0.5 bpw=4.2400 rel_err=0.1235 t=0.38s [637/980] ETA=0.97h
2026-08-16 23:52:57 FIT model.layers.18.self_attn.k_proj.weight :: awq_p1.0 bpw=4.4800 rel_err=0.1218 t=0.72s [638/980] ETA=0.96h
2026-08-16 23:52:59 FIT model.layers.18.self_attn.k_proj.weight :: awq_p2.0 bpw=4.9600 rel_err=0.1176 t=1.35s [639/980] ETA=0.96h
2026-08-16 23:52:59 SKIP cached model.layers.18.self_attn.k_proj.weight :: rtn4
2026-08-16 23:53:08 FIT model.layers.18.self_attn.v_proj.weight :: seed_only bpw=4.0000 rel_err=0.1262 t=9.29s [641/980] ETA=0.95h
2026-08-16 23:53:09 FIT model.layers.18.self_attn.v_proj.weight :: awq_p0.5 bpw=4.2400 rel_err=0.1247 t=0.38s [642/980] ETA=0.95h
2026-08-16 23:53:10 FIT model.layers.18.self_attn.v_proj.weight :: awq_p1.0 bpw=4.4800 rel_err=0.1231 t=0.73s [643/980] ETA=0.94h
2026-08-16 23:53:11 FIT model.layers.18.self_attn.v_proj.weight :: awq_p2.0 bpw=4.9600 rel_err=0.1194 t=1.39s [644/980] ETA=0.94h
2026-08-16 23:53:11 SKIP cached model.layers.18.self_attn.v_proj.weight :: rtn4
2026-08-16 23:53:30 FIT model.layers.18.self_attn.o_proj.weight :: seed_only bpw=4.0000 rel_err=0.1252 t=18.55s [646/980] ETA=0.94h
2026-08-16 23:53:31 FIT model.layers.18.self_attn.o_proj.weight :: awq_p0.5 bpw=4.2400 rel_err=0.1227 t=0.70s [647/980] ETA=0.93h
2026-08-16 23:53:32 FIT model.layers.18.self_attn.o_proj.weight :: awq_p1.0 bpw=4.4800 rel_err=0.1209 t=1.35s [648/980] ETA=0.93h
2026-08-16 23:53:35 FIT model.layers.18.self_attn.o_proj.weight :: awq_p2.0 bpw=4.9600 rel_err=0.1177 t=2.55s [649/980] ETA=0.92h
2026-08-16 23:53:35 SKIP cached model.layers.18.self_attn.o_proj.weight :: rtn4
2026-08-16 23:54:31 FIT model.layers.18.mlp.gate_proj.weight :: seed_only bpw=4.0000 rel_err=0.1259 t=55.61s [651/980] ETA=0.93h
2026-08-16 23:54:33 FIT model.layers.18.mlp.gate_proj.weight :: awq_p0.5 bpw=4.2400 rel_err=0.1229 t=2.17s [652/980] ETA=0.92h
2026-08-16 23:54:38 FIT model.layers.18.mlp.gate_proj.weight :: awq_p1.0 bpw=4.4800 rel_err=0.1204 t=4.21s [653/980] ETA=0.92h
2026-08-16 23:54:46 FIT model.layers.18.mlp.gate_proj.weight :: awq_p2.0 bpw=4.9600 rel_err=0.1158 t=8.05s [654/980] ETA=0.91h
2026-08-16 23:54:46 SKIP cached model.layers.18.mlp.gate_proj.weight :: rtn4
2026-08-16 23:55:42 FIT model.layers.18.mlp.up_proj.weight :: seed_only bpw=4.0000 rel_err=0.1258 t=55.61s [656/980] ETA=0.92h
2026-08-16 23:55:45 FIT model.layers.18.mlp.up_proj.weight :: awq_p0.5 bpw=4.2400 rel_err=0.1237 t=2.17s [657/980] ETA=0.91h
2026-08-16 23:55:49 FIT model.layers.18.mlp.up_proj.weight :: awq_p1.0 bpw=4.4800 rel_err=0.1213 t=4.24s [658/980] ETA=0.91h
2026-08-16 23:55:58 FIT model.layers.18.mlp.up_proj.weight :: awq_p2.0 bpw=4.9600 rel_err=0.1168 t=8.12s [659/980] ETA=0.91h
2026-08-16 23:55:58 SKIP cached model.layers.18.mlp.up_proj.weight :: rtn4
2026-08-16 23:56:54 FIT model.layers.18.mlp.down_proj.weight :: seed_only bpw=4.0000 rel_err=0.1260 t=55.61s [661/980] ETA=0.91h
2026-08-16 23:56:56 FIT model.layers.18.mlp.down_proj.weight :: awq_p0.5 bpw=4.2400 rel_err=0.1245 t=2.20s [662/980] ETA=0.90h
2026-08-16 23:57:00 FIT model.layers.18.mlp.down_proj.weight :: awq_p1.0 bpw=4.4800 rel_err=0.1233 t=4.30s [663/980] ETA=0.90h
2026-08-16 23:57:09 FIT model.layers.18.mlp.down_proj.weight :: awq_p2.0 bpw=4.9600 rel_err=0.1211 t=8.26s [664/980] ETA=0.90h
2026-08-16 23:57:09 SKIP cached model.layers.18.mlp.down_proj.weight :: rtn4
2026-08-16 23:57:28 FIT model.layers.19.self_attn.q_proj.weight :: seed_only bpw=4.0000 rel_err=0.1258 t=18.55s [666/980] ETA=0.89h
2026-08-16 23:57:28 FIT model.layers.19.self_attn.q_proj.weight :: awq_p0.5 bpw=4.2400 rel_err=0.1229 t=0.72s [667/980] ETA=0.89h
2026-08-16 23:57:30 FIT model.layers.19.self_attn.q_proj.weight :: awq_p1.0 bpw=4.4800 rel_err=0.1184 t=1.33s [668/980] ETA=0.88h
2026-08-16 23:57:32 FIT model.layers.19.self_attn.q_proj.weight :: awq_p2.0 bpw=4.9600 rel_err=0.1106 t=2.34s [669/980] ETA=0.88h
2026-08-16 23:57:32 SKIP cached model.layers.19.self_attn.q_proj.weight :: rtn4
2026-08-16 23:57:42 FIT model.layers.19.self_attn.k_proj.weight :: seed_only bpw=4.0000 rel_err=0.1257 t=9.29s [671/980] ETA=0.87h
2026-08-16 23:57:42 FIT model.layers.19.self_attn.k_proj.weight :: awq_p0.5 bpw=4.2400 rel_err=0.1234 t=0.38s [672/980] ETA=0.87h
2026-08-16 23:57:43 FIT model.layers.19.self_attn.k_proj.weight :: awq_p1.0 bpw=4.4800 rel_err=0.1218 t=0.72s [673/980] ETA=0.87h
2026-08-16 23:57:44 FIT model.layers.19.self_attn.k_proj.weight :: awq_p2.0 bpw=4.9600 rel_err=0.1178 t=1.37s [674/980] ETA=0.86h
2026-08-16 23:57:45 SKIP cached model.layers.19.self_attn.k_proj.weight :: rtn4
2026-08-16 23:57:54 FIT model.layers.19.self_attn.v_proj.weight :: seed_only bpw=4.0000 rel_err=0.1268 t=9.29s [676/980] ETA=0.86h
2026-08-16 23:57:55 FIT model.layers.19.self_attn.v_proj.weight :: awq_p0.5 bpw=4.2400 rel_err=0.1240 t=0.38s [677/980] ETA=0.85h
2026-08-16 23:57:55 FIT model.layers.19.self_attn.v_proj.weight :: awq_p1.0 bpw=4.4800 rel_err=0.1214 t=0.73s [678/980] ETA=0.85h
2026-08-16 23:57:57 FIT model.layers.19.self_attn.v_proj.weight :: awq_p2.0 bpw=4.9600 rel_err=0.1169 t=1.39s [679/980] ETA=0.84h
2026-08-16 23:57:57 SKIP cached model.layers.19.self_attn.v_proj.weight :: rtn4
2026-08-16 23:58:16 FIT model.layers.19.self_attn.o_proj.weight :: seed_only bpw=4.0000 rel_err=0.1253 t=18.55s [681/980] ETA=0.84h
2026-08-16 23:58:16 FIT model.layers.19.self_attn.o_proj.weight :: awq_p0.5 bpw=4.2400 rel_err=0.1229 t=0.67s [682/980] ETA=0.83h
2026-08-16 23:58:18 FIT model.layers.19.self_attn.o_proj.weight :: awq_p1.0 bpw=4.4800 rel_err=0.1213 t=1.26s [683/980] ETA=0.83h
2026-08-16 23:58:20 FIT model.layers.19.self_attn.o_proj.weight :: awq_p2.0 bpw=4.9600 rel_err=0.1184 t=2.32s [684/980] ETA=0.83h
2026-08-16 23:58:20 SKIP cached model.layers.19.self_attn.o_proj.weight :: rtn4
2026-08-16 23:59:16 FIT model.layers.19.mlp.gate_proj.weight :: seed_only bpw=4.0000 rel_err=0.1261 t=55.61s [686/980] ETA=0.83h
2026-08-16 23:59:19 FIT model.layers.19.mlp.gate_proj.weight :: awq_p0.5 bpw=4.2400 rel_err=0.1225 t=2.16s [687/980] ETA=0.82h
2026-08-16 23:59:23 FIT model.layers.19.mlp.gate_proj.weight :: awq_p1.0 bpw=4.4800 rel_err=0.1201 t=4.19s [688/980] ETA=0.82h
2026-08-16 23:59:31 FIT model.layers.19.mlp.gate_proj.weight :: awq_p2.0 bpw=4.9600 rel_err=0.1156 t=8.00s [689/980] ETA=0.82h
2026-08-16 23:59:31 SKIP cached model.layers.19.mlp.gate_proj.weight :: rtn4
2026-08-17 00:00:27 FIT model.layers.19.mlp.up_proj.weight :: seed_only bpw=4.0000 rel_err=0.1259 t=55.62s [691/980] ETA=0.82h
2026-08-17 00:00:30 FIT model.layers.19.mlp.up_proj.weight :: awq_p0.5 bpw=4.2400 rel_err=0.1233 t=2.16s [692/980] ETA=0.81h
2026-08-17 00:00:34 FIT model.layers.19.mlp.up_proj.weight :: awq_p1.0 bpw=4.4800 rel_err=0.1209 t=4.22s [693/980] ETA=0.81h
2026-08-17 00:00:43 FIT model.layers.19.mlp.up_proj.weight :: awq_p2.0 bpw=4.9600 rel_err=0.1165 t=8.11s [694/980] ETA=0.81h
2026-08-17 00:00:43 SKIP cached model.layers.19.mlp.up_proj.weight :: rtn4
2026-08-17 00:01:39 FIT model.layers.19.mlp.down_proj.weight :: seed_only bpw=4.0000 rel_err=0.1262 t=55.61s [696/980] ETA=0.81h
2026-08-17 00:01:41 FIT model.layers.19.mlp.down_proj.weight :: awq_p0.5 bpw=4.2400 rel_err=0.1245 t=2.20s [697/980] ETA=0.80h
2026-08-17 00:01:46 FIT model.layers.19.mlp.down_proj.weight :: awq_p1.0 bpw=4.4800 rel_err=0.1234 t=4.32s [698/980] ETA=0.80h
2026-08-17 00:01:54 FIT model.layers.19.mlp.down_proj.weight :: awq_p2.0 bpw=4.9600 rel_err=0.1213 t=8.31s [699/980] ETA=0.80h
2026-08-17 00:01:54 SKIP cached model.layers.19.mlp.down_proj.weight :: rtn4
2026-08-17 00:02:13 FIT model.layers.20.self_attn.q_proj.weight :: seed_only bpw=4.0000 rel_err=0.1262 t=18.55s [701/980] ETA=0.79h
2026-08-17 00:02:14 FIT model.layers.20.self_attn.q_proj.weight :: awq_p0.5 bpw=4.2400 rel_err=0.1234 t=0.72s [702/980] ETA=0.79h
2026-08-17 00:02:15 FIT model.layers.20.self_attn.q_proj.weight :: awq_p1.0 bpw=4.4800 rel_err=0.1194 t=1.34s [703/980] ETA=0.78h
2026-08-17 00:02:18 FIT model.layers.20.self_attn.q_proj.weight :: awq_p2.0 bpw=4.9600 rel_err=0.1122 t=2.36s [704/980] ETA=0.78h
2026-08-17 00:02:18 SKIP cached model.layers.20.self_attn.q_proj.weight :: rtn4
2026-08-17 00:02:27 FIT model.layers.20.self_attn.k_proj.weight :: seed_only bpw=4.0000 rel_err=0.1262 t=9.29s [706/980] ETA=0.77h
2026-08-17 00:02:28 FIT model.layers.20.self_attn.k_proj.weight :: awq_p0.5 bpw=4.2400 rel_err=0.1234 t=0.38s [707/980] ETA=0.77h
2026-08-17 00:02:28 FIT model.layers.20.self_attn.k_proj.weight :: awq_p1.0 bpw=4.4800 rel_err=0.1217 t=0.72s [708/980] ETA=0.77h
2026-08-17 00:02:30 FIT model.layers.20.self_attn.k_proj.weight :: awq_p2.0 bpw=4.9600 rel_err=0.1182 t=1.36s [709/980] ETA=0.76h
2026-08-17 00:02:30 SKIP cached model.layers.20.self_attn.k_proj.weight :: rtn4
2026-08-17 00:02:39 FIT model.layers.20.self_attn.v_proj.weight :: seed_only bpw=4.0000 rel_err=0.1272 t=9.29s [711/980] ETA=0.76h
2026-08-17 00:02:40 FIT model.layers.20.self_attn.v_proj.weight :: awq_p0.5 bpw=4.2400 rel_err=0.1232 t=0.38s [712/980] ETA=0.75h
2026-08-17 00:02:41 FIT model.layers.20.self_attn.v_proj.weight :: awq_p1.0 bpw=4.4800 rel_err=0.1205 t=0.73s [713/980] ETA=0.75h
2026-08-17 00:02:42 FIT model.layers.20.self_attn.v_proj.weight :: awq_p2.0 bpw=4.9600 rel_err=0.1163 t=1.40s [714/980] ETA=0.75h
2026-08-17 00:02:42 SKIP cached model.layers.20.self_attn.v_proj.weight :: rtn4
2026-08-17 00:03:01 FIT model.layers.20.self_attn.o_proj.weight :: seed_only bpw=4.0000 rel_err=0.1252 t=18.55s [716/980] ETA=0.74h
2026-08-17 00:03:02 FIT model.layers.20.self_attn.o_proj.weight :: awq_p0.5 bpw=4.2400 rel_err=0.1225 t=0.69s [717/980] ETA=0.74h
2026-08-17 00:03:03 FIT model.layers.20.self_attn.o_proj.weight :: awq_p1.0 bpw=4.4800 rel_err=0.1207 t=1.34s [718/980] ETA=0.73h
2026-08-17 00:03:06 FIT model.layers.20.self_attn.o_proj.weight :: awq_p2.0 bpw=4.9600 rel_err=0.1176 t=2.53s [719/980] ETA=0.73h
2026-08-17 00:03:06 SKIP cached model.layers.20.self_attn.o_proj.weight :: rtn4
2026-08-17 00:04:02 FIT model.layers.20.mlp.gate_proj.weight :: seed_only bpw=4.0000 rel_err=0.1258 t=55.61s [721/980] ETA=0.73h
2026-08-17 00:04:04 FIT model.layers.20.mlp.gate_proj.weight :: awq_p0.5 bpw=4.2400 rel_err=0.1228 t=2.18s [722/980] ETA=0.73h
2026-08-17 00:04:09 FIT model.layers.20.mlp.gate_proj.weight :: awq_p1.0 bpw=4.4800 rel_err=0.1204 t=4.23s [723/980] ETA=0.72h
2026-08-17 00:04:17 FIT model.layers.20.mlp.gate_proj.weight :: awq_p2.0 bpw=4.9600 rel_err=0.1160 t=8.08s [724/980] ETA=0.72h
2026-08-17 00:04:17 SKIP cached model.layers.20.mlp.gate_proj.weight :: rtn4
2026-08-17 00:05:13 FIT model.layers.20.mlp.up_proj.weight :: seed_only bpw=4.0000 rel_err=0.1256 t=55.60s [726/980] ETA=0.72h
2026-08-17 00:05:16 FIT model.layers.20.mlp.up_proj.weight :: awq_p0.5 bpw=4.2400 rel_err=0.1231 t=2.18s [727/980] ETA=0.72h
2026-08-17 00:05:20 FIT model.layers.20.mlp.up_proj.weight :: awq_p1.0 bpw=4.4800 rel_err=0.1209 t=4.26s [728/980] ETA=0.71h
2026-08-17 00:05:28 FIT model.layers.20.mlp.up_proj.weight :: awq_p2.0 bpw=4.9600 rel_err=0.1166 t=8.16s [729/980] ETA=0.71h
2026-08-17 00:05:29 SKIP cached model.layers.20.mlp.up_proj.weight :: rtn4
2026-08-17 00:06:25 FIT model.layers.20.mlp.down_proj.weight :: seed_only bpw=4.0000 rel_err=0.1259 t=55.61s [731/980] ETA=0.71h
2026-08-17 00:06:27 FIT model.layers.20.mlp.down_proj.weight :: awq_p0.5 bpw=4.2400 rel_err=0.1244 t=2.19s [732/980] ETA=0.70h
2026-08-17 00:06:31 FIT model.layers.20.mlp.down_proj.weight :: awq_p1.0 bpw=4.4800 rel_err=0.1232 t=4.27s [733/980] ETA=0.70h
2026-08-17 00:06:40 FIT model.layers.20.mlp.down_proj.weight :: awq_p2.0 bpw=4.9600 rel_err=0.1210 t=8.26s [734/980] ETA=0.70h
2026-08-17 00:06:40 SKIP cached model.layers.20.mlp.down_proj.weight :: rtn4
2026-08-17 00:06:59 FIT model.layers.21.self_attn.q_proj.weight :: seed_only bpw=4.0000 rel_err=0.1259 t=18.55s [736/980] ETA=0.69h
2026-08-17 00:07:00 FIT model.layers.21.self_attn.q_proj.weight :: awq_p0.5 bpw=4.2400 rel_err=0.1237 t=0.73s [737/980] ETA=0.69h
2026-08-17 00:07:01 FIT model.layers.21.self_attn.q_proj.weight :: awq_p1.0 bpw=4.4800 rel_err=0.1204 t=1.38s [738/980] ETA=0.69h
2026-08-17 00:07:04 FIT model.layers.21.self_attn.q_proj.weight :: awq_p2.0 bpw=4.9600 rel_err=0.1139 t=2.48s [739/980] ETA=0.68h
2026-08-17 00:07:04 SKIP cached model.layers.21.self_attn.q_proj.weight :: rtn4
2026-08-17 00:07:13 FIT model.layers.21.self_attn.k_proj.weight :: seed_only bpw=4.0000 rel_err=0.1259 t=9.29s [741/980] ETA=0.68h
2026-08-17 00:07:14 FIT model.layers.21.self_attn.k_proj.weight :: awq_p0.5 bpw=4.2400 rel_err=0.1236 t=0.38s [742/980] ETA=0.67h
2026-08-17 00:07:15 FIT model.layers.21.self_attn.k_proj.weight :: awq_p1.0 bpw=4.4800 rel_err=0.1219 t=0.72s [743/980] ETA=0.67h
2026-08-17 00:07:16 FIT model.layers.21.self_attn.k_proj.weight :: awq_p2.0 bpw=4.9600 rel_err=0.1177 t=1.36s [744/980] ETA=0.66h
2026-08-17 00:07:16 SKIP cached model.layers.21.self_attn.k_proj.weight :: rtn4
2026-08-17 00:07:26 FIT model.layers.21.self_attn.v_proj.weight :: seed_only bpw=4.0000 rel_err=0.1271 t=9.29s [746/980] ETA=0.66h
2026-08-17 00:07:26 FIT model.layers.21.self_attn.v_proj.weight :: awq_p0.5 bpw=4.2400 rel_err=0.1235 t=0.38s [747/980] ETA=0.66h
2026-08-17 00:07:27 FIT model.layers.21.self_attn.v_proj.weight :: awq_p1.0 bpw=4.4800 rel_err=0.1204 t=0.73s [748/980] ETA=0.65h
2026-08-17 00:07:28 FIT model.layers.21.self_attn.v_proj.weight :: awq_p2.0 bpw=4.9600 rel_err=0.1152 t=1.35s [749/980] ETA=0.65h
2026-08-17 00:07:29 SKIP cached model.layers.21.self_attn.v_proj.weight :: rtn4
2026-08-17 00:07:47 FIT model.layers.21.self_attn.o_proj.weight :: seed_only bpw=4.0000 rel_err=0.1252 t=18.55s [751/980] ETA=0.64h
2026-08-17 00:07:48 FIT model.layers.21.self_attn.o_proj.weight :: awq_p0.5 bpw=4.2400 rel_err=0.1231 t=0.65s [752/980] ETA=0.64h
2026-08-17 00:07:49 FIT model.layers.21.self_attn.o_proj.weight :: awq_p1.0 bpw=4.4800 rel_err=0.1214 t=1.18s [753/980] ETA=0.64h
2026-08-17 00:07:52 FIT model.layers.21.self_attn.o_proj.weight :: awq_p2.0 bpw=4.9600 rel_err=0.1180 t=2.17s [754/980] ETA=0.63h
2026-08-17 00:07:52 SKIP cached model.layers.21.self_attn.o_proj.weight :: rtn4
2026-08-17 00:08:48 FIT model.layers.21.mlp.gate_proj.weight :: seed_only bpw=4.0000 rel_err=0.1254 t=55.61s [756/980] ETA=0.63h
2026-08-17 00:08:50 FIT model.layers.21.mlp.gate_proj.weight :: awq_p0.5 bpw=4.2400 rel_err=0.1232 t=2.20s [757/980] ETA=0.63h
2026-08-17 00:08:54 FIT model.layers.21.mlp.gate_proj.weight :: awq_p1.0 bpw=4.4800 rel_err=0.1208 t=4.29s [758/980] ETA=0.62h
2026-08-17 00:09:03 FIT model.layers.21.mlp.gate_proj.weight :: awq_p2.0 bpw=4.9600 rel_err=0.1162 t=8.20s [759/980] ETA=0.62h
2026-08-17 00:09:03 SKIP cached model.layers.21.mlp.gate_proj.weight :: rtn4
2026-08-17 00:09:59 FIT model.layers.21.mlp.up_proj.weight :: seed_only bpw=4.0000 rel_err=0.1254 t=55.61s [761/980] ETA=0.62h
2026-08-17 00:10:02 FIT model.layers.21.mlp.up_proj.weight :: awq_p0.5 bpw=4.2400 rel_err=0.1231 t=2.19s [762/980] ETA=0.62h
2026-08-17 00:10:06 FIT model.layers.21.mlp.up_proj.weight :: awq_p1.0 bpw=4.4800 rel_err=0.1208 t=4.28s [763/980] ETA=0.61h
2026-08-17 00:10:14 FIT model.layers.21.mlp.up_proj.weight :: awq_p2.0 bpw=4.9600 rel_err=0.1164 t=8.21s [764/980] ETA=0.61h
2026-08-17 00:10:15 SKIP cached model.layers.21.mlp.up_proj.weight :: rtn4
2026-08-17 00:11:11 FIT model.layers.21.mlp.down_proj.weight :: seed_only bpw=4.0000 rel_err=0.1255 t=55.61s [766/980] ETA=0.61h
2026-08-17 00:11:13 FIT model.layers.21.mlp.down_proj.weight :: awq_p0.5 bpw=4.2400 rel_err=0.1243 t=2.19s [767/980] ETA=0.61h
2026-08-17 00:11:17 FIT model.layers.21.mlp.down_proj.weight :: awq_p1.0 bpw=4.4800 rel_err=0.1233 t=4.26s [768/980] ETA=0.60h
2026-08-17 00:11:26 FIT model.layers.21.mlp.down_proj.weight :: awq_p2.0 bpw=4.9600 rel_err=0.1213 t=8.18s [769/980] ETA=0.60h
2026-08-17 00:11:26 SKIP cached model.layers.21.mlp.down_proj.weight :: rtn4
2026-08-17 00:11:45 FIT model.layers.22.self_attn.q_proj.weight :: seed_only bpw=4.0000 rel_err=0.1261 t=18.55s [771/980] ETA=0.59h
2026-08-17 00:11:46 FIT model.layers.22.self_attn.q_proj.weight :: awq_p0.5 bpw=4.2400 rel_err=0.1241 t=0.73s [772/980] ETA=0.59h
2026-08-17 00:11:47 FIT model.layers.22.self_attn.q_proj.weight :: awq_p1.0 bpw=4.4800 rel_err=0.1211 t=1.38s [773/980] ETA=0.59h
2026-08-17 00:11:50 FIT model.layers.22.self_attn.q_proj.weight :: awq_p2.0 bpw=4.9600 rel_err=0.1150 t=2.48s [774/980] ETA=0.58h
2026-08-17 00:11:50 SKIP cached model.layers.22.self_attn.q_proj.weight :: rtn4
2026-08-17 00:11:59 FIT model.layers.22.self_attn.k_proj.weight :: seed_only bpw=4.0000 rel_err=0.1258 t=9.29s [776/980] ETA=0.58h
2026-08-17 00:12:00 FIT model.layers.22.self_attn.k_proj.weight :: awq_p0.5 bpw=4.2400 rel_err=0.1239 t=0.38s [777/980] ETA=0.57h
2026-08-17 00:12:01 FIT model.layers.22.self_attn.k_proj.weight :: awq_p1.0 bpw=4.4800 rel_err=0.1223 t=0.72s [778/980] ETA=0.57h
2026-08-17 00:12:02 FIT model.layers.22.self_attn.k_proj.weight :: awq_p2.0 bpw=4.9600 rel_err=0.1183 t=1.37s [779/980] ETA=0.57h
2026-08-17 00:12:02 SKIP cached model.layers.22.self_attn.k_proj.weight :: rtn4
2026-08-17 00:12:12 FIT model.layers.22.self_attn.v_proj.weight :: seed_only bpw=4.0000 rel_err=0.1268 t=9.29s [781/980] ETA=0.56h
2026-08-17 00:12:12 FIT model.layers.22.self_attn.v_proj.weight :: awq_p0.5 bpw=4.2400 rel_err=0.1232 t=0.38s [782/980] ETA=0.56h
2026-08-17 00:12:13 FIT model.layers.22.self_attn.v_proj.weight :: awq_p1.0 bpw=4.4800 rel_err=0.1212 t=0.73s [783/980] ETA=0.55h
2026-08-17 00:12:14 FIT model.layers.22.self_attn.v_proj.weight :: awq_p2.0 bpw=4.9600 rel_err=0.1177 t=1.39s [784/980] ETA=0.55h
2026-08-17 00:12:14 SKIP cached model.layers.22.self_attn.v_proj.weight :: rtn4
2026-08-17 00:12:33 FIT model.layers.22.self_attn.o_proj.weight :: seed_only bpw=4.0000 rel_err=0.1250 t=18.55s [786/980] ETA=0.54h
2026-08-17 00:12:34 FIT model.layers.22.self_attn.o_proj.weight :: awq_p0.5 bpw=4.2400 rel_err=0.1230 t=0.64s [787/980] ETA=0.54h
2026-08-17 00:12:35 FIT model.layers.22.self_attn.o_proj.weight :: awq_p1.0 bpw=4.4800 rel_err=0.1213 t=1.18s [788/980] ETA=0.54h
2026-08-17 00:12:37 FIT model.layers.22.self_attn.o_proj.weight :: awq_p2.0 bpw=4.9600 rel_err=0.1182 t=2.18s [789/980] ETA=0.53h
2026-08-17 00:12:38 SKIP cached model.layers.22.self_attn.o_proj.weight :: rtn4
2026-08-17 00:13:34 FIT model.layers.22.mlp.gate_proj.weight :: seed_only bpw=4.0000 rel_err=0.1252 t=55.61s [791/980] ETA=0.53h
2026-08-17 00:13:36 FIT model.layers.22.mlp.gate_proj.weight :: awq_p0.5 bpw=4.2400 rel_err=0.1232 t=2.22s [792/980] ETA=0.53h
2026-08-17 00:13:40 FIT model.layers.22.mlp.gate_proj.weight :: awq_p1.0 bpw=4.4800 rel_err=0.1210 t=4.32s [793/980] ETA=0.53h
2026-08-17 00:13:49 FIT model.layers.22.mlp.gate_proj.weight :: awq_p2.0 bpw=4.9600 rel_err=0.1166 t=8.26s [794/980] ETA=0.52h
2026-08-17 00:13:49 SKIP cached model.layers.22.mlp.gate_proj.weight :: rtn4
2026-08-17 00:14:45 FIT model.layers.22.mlp.up_proj.weight :: seed_only bpw=4.0000 rel_err=0.1253 t=55.61s [796/980] ETA=0.52h
2026-08-17 00:14:47 FIT model.layers.22.mlp.up_proj.weight :: awq_p0.5 bpw=4.2400 rel_err=0.1231 t=2.20s [797/980] ETA=0.52h
2026-08-17 00:14:52 FIT model.layers.22.mlp.up_proj.weight :: awq_p1.0 bpw=4.4800 rel_err=0.1208 t=4.29s [798/980] ETA=0.51h
2026-08-17 00:15:00 FIT model.layers.22.mlp.up_proj.weight :: awq_p2.0 bpw=4.9600 rel_err=0.1165 t=8.24s [799/980] ETA=0.51h
2026-08-17 00:15:00 SKIP cached model.layers.22.mlp.up_proj.weight :: rtn4
2026-08-17 00:15:56 FIT model.layers.22.mlp.down_proj.weight :: seed_only bpw=4.0000 rel_err=0.1252 t=55.61s [801/980] ETA=0.51h
2026-08-17 00:15:59 FIT model.layers.22.mlp.down_proj.weight :: awq_p0.5 bpw=4.2400 rel_err=0.1240 t=2.21s [802/980] ETA=0.51h
2026-08-17 00:16:03 FIT model.layers.22.mlp.down_proj.weight :: awq_p1.0 bpw=4.4800 rel_err=0.1230 t=4.32s [803/980] ETA=0.50h
2026-08-17 00:16:12 FIT model.layers.22.mlp.down_proj.weight :: awq_p2.0 bpw=4.9600 rel_err=0.1211 t=8.30s [804/980] ETA=0.50h
2026-08-17 00:16:12 SKIP cached model.layers.22.mlp.down_proj.weight :: rtn4
2026-08-17 00:16:31 FIT model.layers.23.self_attn.q_proj.weight :: seed_only bpw=4.0000 rel_err=0.1260 t=18.55s [806/980] ETA=0.49h
2026-08-17 00:16:32 FIT model.layers.23.self_attn.q_proj.weight :: awq_p0.5 bpw=4.2400 rel_err=0.1232 t=0.73s [807/980] ETA=0.49h
2026-08-17 00:16:33 FIT model.layers.23.self_attn.q_proj.weight :: awq_p1.0 bpw=4.4800 rel_err=0.1205 t=1.37s [808/980] ETA=0.49h
2026-08-17 00:16:36 FIT model.layers.23.self_attn.q_proj.weight :: awq_p2.0 bpw=4.9600 rel_err=0.1157 t=2.54s [809/980] ETA=0.48h
2026-08-17 00:16:36 SKIP cached model.layers.23.self_attn.q_proj.weight :: rtn4
2026-08-17 00:16:45 FIT model.layers.23.self_attn.k_proj.weight :: seed_only bpw=4.0000 rel_err=0.1261 t=9.29s [811/980] ETA=0.48h
2026-08-17 00:16:46 FIT model.layers.23.self_attn.k_proj.weight :: awq_p0.5 bpw=4.2400 rel_err=0.1230 t=0.38s [812/980] ETA=0.47h
2026-08-17 00:16:46 FIT model.layers.23.self_attn.k_proj.weight :: awq_p1.0 bpw=4.4800 rel_err=0.1214 t=0.72s [813/980] ETA=0.47h
2026-08-17 00:16:48 FIT model.layers.23.self_attn.k_proj.weight :: awq_p2.0 bpw=4.9600 rel_err=0.1182 t=1.37s [814/980] ETA=0.47h
2026-08-17 00:16:48 SKIP cached model.layers.23.self_attn.k_proj.weight :: rtn4
2026-08-17 00:16:57 FIT model.layers.23.self_attn.v_proj.weight :: seed_only bpw=4.0000 rel_err=0.1271 t=9.29s [816/980] ETA=0.46h
2026-08-17 00:16:58 FIT model.layers.23.self_attn.v_proj.weight :: awq_p0.5 bpw=4.2400 rel_err=0.1230 t=0.38s [817/980] ETA=0.46h
2026-08-17 00:16:59 FIT model.layers.23.self_attn.v_proj.weight :: awq_p1.0 bpw=4.4800 rel_err=0.1211 t=0.72s [818/980] ETA=0.46h
2026-08-17 00:17:00 FIT model.layers.23.self_attn.v_proj.weight :: awq_p2.0 bpw=4.9600 rel_err=0.1179 t=1.37s [819/980] ETA=0.45h
2026-08-17 00:17:00 SKIP cached model.layers.23.self_attn.v_proj.weight :: rtn4
2026-08-17 00:17:19 FIT model.layers.23.self_attn.o_proj.weight :: seed_only bpw=4.0000 rel_err=0.1250 t=18.55s [821/980] ETA=0.45h
2026-08-17 00:17:20 FIT model.layers.23.self_attn.o_proj.weight :: awq_p0.5 bpw=4.2400 rel_err=0.1232 t=0.66s [822/980] ETA=0.44h
2026-08-17 00:17:21 FIT model.layers.23.self_attn.o_proj.weight :: awq_p1.0 bpw=4.4800 rel_err=0.1217 t=1.24s [823/980] ETA=0.44h
2026-08-17 00:17:23 FIT model.layers.23.self_attn.o_proj.weight :: awq_p2.0 bpw=4.9600 rel_err=0.1190 t=2.28s [824/980] ETA=0.44h
2026-08-17 00:17:23 SKIP cached model.layers.23.self_attn.o_proj.weight :: rtn4
2026-08-17 00:18:19 FIT model.layers.23.mlp.gate_proj.weight :: seed_only bpw=4.0000 rel_err=0.1250 t=55.60s [826/980] ETA=0.43h
2026-08-17 00:18:22 FIT model.layers.23.mlp.gate_proj.weight :: awq_p0.5 bpw=4.2400 rel_err=0.1232 t=2.23s [827/980] ETA=0.43h
2026-08-17 00:18:26 FIT model.layers.23.mlp.gate_proj.weight :: awq_p1.0 bpw=4.4800 rel_err=0.1211 t=4.34s [828/980] ETA=0.43h
2026-08-17 00:18:35 FIT model.layers.23.mlp.gate_proj.weight :: awq_p2.0 bpw=4.9600 rel_err=0.1168 t=8.29s [829/980] ETA=0.42h
2026-08-17 00:18:35 SKIP cached model.layers.23.mlp.gate_proj.weight :: rtn4
2026-08-17 00:19:31 FIT model.layers.23.mlp.up_proj.weight :: seed_only bpw=4.0000 rel_err=0.1251 t=55.61s [831/980] ETA=0.42h
2026-08-17 00:19:33 FIT model.layers.23.mlp.up_proj.weight :: awq_p0.5 bpw=4.2400 rel_err=0.1231 t=2.21s [832/980] ETA=0.42h
2026-08-17 00:19:37 FIT model.layers.23.mlp.up_proj.weight :: awq_p1.0 bpw=4.4800 rel_err=0.1208 t=4.30s [833/980] ETA=0.42h
2026-08-17 00:19:46 FIT model.layers.23.mlp.up_proj.weight :: awq_p2.0 bpw=4.9600 rel_err=0.1165 t=8.26s [834/980] ETA=0.41h
2026-08-17 00:19:46 SKIP cached model.layers.23.mlp.up_proj.weight :: rtn4
2026-08-17 00:20:42 FIT model.layers.23.mlp.down_proj.weight :: seed_only bpw=4.0000 rel_err=0.1252 t=55.61s [836/980] ETA=0.41h
2026-08-17 00:20:45 FIT model.layers.23.mlp.down_proj.weight :: awq_p0.5 bpw=4.2400 rel_err=0.1239 t=2.19s [837/980] ETA=0.41h
2026-08-17 00:20:49 FIT model.layers.23.mlp.down_proj.weight :: awq_p1.0 bpw=4.4800 rel_err=0.1229 t=4.27s [838/980] ETA=0.40h
2026-08-17 00:20:57 FIT model.layers.23.mlp.down_proj.weight :: awq_p2.0 bpw=4.9600 rel_err=0.1209 t=8.20s [839/980] ETA=0.40h
2026-08-17 00:20:58 SKIP cached model.layers.23.mlp.down_proj.weight :: rtn4
2026-08-17 00:21:16 FIT model.layers.24.self_attn.q_proj.weight :: seed_only bpw=4.0000 rel_err=0.1261 t=18.55s [841/980] ETA=0.39h
2026-08-17 00:21:17 FIT model.layers.24.self_attn.q_proj.weight :: awq_p0.5 bpw=4.2400 rel_err=0.1232 t=0.73s [842/980] ETA=0.39h
2026-08-17 00:21:19 FIT model.layers.24.self_attn.q_proj.weight :: awq_p1.0 bpw=4.4800 rel_err=0.1206 t=1.39s [843/980] ETA=0.39h
2026-08-17 00:21:21 FIT model.layers.24.self_attn.q_proj.weight :: awq_p2.0 bpw=4.9600 rel_err=0.1153 t=2.57s [844/980] ETA=0.38h
2026-08-17 00:21:21 SKIP cached model.layers.24.self_attn.q_proj.weight :: rtn4
2026-08-17 00:21:31 FIT model.layers.24.self_attn.k_proj.weight :: seed_only bpw=4.0000 rel_err=0.1261 t=9.29s [846/980] ETA=0.38h
2026-08-17 00:21:31 FIT model.layers.24.self_attn.k_proj.weight :: awq_p0.5 bpw=4.2400 rel_err=0.1231 t=0.38s [847/980] ETA=0.38h
2026-08-17 00:21:32 FIT model.layers.24.self_attn.k_proj.weight :: awq_p1.0 bpw=4.4800 rel_err=0.1216 t=0.72s [848/980] ETA=0.37h
2026-08-17 00:21:33 FIT model.layers.24.self_attn.k_proj.weight :: awq_p2.0 bpw=4.9600 rel_err=0.1186 t=1.38s [849/980] ETA=0.37h
2026-08-17 00:21:34 SKIP cached model.layers.24.self_attn.k_proj.weight :: rtn4
2026-08-17 00:21:43 FIT model.layers.24.self_attn.v_proj.weight :: seed_only bpw=4.0000 rel_err=0.1268 t=9.29s [851/980] ETA=0.36h
2026-08-17 00:21:44 FIT model.layers.24.self_attn.v_proj.weight :: awq_p0.5 bpw=4.2400 rel_err=0.1235 t=0.38s [852/980] ETA=0.36h
2026-08-17 00:21:44 FIT model.layers.24.self_attn.v_proj.weight :: awq_p1.0 bpw=4.4800 rel_err=0.1219 t=0.73s [853/980] ETA=0.36h
2026-08-17 00:21:46 FIT model.layers.24.self_attn.v_proj.weight :: awq_p2.0 bpw=4.9600 rel_err=0.1193 t=1.38s [854/980] ETA=0.35h
2026-08-17 00:21:46 SKIP cached model.layers.24.self_attn.v_proj.weight :: rtn4
2026-08-17 00:22:05 FIT model.layers.24.self_attn.o_proj.weight :: seed_only bpw=4.0000 rel_err=0.1252 t=18.55s [856/980] ETA=0.35h
2026-08-17 00:22:05 FIT model.layers.24.self_attn.o_proj.weight :: awq_p0.5 bpw=4.2400 rel_err=0.1233 t=0.68s [857/980] ETA=0.35h
2026-08-17 00:22:07 FIT model.layers.24.self_attn.o_proj.weight :: awq_p1.0 bpw=4.4800 rel_err=0.1220 t=1.24s [858/980] ETA=0.34h
2026-08-17 00:22:09 FIT model.layers.24.self_attn.o_proj.weight :: awq_p2.0 bpw=4.9600 rel_err=0.1197 t=2.17s [859/980] ETA=0.34h
2026-08-17 00:22:09 SKIP cached model.layers.24.self_attn.o_proj.weight :: rtn4
2026-08-17 00:23:05 FIT model.layers.24.mlp.gate_proj.weight :: seed_only bpw=4.0000 rel_err=0.1250 t=55.61s [861/980] ETA=0.34h
2026-08-17 00:23:08 FIT model.layers.24.mlp.gate_proj.weight :: awq_p0.5 bpw=4.2400 rel_err=0.1232 t=2.23s [862/980] ETA=0.33h
2026-08-17 00:23:12 FIT model.layers.24.mlp.gate_proj.weight :: awq_p1.0 bpw=4.4800 rel_err=0.1213 t=4.35s [863/980] ETA=0.33h
2026-08-17 00:23:21 FIT model.layers.24.mlp.gate_proj.weight :: awq_p2.0 bpw=4.9600 rel_err=0.1173 t=8.35s [864/980] ETA=0.33h
2026-08-17 00:23:21 SKIP cached model.layers.24.mlp.gate_proj.weight :: rtn4
2026-08-17 00:24:17 FIT model.layers.24.mlp.up_proj.weight :: seed_only bpw=4.0000 rel_err=0.1251 t=55.61s [866/980] ETA=0.32h
2026-08-17 00:24:19 FIT model.layers.24.mlp.up_proj.weight :: awq_p0.5 bpw=4.2400 rel_err=0.1231 t=2.22s [867/980] ETA=0.32h
2026-08-17 00:24:24 FIT model.layers.24.mlp.up_proj.weight :: awq_p1.0 bpw=4.4800 rel_err=0.1210 t=4.33s [868/980] ETA=0.32h
2026-08-17 00:24:32 FIT model.layers.24.mlp.up_proj.weight :: awq_p2.0 bpw=4.9600 rel_err=0.1170 t=8.32s [869/980] ETA=0.31h
2026-08-17 00:24:32 SKIP cached model.layers.24.mlp.up_proj.weight :: rtn4
2026-08-17 00:25:28 FIT model.layers.24.mlp.down_proj.weight :: seed_only bpw=4.0000 rel_err=0.1251 t=55.61s [871/980] ETA=0.31h
2026-08-17 00:25:31 FIT model.layers.24.mlp.down_proj.weight :: awq_p0.5 bpw=4.2400 rel_err=0.1240 t=2.21s [872/980] ETA=0.31h
2026-08-17 00:25:35 FIT model.layers.24.mlp.down_proj.weight :: awq_p1.0 bpw=4.4800 rel_err=0.1229 t=4.33s [873/980] ETA=0.30h
2026-08-17 00:25:44 FIT model.layers.24.mlp.down_proj.weight :: awq_p2.0 bpw=4.9600 rel_err=0.1209 t=8.30s [874/980] ETA=0.30h
2026-08-17 00:25:44 SKIP cached model.layers.24.mlp.down_proj.weight :: rtn4
2026-08-17 00:26:03 FIT model.layers.25.self_attn.q_proj.weight :: seed_only bpw=4.0000 rel_err=0.1263 t=18.55s [876/980] ETA=0.30h
2026-08-17 00:26:04 FIT model.layers.25.self_attn.q_proj.weight :: awq_p0.5 bpw=4.2400 rel_err=0.1233 t=0.73s [877/980] ETA=0.29h
2026-08-17 00:26:05 FIT model.layers.25.self_attn.q_proj.weight :: awq_p1.0 bpw=4.4800 rel_err=0.1211 t=1.40s [878/980] ETA=0.29h
2026-08-17 00:26:08 FIT model.layers.25.self_attn.q_proj.weight :: awq_p2.0 bpw=4.9600 rel_err=0.1166 t=2.62s [879/980] ETA=0.29h
2026-08-17 00:26:08 SKIP cached model.layers.25.self_attn.q_proj.weight :: rtn4
2026-08-17 00:26:18 FIT model.layers.25.self_attn.k_proj.weight :: seed_only bpw=4.0000 rel_err=0.1260 t=9.29s [881/980] ETA=0.28h
2026-08-17 00:26:18 FIT model.layers.25.self_attn.k_proj.weight :: awq_p0.5 bpw=4.2400 rel_err=0.1230 t=0.38s [882/980] ETA=0.28h
2026-08-17 00:26:19 FIT model.layers.25.self_attn.k_proj.weight :: awq_p1.0 bpw=4.4800 rel_err=0.1214 t=0.72s [883/980] ETA=0.27h
2026-08-17 00:26:20 FIT model.layers.25.self_attn.k_proj.weight :: awq_p2.0 bpw=4.9600 rel_err=0.1188 t=1.37s [884/980] ETA=0.27h
2026-08-17 00:26:21 SKIP cached model.layers.25.self_attn.k_proj.weight :: rtn4
2026-08-17 00:26:30 FIT model.layers.25.self_attn.v_proj.weight :: seed_only bpw=4.0000 rel_err=0.1266 t=9.29s [886/980] ETA=0.27h
2026-08-17 00:26:31 FIT model.layers.25.self_attn.v_proj.weight :: awq_p0.5 bpw=4.2400 rel_err=0.1232 t=0.38s [887/980] ETA=0.26h
2026-08-17 00:26:32 FIT model.layers.25.self_attn.v_proj.weight :: awq_p1.0 bpw=4.4800 rel_err=0.1216 t=0.73s [888/980] ETA=0.26h
2026-08-17 00:26:33 FIT model.layers.25.self_attn.v_proj.weight :: awq_p2.0 bpw=4.9600 rel_err=0.1193 t=1.38s [889/980] ETA=0.26h
2026-08-17 00:26:33 SKIP cached model.layers.25.self_attn.v_proj.weight :: rtn4
2026-08-17 00:26:52 FIT model.layers.25.self_attn.o_proj.weight :: seed_only bpw=4.0000 rel_err=0.1250 t=18.55s [891/980] ETA=0.25h
2026-08-17 00:26:53 FIT model.layers.25.self_attn.o_proj.weight :: awq_p0.5 bpw=4.2400 rel_err=0.1229 t=0.68s [892/980] ETA=0.25h
2026-08-17 00:26:54 FIT model.layers.25.self_attn.o_proj.weight :: awq_p1.0 bpw=4.4800 rel_err=0.1214 t=1.28s [893/980] ETA=0.24h
2026-08-17 00:26:56 FIT model.layers.25.self_attn.o_proj.weight :: awq_p2.0 bpw=4.9600 rel_err=0.1188 t=2.32s [894/980] ETA=0.24h
2026-08-17 00:26:57 SKIP cached model.layers.25.self_attn.o_proj.weight :: rtn4
2026-08-17 00:27:52 FIT model.layers.25.mlp.gate_proj.weight :: seed_only bpw=4.0000 rel_err=0.1250 t=55.61s [896/980] ETA=0.24h
2026-08-17 00:27:55 FIT model.layers.25.mlp.gate_proj.weight :: awq_p0.5 bpw=4.2400 rel_err=0.1233 t=2.22s [897/980] ETA=0.23h
2026-08-17 00:27:59 FIT model.layers.25.mlp.gate_proj.weight :: awq_p1.0 bpw=4.4800 rel_err=0.1215 t=4.35s [898/980] ETA=0.23h
2026-08-17 00:28:08 FIT model.layers.25.mlp.gate_proj.weight :: awq_p2.0 bpw=4.9600 rel_err=0.1176 t=8.33s [899/980] ETA=0.23h
2026-08-17 00:28:08 SKIP cached model.layers.25.mlp.gate_proj.weight :: rtn4
2026-08-17 00:29:04 FIT model.layers.25.mlp.up_proj.weight :: seed_only bpw=4.0000 rel_err=0.1251 t=55.61s [901/980] ETA=0.22h
2026-08-17 00:29:06 FIT model.layers.25.mlp.up_proj.weight :: awq_p0.5 bpw=4.2400 rel_err=0.1233 t=2.21s [902/980] ETA=0.22h
2026-08-17 00:29:11 FIT model.layers.25.mlp.up_proj.weight :: awq_p1.0 bpw=4.4800 rel_err=0.1213 t=4.32s [903/980] ETA=0.22h
2026-08-17 00:29:19 FIT model.layers.25.mlp.up_proj.weight :: awq_p2.0 bpw=4.9600 rel_err=0.1174 t=8.30s [904/980] ETA=0.21h
2026-08-17 00:29:20 SKIP cached model.layers.25.mlp.up_proj.weight :: rtn4
2026-08-17 00:30:16 FIT model.layers.25.mlp.down_proj.weight :: seed_only bpw=4.0000 rel_err=0.1252 t=55.61s [906/980] ETA=0.21h
2026-08-17 00:30:18 FIT model.layers.25.mlp.down_proj.weight :: awq_p0.5 bpw=4.2400 rel_err=0.1240 t=2.22s [907/980] ETA=0.21h
2026-08-17 00:30:23 FIT model.layers.25.mlp.down_proj.weight :: awq_p1.0 bpw=4.4800 rel_err=0.1229 t=4.35s [908/980] ETA=0.20h
2026-08-17 00:30:31 FIT model.layers.25.mlp.down_proj.weight :: awq_p2.0 bpw=4.9600 rel_err=0.1209 t=8.35s [909/980] ETA=0.20h
2026-08-17 00:30:32 SKIP cached model.layers.25.mlp.down_proj.weight :: rtn4
2026-08-17 00:30:50 FIT model.layers.26.self_attn.q_proj.weight :: seed_only bpw=4.0000 rel_err=0.1261 t=18.55s [911/980] ETA=0.20h
2026-08-17 00:30:51 FIT model.layers.26.self_attn.q_proj.weight :: awq_p0.5 bpw=4.2400 rel_err=0.1241 t=0.73s [912/980] ETA=0.19h
2026-08-17 00:30:53 FIT model.layers.26.self_attn.q_proj.weight :: awq_p1.0 bpw=4.4800 rel_err=0.1221 t=1.42s [913/980] ETA=0.19h
2026-08-17 00:30:55 FIT model.layers.26.self_attn.q_proj.weight :: awq_p2.0 bpw=4.9600 rel_err=0.1173 t=2.63s [914/980] ETA=0.19h
2026-08-17 00:30:55 SKIP cached model.layers.26.self_attn.q_proj.weight :: rtn4
2026-08-17 00:31:05 FIT model.layers.26.self_attn.k_proj.weight :: seed_only bpw=4.0000 rel_err=0.1258 t=9.29s [916/980] ETA=0.18h
2026-08-17 00:31:05 FIT model.layers.26.self_attn.k_proj.weight :: awq_p0.5 bpw=4.2400 rel_err=0.1231 t=0.38s [917/980] ETA=0.18h
2026-08-17 00:31:06 FIT model.layers.26.self_attn.k_proj.weight :: awq_p1.0 bpw=4.4800 rel_err=0.1217 t=0.72s [918/980] ETA=0.18h
2026-08-17 00:31:08 FIT model.layers.26.self_attn.k_proj.weight :: awq_p2.0 bpw=4.9600 rel_err=0.1194 t=1.37s [919/980] ETA=0.17h
2026-08-17 00:31:08 SKIP cached model.layers.26.self_attn.k_proj.weight :: rtn4
2026-08-17 00:31:17 FIT model.layers.26.self_attn.v_proj.weight :: seed_only bpw=4.0000 rel_err=0.1260 t=9.29s [921/980] ETA=0.17h
2026-08-17 00:31:18 FIT model.layers.26.self_attn.v_proj.weight :: awq_p0.5 bpw=4.2400 rel_err=0.1237 t=0.39s [922/980] ETA=0.16h
2026-08-17 00:31:19 FIT model.layers.26.self_attn.v_proj.weight :: awq_p1.0 bpw=4.4800 rel_err=0.1225 t=0.73s [923/980] ETA=0.16h
2026-08-17 00:31:20 FIT model.layers.26.self_attn.v_proj.weight :: awq_p2.0 bpw=4.9600 rel_err=0.1205 t=1.40s [924/980] ETA=0.16h
2026-08-17 00:31:20 SKIP cached model.layers.26.self_attn.v_proj.weight :: rtn4
2026-08-17 00:31:39 FIT model.layers.26.self_attn.o_proj.weight :: seed_only bpw=4.0000 rel_err=0.1250 t=18.55s [926/980] ETA=0.15h
2026-08-17 00:31:39 FIT model.layers.26.self_attn.o_proj.weight :: awq_p0.5 bpw=4.2400 rel_err=0.1211 t=0.45s [927/980] ETA=0.15h
2026-08-17 00:31:41 FIT model.layers.26.self_attn.o_proj.weight :: awq_p1.0 bpw=4.4800 rel_err=0.1193 t=1.02s [928/980] ETA=0.15h
2026-08-17 00:31:43 FIT model.layers.26.self_attn.o_proj.weight :: awq_p2.0 bpw=4.9600 rel_err=0.1164 t=2.15s [929/980] ETA=0.14h
2026-08-17 00:31:43 SKIP cached model.layers.26.self_attn.o_proj.weight :: rtn4
2026-08-17 00:32:39 FIT model.layers.26.mlp.gate_proj.weight :: seed_only bpw=4.0000 rel_err=0.1251 t=55.61s [931/980] ETA=0.14h
2026-08-17 00:32:41 FIT model.layers.26.mlp.gate_proj.weight :: awq_p0.5 bpw=4.2400 rel_err=0.1235 t=2.22s [932/980] ETA=0.14h
2026-08-17 00:32:46 FIT model.layers.26.mlp.gate_proj.weight :: awq_p1.0 bpw=4.4800 rel_err=0.1218 t=4.34s [933/980] ETA=0.13h
2026-08-17 00:32:54 FIT model.layers.26.mlp.gate_proj.weight :: awq_p2.0 bpw=4.9600 rel_err=0.1181 t=8.33s [934/980] ETA=0.13h
2026-08-17 00:32:55 SKIP cached model.layers.26.mlp.gate_proj.weight :: rtn4
2026-08-17 00:33:50 FIT model.layers.26.mlp.up_proj.weight :: seed_only bpw=4.0000 rel_err=0.1251 t=55.60s [936/980] ETA=0.12h
2026-08-17 00:33:53 FIT model.layers.26.mlp.up_proj.weight :: awq_p0.5 bpw=4.2400 rel_err=0.1235 t=2.21s [937/980] ETA=0.12h
2026-08-17 00:33:58 FIT model.layers.26.mlp.up_proj.weight :: awq_p1.0 bpw=4.4800 rel_err=0.1216 t=4.32s [938/980] ETA=0.12h
2026-08-17 00:34:06 FIT model.layers.26.mlp.up_proj.weight :: awq_p2.0 bpw=4.9600 rel_err=0.1178 t=8.31s [939/980] ETA=0.12h
2026-08-17 00:34:06 SKIP cached model.layers.26.mlp.up_proj.weight :: rtn4
2026-08-17 00:35:02 FIT model.layers.26.mlp.down_proj.weight :: seed_only bpw=4.0000 rel_err=0.1253 t=55.61s [941/980] ETA=0.11h
2026-08-17 00:35:05 FIT model.layers.26.mlp.down_proj.weight :: awq_p0.5 bpw=4.2400 rel_err=0.1241 t=2.21s [942/980] ETA=0.11h
2026-08-17 00:35:09 FIT model.layers.26.mlp.down_proj.weight :: awq_p1.0 bpw=4.4800 rel_err=0.1232 t=4.33s [943/980] ETA=0.11h
2026-08-17 00:35:18 FIT model.layers.26.mlp.down_proj.weight :: awq_p2.0 bpw=4.9600 rel_err=0.1213 t=8.36s [944/980] ETA=0.10h
2026-08-17 00:35:18 SKIP cached model.layers.26.mlp.down_proj.weight :: rtn4
2026-08-17 00:35:37 FIT model.layers.27.self_attn.q_proj.weight :: seed_only bpw=4.0000 rel_err=0.1252 t=18.55s [946/980] ETA=0.10h
2026-08-17 00:35:38 FIT model.layers.27.self_attn.q_proj.weight :: awq_p0.5 bpw=4.2400 rel_err=0.1221 t=0.72s [947/980] ETA=0.09h
2026-08-17 00:35:39 FIT model.layers.27.self_attn.q_proj.weight :: awq_p1.0 bpw=4.4800 rel_err=0.1195 t=1.34s [948/980] ETA=0.09h
2026-08-17 00:35:42 FIT model.layers.27.self_attn.q_proj.weight :: awq_p2.0 bpw=4.9600 rel_err=0.1150 t=2.52s [949/980] ETA=0.09h
2026-08-17 00:35:42 SKIP cached model.layers.27.self_attn.q_proj.weight :: rtn4
2026-08-17 00:35:51 FIT model.layers.27.self_attn.k_proj.weight :: seed_only bpw=4.0000 rel_err=0.1251 t=9.29s [951/980] ETA=0.08h
2026-08-17 00:35:52 FIT model.layers.27.self_attn.k_proj.weight :: awq_p0.5 bpw=4.2400 rel_err=0.1232 t=0.38s [952/980] ETA=0.08h
2026-08-17 00:35:53 FIT model.layers.27.self_attn.k_proj.weight :: awq_p1.0 bpw=4.4800 rel_err=0.1213 t=0.72s [953/980] ETA=0.08h
2026-08-17 00:35:54 FIT model.layers.27.self_attn.k_proj.weight :: awq_p2.0 bpw=4.9600 rel_err=0.1172 t=1.36s [954/980] ETA=0.07h
2026-08-17 00:35:54 SKIP cached model.layers.27.self_attn.k_proj.weight :: rtn4
2026-08-17 00:36:04 FIT model.layers.27.self_attn.v_proj.weight :: seed_only bpw=4.0000 rel_err=0.1257 t=9.29s [956/980] ETA=0.07h
2026-08-17 00:36:04 FIT model.layers.27.self_attn.v_proj.weight :: awq_p0.5 bpw=4.2400 rel_err=0.1233 t=0.39s [957/980] ETA=0.06h
2026-08-17 00:36:05 FIT model.layers.27.self_attn.v_proj.weight :: awq_p1.0 bpw=4.4800 rel_err=0.1209 t=0.73s [958/980] ETA=0.06h
2026-08-17 00:36:06 FIT model.layers.27.self_attn.v_proj.weight :: awq_p2.0 bpw=4.9600 rel_err=0.1168 t=1.40s [959/980] ETA=0.06h
2026-08-17 00:36:06 SKIP cached model.layers.27.self_attn.v_proj.weight :: rtn4
2026-08-17 00:36:25 FIT model.layers.27.self_attn.o_proj.weight :: seed_only bpw=4.0000 rel_err=0.1250 t=18.55s [961/980] ETA=0.05h
2026-08-17 00:36:26 FIT model.layers.27.self_attn.o_proj.weight :: awq_p0.5 bpw=4.2400 rel_err=0.1225 t=0.71s [962/980] ETA=0.05h
2026-08-17 00:36:27 FIT model.layers.27.self_attn.o_proj.weight :: awq_p1.0 bpw=4.4800 rel_err=0.1206 t=1.34s [963/980] ETA=0.05h
2026-08-17 00:36:30 FIT model.layers.27.self_attn.o_proj.weight :: awq_p2.0 bpw=4.9600 rel_err=0.1173 t=2.47s [964/980] ETA=0.04h
2026-08-17 00:36:30 SKIP cached model.layers.27.self_attn.o_proj.weight :: rtn4
2026-08-17 00:37:26 FIT model.layers.27.mlp.gate_proj.weight :: seed_only bpw=4.0000 rel_err=0.1251 t=55.60s [966/980] ETA=0.04h
2026-08-17 00:37:28 FIT model.layers.27.mlp.gate_proj.weight :: awq_p0.5 bpw=4.2400 rel_err=0.1235 t=2.21s [967/980] ETA=0.04h
2026-08-17 00:37:33 FIT model.layers.27.mlp.gate_proj.weight :: awq_p1.0 bpw=4.4800 rel_err=0.1218 t=4.32s [968/980] ETA=0.03h
2026-08-17 00:37:42 FIT model.layers.27.mlp.gate_proj.weight :: awq_p2.0 bpw=4.9600 rel_err=0.1179 t=8.24s [969/980] ETA=0.03h
2026-08-17 00:37:42 SKIP cached model.layers.27.mlp.gate_proj.weight :: rtn4
2026-08-17 00:38:38 FIT model.layers.27.mlp.up_proj.weight :: seed_only bpw=4.0000 rel_err=0.1250 t=55.60s [971/980] ETA=0.03h
2026-08-17 00:38:40 FIT model.layers.27.mlp.up_proj.weight :: awq_p0.5 bpw=4.2400 rel_err=0.1236 t=2.20s [972/980] ETA=0.02h
2026-08-17 00:38:45 FIT model.layers.27.mlp.up_proj.weight :: awq_p1.0 bpw=4.4800 rel_err=0.1217 t=4.30s [973/980] ETA=0.02h
2026-08-17 00:38:53 FIT model.layers.27.mlp.up_proj.weight :: awq_p2.0 bpw=4.9600 rel_err=0.1176 t=8.25s [974/980] ETA=0.02h
2026-08-17 00:38:53 SKIP cached model.layers.27.mlp.up_proj.weight :: rtn4
2026-08-17 00:39:49 FIT model.layers.27.mlp.down_proj.weight :: seed_only bpw=4.0000 rel_err=0.1262 t=55.60s [976/980] ETA=0.01h
2026-08-17 00:39:52 FIT model.layers.27.mlp.down_proj.weight :: awq_p0.5 bpw=4.2400 rel_err=0.1253 t=2.23s [977/980] ETA=0.01h
2026-08-17 00:39:56 FIT model.layers.27.mlp.down_proj.weight :: awq_p1.0 bpw=4.4800 rel_err=0.1246 t=4.43s [978/980] ETA=0.01h
2026-08-17 00:40:05 FIT model.layers.27.mlp.down_proj.weight :: awq_p2.0 bpw=4.9600 rel_err=0.1232 t=8.32s [979/980] ETA=0.00h
2026-08-17 00:40:05 SKIP cached model.layers.27.mlp.down_proj.weight :: rtn4
2026-08-17 00:40:05 FIT done in 133.5 min
2026-08-17 00:40:11 HASH re-verify originals verified=True sha256=42fb692854712fa1c4d375c5cde965af...
2026-08-17 00:40:11 RUN phase3-20260816-222632 complete
2026-08-17 00:40:51 RUN phase3-20260817-004051 layout=phase3 model=Qwen3-1.7B config=c8p3 C=8 P=3 stage=comparators n_seeds=16384 stage2_seeds=65535 layers_limit=None eval_mode=cached resume=True stack=bfba9230e93f|NVIDIA GeForce RTX 4090|torch2.11.0+cu128
2026-08-17 00:40:53 HASH originals sha256=42fb692854712fa1c4d375c5cde965af... verified=True
2026-08-17 00:40:53 WARN comparator q4km: no artifact at /workspace/comparators/Qwen3-1.7B/Q4_K_M.gguf — skipping (rows will be filled in on a later run)
2026-08-17 00:40:53 WARN comparator q3km: no artifact at /workspace/comparators/Qwen3-1.7B/Q3_K_M.gguf — skipping (rows will be filled in on a later run)
2026-08-17 00:40:53 WARN comparator awq_w4: no artifact at /workspace/comparators/Qwen3-1.7B/awq — skipping (rows will be filled in on a later run)
2026-08-17 00:40:53 CMP available: none
2026-08-17 00:42:48 EVAL model=Qwen3-1.7B loaded, 196 target tensors (layers_limit=None, eval_mode=cached)
2026-08-17 00:42:48 SKIP cached reference.json fp=6f7a7d9b5d3fd99d
2026-08-17 00:42:49 REFLOGITS 12 prompts (0.44 GB, 12 cached, 0.0s) -> /workspace/results/Qwen3-1.7B/ref_logits
2026-08-17 00:42:50 WARN q4km: 196 tensors missing from cache -> skipping variant
2026-08-17 00:42:50 WARN q3km: 196 tensors missing from cache -> skipping variant
2026-08-17 00:42:51 WARN awq_w4: 196 tensors missing from cache -> skipping variant
2026-08-17 00:42:51 EVAL done in 2.0 min
2026-08-17 00:42:51 GATE INCOMPLETE
2026-08-17 00:42:53 HASH re-verify originals verified=True sha256=42fb692854712fa1c4d375c5cde965af...
2026-08-17 00:42:53 RUN phase3-20260817-004051 complete
2026-08-17 00:43:21 RUN phase3-20260817-004321 layout=phase3 model=Qwen3-1.7B config=c8p3 C=8 P=3 stage=refit-full n_seeds=16384 stage2_seeds=65535 layers_limit=None eval_mode=cached resume=True stack=bfba9230e93f|NVIDIA GeForce RTX 4090|torch2.11.0+cu128
2026-08-17 00:43:23 HASH originals sha256=42fb692854712fa1c4d375c5cde965af... verified=True
2026-08-17 00:43:23 WINNER awq_p2.0 -> refit @65535 seeds
2026-08-17 00:43:23 SKIP cached act_scales (196 tensors)
2026-08-17 00:43:23 FIT start model=Qwen3-1.7B config=c8p3 C=8 P=3 tensors=196 variants=2 n_seeds=65535 units=392
2026-08-17 00:43:24 SKIP cached model.layers.0.self_attn.q_proj.weight (all 2 variants)
2026-08-17 00:43:24 SKIP cached model.layers.0.self_attn.k_proj.weight (all 2 variants)
2026-08-17 00:43:24 SKIP cached model.layers.0.self_attn.v_proj.weight (all 2 variants)
2026-08-17 00:43:24 SKIP cached model.layers.0.self_attn.o_proj.weight (all 2 variants)
2026-08-17 00:43:24 SKIP cached model.layers.0.mlp.gate_proj.weight (all 2 variants)
2026-08-17 00:43:24 SKIP cached model.layers.0.mlp.up_proj.weight (all 2 variants)
2026-08-17 00:43:24 SKIP cached model.layers.0.mlp.down_proj.weight (all 2 variants)
2026-08-17 00:43:24 SKIP cached model.layers.1.self_attn.q_proj.weight (all 2 variants)
2026-08-17 00:43:24 SKIP cached model.layers.1.self_attn.k_proj.weight (all 2 variants)
2026-08-17 00:43:24 SKIP cached model.layers.1.self_attn.v_proj.weight (all 2 variants)
2026-08-17 00:43:24 SKIP cached model.layers.1.self_attn.o_proj.weight (all 2 variants)
2026-08-17 00:43:24 SKIP cached model.layers.1.mlp.gate_proj.weight (all 2 variants)
2026-08-17 00:43:24 SKIP cached model.layers.1.mlp.up_proj.weight (all 2 variants)
2026-08-17 00:43:24 SKIP cached model.layers.1.mlp.down_proj.weight (all 2 variants)
2026-08-17 00:43:24 SKIP cached model.layers.2.self_attn.q_proj.weight (all 2 variants)
2026-08-17 00:43:24 SKIP cached model.layers.2.self_attn.k_proj.weight (all 2 variants)
2026-08-17 00:43:24 SKIP cached model.layers.2.self_attn.v_proj.weight (all 2 variants)
2026-08-17 00:43:24 SKIP cached model.layers.2.self_attn.o_proj.weight (all 2 variants)
2026-08-17 00:43:24 SKIP cached model.layers.2.mlp.gate_proj.weight (all 2 variants)
2026-08-17 00:43:24 SKIP cached model.layers.2.mlp.up_proj.weight (all 2 variants)
2026-08-17 00:43:24 SKIP cached model.layers.2.mlp.down_proj.weight (all 2 variants)
2026-08-17 00:43:24 SKIP cached model.layers.3.self_attn.q_proj.weight (all 2 variants)
2026-08-17 00:43:24 SKIP cached model.layers.3.self_attn.k_proj.weight (all 2 variants)
2026-08-17 00:43:24 SKIP cached model.layers.3.self_attn.v_proj.weight (all 2 variants)
2026-08-17 00:43:24 SKIP cached model.layers.3.self_attn.o_proj.weight (all 2 variants)
2026-08-17 00:43:24 SKIP cached model.layers.3.mlp.gate_proj.weight (all 2 variants)
2026-08-17 00:43:24 SKIP cached model.layers.3.mlp.up_proj.weight (all 2 variants)
2026-08-17 00:43:24 SKIP cached model.layers.3.mlp.down_proj.weight (all 2 variants)
2026-08-17 00:43:24 SKIP cached model.layers.4.self_attn.q_proj.weight (all 2 variants)
2026-08-17 00:43:24 SKIP cached model.layers.4.self_attn.k_proj.weight (all 2 variants)
2026-08-17 00:43:24 SKIP cached model.layers.4.self_attn.v_proj.weight (all 2 variants)
2026-08-17 00:43:24 SKIP cached model.layers.4.self_attn.o_proj.weight (all 2 variants)
2026-08-17 00:43:24 SKIP cached model.layers.4.mlp.gate_proj.weight (all 2 variants)
2026-08-17 00:43:24 SKIP cached model.layers.4.mlp.up_proj.weight (all 2 variants)
2026-08-17 00:43:24 SKIP cached model.layers.4.mlp.down_proj.weight (all 2 variants)
2026-08-17 00:43:24 SKIP cached model.layers.5.self_attn.q_proj.weight (all 2 variants)
2026-08-17 00:43:24 SKIP cached model.layers.5.self_attn.k_proj.weight (all 2 variants)
2026-08-17 00:43:24 SKIP cached model.layers.5.self_attn.v_proj.weight (all 2 variants)
2026-08-17 00:43:24 SKIP cached model.layers.5.self_attn.o_proj.weight (all 2 variants)
2026-08-17 00:43:24 SKIP cached model.layers.5.mlp.gate_proj.weight (all 2 variants)
2026-08-17 00:43:24 SKIP cached model.layers.5.mlp.up_proj.weight (all 2 variants)
2026-08-17 00:43:24 SKIP cached model.layers.5.mlp.down_proj.weight (all 2 variants)
2026-08-17 00:43:24 SKIP cached model.layers.6.self_attn.q_proj.weight (all 2 variants)
2026-08-17 00:43:24 SKIP cached model.layers.6.self_attn.k_proj.weight (all 2 variants)
2026-08-17 00:43:24 SKIP cached model.layers.6.self_attn.v_proj.weight (all 2 variants)
2026-08-17 00:43:24 SKIP cached model.layers.6.self_attn.o_proj.weight (all 2 variants)
2026-08-17 00:43:24 SKIP cached model.layers.6.mlp.gate_proj.weight (all 2 variants)
2026-08-17 00:43:24 SKIP cached model.layers.6.mlp.up_proj.weight (all 2 variants)
2026-08-17 00:43:24 SKIP cached model.layers.6.mlp.down_proj.weight (all 2 variants)
2026-08-17 00:43:24 SKIP cached model.layers.7.self_attn.q_proj.weight (all 2 variants)
2026-08-17 00:43:24 SKIP cached model.layers.7.self_attn.k_proj.weight (all 2 variants)
2026-08-17 00:43:24 SKIP cached model.layers.7.self_attn.v_proj.weight (all 2 variants)
2026-08-17 00:43:24 SKIP cached model.layers.7.self_attn.o_proj.weight (all 2 variants)
2026-08-17 00:43:24 SKIP cached model.layers.7.mlp.gate_proj.weight (all 2 variants)
2026-08-17 00:43:24 SKIP cached model.layers.7.mlp.up_proj.weight (all 2 variants)
2026-08-17 00:43:24 SKIP cached model.layers.7.mlp.down_proj.weight (all 2 variants)
2026-08-17 00:43:24 SKIP cached model.layers.8.self_attn.q_proj.weight (all 2 variants)
2026-08-17 00:43:24 SKIP cached model.layers.8.self_attn.k_proj.weight (all 2 variants)
2026-08-17 00:43:24 SKIP cached model.layers.8.self_attn.v_proj.weight (all 2 variants)
2026-08-17 00:43:24 SKIP cached model.layers.8.self_attn.o_proj.weight (all 2 variants)
2026-08-17 00:43:24 SKIP cached model.layers.8.mlp.gate_proj.weight (all 2 variants)
2026-08-17 00:43:24 SKIP cached model.layers.8.mlp.up_proj.weight (all 2 variants)
2026-08-17 00:43:24 SKIP cached model.layers.8.mlp.down_proj.weight (all 2 variants)
2026-08-17 00:43:24 SKIP cached model.layers.9.self_attn.q_proj.weight (all 2 variants)
2026-08-17 00:43:24 SKIP cached model.layers.9.self_attn.k_proj.weight (all 2 variants)
2026-08-17 00:43:24 SKIP cached model.layers.9.self_attn.v_proj.weight (all 2 variants)
2026-08-17 00:43:25 SKIP cached model.layers.9.self_attn.o_proj.weight (all 2 variants)
2026-08-17 00:43:25 SKIP cached model.layers.9.mlp.gate_proj.weight (all 2 variants)
2026-08-17 00:43:25 SKIP cached model.layers.9.mlp.up_proj.weight (all 2 variants)
2026-08-17 00:43:25 SKIP cached model.layers.9.mlp.down_proj.weight (all 2 variants)
2026-08-17 00:43:25 SKIP cached model.layers.10.self_attn.q_proj.weight (all 2 variants)
2026-08-17 00:43:25 SKIP cached model.layers.10.self_attn.k_proj.weight (all 2 variants)
2026-08-17 00:43:25 SKIP cached model.layers.10.self_attn.v_proj.weight (all 2 variants)
2026-08-17 00:43:25 SKIP cached model.layers.10.self_attn.o_proj.weight (all 2 variants)
2026-08-17 00:43:25 SKIP cached model.layers.10.mlp.gate_proj.weight (all 2 variants)
2026-08-17 00:43:25 SKIP cached model.layers.10.mlp.up_proj.weight (all 2 variants)
2026-08-17 00:43:25 SKIP cached model.layers.10.mlp.down_proj.weight (all 2 variants)
2026-08-17 00:43:25 SKIP cached model.layers.11.self_attn.q_proj.weight (all 2 variants)
2026-08-17 00:43:25 SKIP cached model.layers.11.self_attn.k_proj.weight (all 2 variants)
2026-08-17 00:43:25 SKIP cached model.layers.11.self_attn.v_proj.weight (all 2 variants)
2026-08-17 00:43:25 SKIP cached model.layers.11.self_attn.o_proj.weight (all 2 variants)
2026-08-17 00:43:25 SKIP cached model.layers.11.mlp.gate_proj.weight (all 2 variants)
2026-08-17 00:43:25 SKIP cached model.layers.11.mlp.up_proj.weight (all 2 variants)
2026-08-17 00:43:25 SKIP cached model.layers.11.mlp.down_proj.weight (all 2 variants)
2026-08-17 00:43:25 SKIP cached model.layers.12.self_attn.q_proj.weight (all 2 variants)
2026-08-17 00:43:25 SKIP cached model.layers.12.self_attn.k_proj.weight (all 2 variants)
2026-08-17 00:43:25 SKIP cached model.layers.12.self_attn.v_proj.weight (all 2 variants)
2026-08-17 00:43:25 SKIP cached model.layers.12.self_attn.o_proj.weight (all 2 variants)
2026-08-17 00:43:25 SKIP cached model.layers.12.mlp.gate_proj.weight (all 2 variants)
2026-08-17 00:43:25 SKIP cached model.layers.12.mlp.up_proj.weight (all 2 variants)
2026-08-17 00:43:25 SKIP cached model.layers.12.mlp.down_proj.weight (all 2 variants)
2026-08-17 00:43:25 SKIP cached model.layers.13.self_attn.q_proj.weight (all 2 variants)
2026-08-17 00:43:25 SKIP cached model.layers.13.self_attn.k_proj.weight (all 2 variants)
2026-08-17 00:43:25 SKIP cached model.layers.13.self_attn.v_proj.weight (all 2 variants)
2026-08-17 00:43:25 SKIP cached model.layers.13.self_attn.o_proj.weight (all 2 variants)
2026-08-17 00:43:25 SKIP cached model.layers.13.mlp.gate_proj.weight (all 2 variants)
2026-08-17 00:43:25 SKIP cached model.layers.13.mlp.up_proj.weight (all 2 variants)
2026-08-17 00:43:25 SKIP cached model.layers.13.mlp.down_proj.weight (all 2 variants)
2026-08-17 00:43:25 SKIP cached model.layers.14.self_attn.q_proj.weight (all 2 variants)
2026-08-17 00:43:25 SKIP cached model.layers.14.self_attn.k_proj.weight (all 2 variants)
2026-08-17 00:43:25 SKIP cached model.layers.14.self_attn.v_proj.weight (all 2 variants)
2026-08-17 00:43:25 SKIP cached model.layers.14.self_attn.o_proj.weight (all 2 variants)
2026-08-17 00:43:25 SKIP cached model.layers.14.mlp.gate_proj.weight (all 2 variants)
2026-08-17 00:43:25 SKIP cached model.layers.14.mlp.up_proj.weight (all 2 variants)
2026-08-17 00:43:25 SKIP cached model.layers.14.mlp.down_proj.weight (all 2 variants)
2026-08-17 00:43:25 SKIP cached model.layers.15.self_attn.q_proj.weight (all 2 variants)
2026-08-17 00:43:25 SKIP cached model.layers.15.self_attn.k_proj.weight (all 2 variants)
2026-08-17 00:43:25 SKIP cached model.layers.15.self_attn.v_proj.weight (all 2 variants)
2026-08-17 00:43:25 SKIP cached model.layers.15.self_attn.o_proj.weight (all 2 variants)
2026-08-17 00:43:25 SKIP cached model.layers.15.mlp.gate_proj.weight (all 2 variants)
2026-08-17 00:43:25 SKIP cached model.layers.15.mlp.up_proj.weight (all 2 variants)
2026-08-17 00:43:25 SKIP cached model.layers.15.mlp.down_proj.weight (all 2 variants)
2026-08-17 00:43:25 SKIP cached model.layers.16.self_attn.q_proj.weight (all 2 variants)
2026-08-17 00:43:25 SKIP cached model.layers.16.self_attn.k_proj.weight (all 2 variants)
2026-08-17 00:43:25 SKIP cached model.layers.16.self_attn.v_proj.weight (all 2 variants)
2026-08-17 00:43:25 SKIP cached model.layers.16.self_attn.o_proj.weight (all 2 variants)
2026-08-17 00:43:25 SKIP cached model.layers.16.mlp.gate_proj.weight (all 2 variants)
2026-08-17 00:43:25 SKIP cached model.layers.16.mlp.up_proj.weight (all 2 variants)
2026-08-17 00:43:25 SKIP cached model.layers.16.mlp.down_proj.weight (all 2 variants)
2026-08-17 00:43:25 SKIP cached model.layers.17.self_attn.q_proj.weight (all 2 variants)
2026-08-17 00:43:25 SKIP cached model.layers.17.self_attn.k_proj.weight (all 2 variants)
2026-08-17 00:43:25 SKIP cached model.layers.17.self_attn.v_proj.weight (all 2 variants)
2026-08-17 00:43:25 SKIP cached model.layers.17.self_attn.o_proj.weight (all 2 variants)
2026-08-17 00:43:25 SKIP cached model.layers.17.mlp.gate_proj.weight (all 2 variants)
2026-08-17 00:43:25 SKIP cached model.layers.17.mlp.up_proj.weight (all 2 variants)
2026-08-17 00:43:25 SKIP cached model.layers.17.mlp.down_proj.weight (all 2 variants)
2026-08-17 00:43:25 SKIP cached model.layers.18.self_attn.q_proj.weight (all 2 variants)
2026-08-17 00:43:25 SKIP cached model.layers.18.self_attn.k_proj.weight (all 2 variants)
2026-08-17 00:43:25 SKIP cached model.layers.18.self_attn.v_proj.weight (all 2 variants)
2026-08-17 00:43:25 SKIP cached model.layers.18.self_attn.o_proj.weight (all 2 variants)
2026-08-17 00:43:25 SKIP cached model.layers.18.mlp.gate_proj.weight (all 2 variants)
2026-08-17 00:43:25 SKIP cached model.layers.18.mlp.up_proj.weight (all 2 variants)
2026-08-17 00:43:25 SKIP cached model.layers.18.mlp.down_proj.weight (all 2 variants)
2026-08-17 00:43:25 SKIP cached model.layers.19.self_attn.q_proj.weight (all 2 variants)
2026-08-17 00:43:25 SKIP cached model.layers.19.self_attn.k_proj.weight (all 2 variants)
2026-08-17 00:43:26 SKIP cached model.layers.19.self_attn.v_proj.weight (all 2 variants)
2026-08-17 00:43:26 SKIP cached model.layers.19.self_attn.o_proj.weight (all 2 variants)
2026-08-17 00:43:26 SKIP cached model.layers.19.mlp.gate_proj.weight (all 2 variants)
2026-08-17 00:43:26 SKIP cached model.layers.19.mlp.up_proj.weight (all 2 variants)
2026-08-17 00:43:26 SKIP cached model.layers.19.mlp.down_proj.weight (all 2 variants)
2026-08-17 00:43:26 SKIP cached model.layers.20.self_attn.q_proj.weight (all 2 variants)
2026-08-17 00:43:26 SKIP cached model.layers.20.self_attn.k_proj.weight (all 2 variants)
2026-08-17 00:43:26 SKIP cached model.layers.20.self_attn.v_proj.weight (all 2 variants)
2026-08-17 00:43:26 SKIP cached model.layers.20.self_attn.o_proj.weight (all 2 variants)
2026-08-17 00:43:26 SKIP cached model.layers.20.mlp.gate_proj.weight (all 2 variants)
2026-08-17 00:43:26 SKIP cached model.layers.20.mlp.up_proj.weight (all 2 variants)
2026-08-17 00:43:26 SKIP cached model.layers.20.mlp.down_proj.weight (all 2 variants)
2026-08-17 00:43:26 SKIP cached model.layers.21.self_attn.q_proj.weight (all 2 variants)
2026-08-17 00:43:26 SKIP cached model.layers.21.self_attn.k_proj.weight (all 2 variants)
2026-08-17 00:43:26 SKIP cached model.layers.21.self_attn.v_proj.weight (all 2 variants)
2026-08-17 00:43:26 SKIP cached model.layers.21.self_attn.o_proj.weight (all 2 variants)
2026-08-17 00:43:26 SKIP cached model.layers.21.mlp.gate_proj.weight (all 2 variants)
2026-08-17 00:43:26 SKIP cached model.layers.21.mlp.up_proj.weight (all 2 variants)
2026-08-17 00:43:26 SKIP cached model.layers.21.mlp.down_proj.weight (all 2 variants)
2026-08-17 00:43:26 SKIP cached model.layers.22.self_attn.q_proj.weight (all 2 variants)
2026-08-17 00:43:26 SKIP cached model.layers.22.self_attn.k_proj.weight (all 2 variants)
2026-08-17 00:43:26 SKIP cached model.layers.22.self_attn.v_proj.weight (all 2 variants)
2026-08-17 00:43:26 SKIP cached model.layers.22.self_attn.o_proj.weight (all 2 variants)
2026-08-17 00:43:26 SKIP cached model.layers.22.mlp.gate_proj.weight (all 2 variants)
2026-08-17 00:43:26 SKIP cached model.layers.22.mlp.up_proj.weight (all 2 variants)
2026-08-17 00:43:26 SKIP cached model.layers.22.mlp.down_proj.weight (all 2 variants)
2026-08-17 00:43:26 SKIP cached model.layers.23.self_attn.q_proj.weight (all 2 variants)
2026-08-17 00:43:26 SKIP cached model.layers.23.self_attn.k_proj.weight (all 2 variants)
2026-08-17 00:43:26 SKIP cached model.layers.23.self_attn.v_proj.weight (all 2 variants)
2026-08-17 00:43:26 SKIP cached model.layers.23.self_attn.o_proj.weight (all 2 variants)
2026-08-17 00:43:26 SKIP cached model.layers.23.mlp.gate_proj.weight (all 2 variants)
2026-08-17 00:43:26 SKIP cached model.layers.23.mlp.up_proj.weight (all 2 variants)
2026-08-17 00:43:26 SKIP cached model.layers.23.mlp.down_proj.weight (all 2 variants)
2026-08-17 00:43:26 SKIP cached model.layers.24.self_attn.q_proj.weight (all 2 variants)
2026-08-17 00:43:26 SKIP cached model.layers.24.self_attn.k_proj.weight (all 2 variants)
2026-08-17 00:43:26 SKIP cached model.layers.24.self_attn.v_proj.weight (all 2 variants)
2026-08-17 00:43:26 SKIP cached model.layers.24.self_attn.o_proj.weight (all 2 variants)
2026-08-17 00:43:26 SKIP cached model.layers.24.mlp.gate_proj.weight (all 2 variants)
2026-08-17 00:43:26 SKIP cached model.layers.24.mlp.up_proj.weight (all 2 variants)
2026-08-17 00:43:26 SKIP cached model.layers.24.mlp.down_proj.weight (all 2 variants)
2026-08-17 00:43:26 SKIP cached model.layers.25.self_attn.q_proj.weight (all 2 variants)
2026-08-17 00:43:26 SKIP cached model.layers.25.self_attn.k_proj.weight (all 2 variants)
2026-08-17 00:43:26 SKIP cached model.layers.25.self_attn.v_proj.weight (all 2 variants)
2026-08-17 00:43:26 SKIP cached model.layers.25.self_attn.o_proj.weight (all 2 variants)
2026-08-17 00:43:26 SKIP cached model.layers.25.mlp.gate_proj.weight (all 2 variants)
2026-08-17 00:43:26 SKIP cached model.layers.25.mlp.up_proj.weight (all 2 variants)
2026-08-17 00:43:26 SKIP cached model.layers.25.mlp.down_proj.weight (all 2 variants)
2026-08-17 00:43:26 SKIP cached model.layers.26.self_attn.q_proj.weight (all 2 variants)
2026-08-17 00:43:26 SKIP cached model.layers.26.self_attn.k_proj.weight (all 2 variants)
2026-08-17 00:43:26 SKIP cached model.layers.26.self_attn.v_proj.weight (all 2 variants)
2026-08-17 00:43:26 SKIP cached model.layers.26.self_attn.o_proj.weight (all 2 variants)
2026-08-17 00:43:26 SKIP cached model.layers.26.mlp.gate_proj.weight (all 2 variants)
2026-08-17 00:43:26 SKIP cached model.layers.26.mlp.up_proj.weight (all 2 variants)
2026-08-17 00:43:26 SKIP cached model.layers.26.mlp.down_proj.weight (all 2 variants)
2026-08-17 00:43:26 SKIP cached model.layers.27.self_attn.q_proj.weight (all 2 variants)
2026-08-17 00:43:26 SKIP cached model.layers.27.self_attn.k_proj.weight (all 2 variants)
2026-08-17 00:43:26 SKIP cached model.layers.27.self_attn.v_proj.weight (all 2 variants)
2026-08-17 00:43:26 SKIP cached model.layers.27.self_attn.o_proj.weight (all 2 variants)
2026-08-17 00:43:26 SKIP cached model.layers.27.mlp.gate_proj.weight (all 2 variants)
2026-08-17 00:43:26 SKIP cached model.layers.27.mlp.up_proj.weight (all 2 variants)
2026-08-17 00:43:26 SKIP cached model.layers.27.mlp.down_proj.weight (all 2 variants)
2026-08-17 00:43:26 FIT done in 0.0 min
2026-08-17 00:43:28 HASH re-verify originals verified=True sha256=42fb692854712fa1c4d375c5cde965af...
2026-08-17 00:43:28 RUN phase3-20260817-004321 complete
2026-08-17 00:43:47 RUN phase3-20260817-004347 layout=phase3 model=Qwen3-1.7B config=c8p3 C=8 P=3 stage=eval n_seeds=65535 stage2_seeds=65535 layers_limit=None eval_mode=cached resume=True stack=bfba9230e93f|NVIDIA GeForce RTX 4090|torch2.11.0+cu128
2026-08-17 00:43:49 HASH originals sha256=42fb692854712fa1c4d375c5cde965af... verified=True
2026-08-17 00:45:41 EVAL model=Qwen3-1.7B loaded, 196 target tensors (layers_limit=None, eval_mode=cached)
2026-08-17 00:45:41 SKIP cached reference.json fp=6f7a7d9b5d3fd99d
2026-08-17 00:45:41 REFLOGITS 12 prompts (0.44 GB, 12 cached, 0.0s) -> /workspace/results/Qwen3-1.7B/ref_logits
2026-08-17 00:46:25 EVAL c8p3_seed_only       bpw=4.0000 mean_kl=0.844728 p95=4.690196 max=28.1138 top1=81.94% fp=f45c7e47da2963f0 (30.0s)
2026-08-17 00:46:48 EVAL c8p3_awq_p0.5        bpw=4.2400 mean_kl=0.390115 p95=1.834948 max=17.2500 top1=88.37% fp=fe23d8adece5cac9 (23.1s)
2026-08-17 00:47:13 EVAL c8p3_awq_p1.0        bpw=4.4800 mean_kl=0.339384 p95=1.701233 max=13.7538 top1=88.51% fp=df77624c1e815b44 (25.0s)
2026-08-17 00:47:36 EVAL c8p3_awq_p2.0        bpw=4.9600 mean_kl=0.279300 p95=1.464632 max=12.2704 top1=89.06% fp=d24ae5a4a512c526 (22.5s)
2026-08-17 00:48:00 EVAL rtn4                 bpw=4.5000 mean_kl=0.176448 p95=0.895672 max=7.7504 top1=91.66% fp=2b0802153224bacc (24.2s)
2026-08-17 00:48:00 WARN q4km: 196 tensors missing from cache -> skipping variant
2026-08-17 00:48:01 WARN q3km: 196 tensors missing from cache -> skipping variant
2026-08-17 00:48:01 WARN awq_w4: 196 tensors missing from cache -> skipping variant
2026-08-17 00:48:10 EVAL bf16                 bpw=16.0000 mean_kl=0.000000 p95=0.000000 max=0.0000 top1=100.00% fp=6f7a7d9b5d3fd99d (8.3s)
2026-08-17 00:48:10 EVAL done in 4.4 min
2026-08-17 00:48:10 GATE INCOMPLETE pass_a=None pass_b=None best_seed=c8p3_awq_p2.0 @4.9600 bpw
2026-08-17 00:48:16 HASH re-verify originals verified=True sha256=42fb692854712fa1c4d375c5cde965af...
2026-08-17 00:48:16 RUN phase3-20260817-004347 complete
2026-08-17 00:48:41 RUN phase3-20260817-004841 layout=phase3 model=Qwen3-1.7B config=c8p3 C=8 P=3 stage=verdict n_seeds=16384 stage2_seeds=65535 layers_limit=None eval_mode=cached resume=True stack=bfba9230e93f|NVIDIA GeForce RTX 4090|torch2.11.0+cu128
2026-08-17 00:48:43 HASH originals sha256=42fb692854712fa1c4d375c5cde965af... verified=True
2026-08-17 00:49:25 GATE INCOMPLETE
2026-08-17 00:49:27 HASH re-verify originals verified=True sha256=42fb692854712fa1c4d375c5cde965af...
2026-08-17 00:49:27 RUN phase3-20260817-004841 complete
2026-08-17 17:09:20 RUN phase3-20260817-170920 layout=phase3 model=Qwen3-1.7B config=c8p3 C=8 P=3 stage=fit n_seeds=16384 stage2_seeds=65535 layers_limit=None eval_mode=cached resume=True stack=c4ad6bb586c5|NVIDIA GeForce RTX 4090|torch2.11.0+cu128
2026-08-17 17:09:25 HASH originals sha256=42fb692854712fa1c4d375c5cde965af... verified=True
2026-08-17 17:09:25 SKIP cached act_scales (196 tensors)
2026-08-17 17:09:25 FIT start model=Qwen3-1.7B config=c8p3 C=8 P=3 tensors=196 variants=5 n_seeds=16384 units=980
2026-08-17 17:09:25 SKIP cached model.layers.0.self_attn.q_proj.weight (all 5 variants)
2026-08-17 17:09:25 SKIP cached model.layers.0.self_attn.k_proj.weight (all 5 variants)
2026-08-17 17:09:25 SKIP cached model.layers.0.self_attn.v_proj.weight (all 5 variants)
2026-08-17 17:09:25 SKIP cached model.layers.0.self_attn.o_proj.weight (all 5 variants)
2026-08-17 17:09:25 SKIP cached model.layers.0.mlp.gate_proj.weight (all 5 variants)
2026-08-17 17:09:26 SKIP cached model.layers.0.mlp.up_proj.weight (all 5 variants)
2026-08-17 17:09:26 SKIP cached model.layers.0.mlp.down_proj.weight (all 5 variants)
2026-08-17 17:09:26 SKIP cached model.layers.1.self_attn.q_proj.weight (all 5 variants)
2026-08-17 17:09:26 SKIP cached model.layers.1.self_attn.k_proj.weight (all 5 variants)
2026-08-17 17:09:26 SKIP cached model.layers.1.self_attn.v_proj.weight (all 5 variants)
2026-08-17 17:09:26 SKIP cached model.layers.1.self_attn.o_proj.weight (all 5 variants)
2026-08-17 17:09:26 SKIP cached model.layers.1.mlp.gate_proj.weight (all 5 variants)
2026-08-17 17:09:26 SKIP cached model.layers.1.mlp.up_proj.weight (all 5 variants)
2026-08-17 17:09:26 SKIP cached model.layers.1.mlp.down_proj.weight (all 5 variants)
2026-08-17 17:09:26 SKIP cached model.layers.2.self_attn.q_proj.weight (all 5 variants)
2026-08-17 17:09:26 SKIP cached model.layers.2.self_attn.k_proj.weight (all 5 variants)
2026-08-17 17:09:26 SKIP cached model.layers.2.self_attn.v_proj.weight (all 5 variants)
2026-08-17 17:09:26 SKIP cached model.layers.2.self_attn.o_proj.weight (all 5 variants)
2026-08-17 17:09:26 SKIP cached model.layers.2.mlp.gate_proj.weight (all 5 variants)
2026-08-17 17:09:26 SKIP cached model.layers.2.mlp.up_proj.weight (all 5 variants)
2026-08-17 17:09:26 SKIP cached model.layers.2.mlp.down_proj.weight (all 5 variants)
2026-08-17 17:09:26 SKIP cached model.layers.3.self_attn.q_proj.weight (all 5 variants)
2026-08-17 17:09:26 SKIP cached model.layers.3.self_attn.k_proj.weight (all 5 variants)
2026-08-17 17:09:26 SKIP cached model.layers.3.self_attn.v_proj.weight (all 5 variants)
2026-08-17 17:09:26 SKIP cached model.layers.3.self_attn.o_proj.weight (all 5 variants)
2026-08-17 17:09:26 SKIP cached model.layers.3.mlp.gate_proj.weight (all 5 variants)
2026-08-17 17:09:26 SKIP cached model.layers.3.mlp.up_proj.weight (all 5 variants)
2026-08-17 17:09:26 SKIP cached model.layers.3.mlp.down_proj.weight (all 5 variants)
2026-08-17 17:09:26 SKIP cached model.layers.4.self_attn.q_proj.weight (all 5 variants)
2026-08-17 17:09:26 SKIP cached model.layers.4.self_attn.k_proj.weight (all 5 variants)
2026-08-17 17:09:26 SKIP cached model.layers.4.self_attn.v_proj.weight (all 5 variants)
2026-08-17 17:09:26 SKIP cached model.layers.4.self_attn.o_proj.weight (all 5 variants)
2026-08-17 17:09:26 SKIP cached model.layers.4.mlp.gate_proj.weight (all 5 variants)
2026-08-17 17:09:26 SKIP cached model.layers.4.mlp.up_proj.weight (all 5 variants)
2026-08-17 17:09:26 SKIP cached model.layers.4.mlp.down_proj.weight (all 5 variants)
2026-08-17 17:09:26 SKIP cached model.layers.5.self_attn.q_proj.weight (all 5 variants)
2026-08-17 17:09:26 SKIP cached model.layers.5.self_attn.k_proj.weight (all 5 variants)
2026-08-17 17:09:26 SKIP cached model.layers.5.self_attn.v_proj.weight (all 5 variants)
2026-08-17 17:09:27 SKIP cached model.layers.5.self_attn.o_proj.weight (all 5 variants)
2026-08-17 17:09:27 SKIP cached model.layers.5.mlp.gate_proj.weight (all 5 variants)
2026-08-17 17:09:27 SKIP cached model.layers.5.mlp.up_proj.weight (all 5 variants)
2026-08-17 17:09:27 SKIP cached model.layers.5.mlp.down_proj.weight (all 5 variants)
2026-08-17 17:09:27 SKIP cached model.layers.6.self_attn.q_proj.weight (all 5 variants)
2026-08-17 17:09:27 SKIP cached model.layers.6.self_attn.k_proj.weight (all 5 variants)
2026-08-17 17:09:27 SKIP cached model.layers.6.self_attn.v_proj.weight (all 5 variants)
2026-08-17 17:09:27 SKIP cached model.layers.6.self_attn.o_proj.weight (all 5 variants)
2026-08-17 17:09:27 SKIP cached model.layers.6.mlp.gate_proj.weight (all 5 variants)
2026-08-17 17:09:27 SKIP cached model.layers.6.mlp.up_proj.weight (all 5 variants)
2026-08-17 17:09:27 SKIP cached model.layers.6.mlp.down_proj.weight (all 5 variants)
2026-08-17 17:09:27 SKIP cached model.layers.7.self_attn.q_proj.weight (all 5 variants)
2026-08-17 17:09:27 SKIP cached model.layers.7.self_attn.k_proj.weight (all 5 variants)
2026-08-17 17:09:27 SKIP cached model.layers.7.self_attn.v_proj.weight (all 5 variants)
2026-08-17 17:09:27 SKIP cached model.layers.7.self_attn.o_proj.weight (all 5 variants)
2026-08-17 17:09:27 SKIP cached model.layers.7.mlp.gate_proj.weight (all 5 variants)
2026-08-17 17:09:27 SKIP cached model.layers.7.mlp.up_proj.weight (all 5 variants)
2026-08-17 17:09:27 SKIP cached model.layers.7.mlp.down_proj.weight (all 5 variants)
2026-08-17 17:09:27 SKIP cached model.layers.8.self_attn.q_proj.weight (all 5 variants)
2026-08-17 17:09:27 SKIP cached model.layers.8.self_attn.k_proj.weight (all 5 variants)
2026-08-17 17:09:27 SKIP cached model.layers.8.self_attn.v_proj.weight (all 5 variants)
2026-08-17 17:09:27 SKIP cached model.layers.8.self_attn.o_proj.weight (all 5 variants)
2026-08-17 17:09:27 SKIP cached model.layers.8.mlp.gate_proj.weight (all 5 variants)
2026-08-17 17:09:27 SKIP cached model.layers.8.mlp.up_proj.weight (all 5 variants)
2026-08-17 17:09:27 SKIP cached model.layers.8.mlp.down_proj.weight (all 5 variants)
2026-08-17 17:09:27 SKIP cached model.layers.9.self_attn.q_proj.weight (all 5 variants)
2026-08-17 17:09:27 SKIP cached model.layers.9.self_attn.k_proj.weight (all 5 variants)
2026-08-17 17:09:27 SKIP cached model.layers.9.self_attn.v_proj.weight (all 5 variants)
2026-08-17 17:09:27 SKIP cached model.layers.9.self_attn.o_proj.weight (all 5 variants)
2026-08-17 17:09:27 SKIP cached model.layers.9.mlp.gate_proj.weight (all 5 variants)
2026-08-17 17:09:27 SKIP cached model.layers.9.mlp.up_proj.weight (all 5 variants)
2026-08-17 17:09:27 SKIP cached model.layers.9.mlp.down_proj.weight (all 5 variants)
2026-08-17 17:09:28 SKIP cached model.layers.10.self_attn.q_proj.weight (all 5 variants)
2026-08-17 17:09:28 SKIP cached model.layers.10.self_attn.k_proj.weight (all 5 variants)
2026-08-17 17:09:28 SKIP cached model.layers.10.self_attn.v_proj.weight (all 5 variants)
2026-08-17 17:09:28 SKIP cached model.layers.10.self_attn.o_proj.weight (all 5 variants)
2026-08-17 17:09:28 SKIP cached model.layers.10.mlp.gate_proj.weight (all 5 variants)
2026-08-17 17:09:28 SKIP cached model.layers.10.mlp.up_proj.weight (all 5 variants)
2026-08-17 17:09:28 SKIP cached model.layers.10.mlp.down_proj.weight (all 5 variants)
2026-08-17 17:09:28 SKIP cached model.layers.11.self_attn.q_proj.weight (all 5 variants)
2026-08-17 17:09:28 SKIP cached model.layers.11.self_attn.k_proj.weight (all 5 variants)
2026-08-17 17:09:28 SKIP cached model.layers.11.self_attn.v_proj.weight (all 5 variants)
2026-08-17 17:09:28 SKIP cached model.layers.11.self_attn.o_proj.weight (all 5 variants)
2026-08-17 17:09:28 SKIP cached model.layers.11.mlp.gate_proj.weight (all 5 variants)
2026-08-17 17:09:28 SKIP cached model.layers.11.mlp.up_proj.weight (all 5 variants)
2026-08-17 17:09:28 SKIP cached model.layers.11.mlp.down_proj.weight (all 5 variants)
2026-08-17 17:09:28 SKIP cached model.layers.12.self_attn.q_proj.weight (all 5 variants)
2026-08-17 17:09:28 SKIP cached model.layers.12.self_attn.k_proj.weight (all 5 variants)
2026-08-17 17:09:28 SKIP cached model.layers.12.self_attn.v_proj.weight (all 5 variants)
2026-08-17 17:09:28 SKIP cached model.layers.12.self_attn.o_proj.weight (all 5 variants)
2026-08-17 17:09:28 SKIP cached model.layers.12.mlp.gate_proj.weight (all 5 variants)
2026-08-17 17:09:28 SKIP cached model.layers.12.mlp.up_proj.weight (all 5 variants)
2026-08-17 17:09:28 SKIP cached model.layers.12.mlp.down_proj.weight (all 5 variants)
2026-08-17 17:09:28 SKIP cached model.layers.13.self_attn.q_proj.weight (all 5 variants)
2026-08-17 17:09:28 SKIP cached model.layers.13.self_attn.k_proj.weight (all 5 variants)
2026-08-17 17:09:28 SKIP cached model.layers.13.self_attn.v_proj.weight (all 5 variants)
2026-08-17 17:09:28 SKIP cached model.layers.13.self_attn.o_proj.weight (all 5 variants)
2026-08-17 17:09:28 SKIP cached model.layers.13.mlp.gate_proj.weight (all 5 variants)
2026-08-17 17:09:28 SKIP cached model.layers.13.mlp.up_proj.weight (all 5 variants)
2026-08-17 17:09:28 SKIP cached model.layers.13.mlp.down_proj.weight (all 5 variants)
2026-08-17 17:09:28 SKIP cached model.layers.14.self_attn.q_proj.weight (all 5 variants)
2026-08-17 17:09:28 SKIP cached model.layers.14.self_attn.k_proj.weight (all 5 variants)
2026-08-17 17:09:28 SKIP cached model.layers.14.self_attn.v_proj.weight (all 5 variants)
2026-08-17 17:09:28 SKIP cached model.layers.14.self_attn.o_proj.weight (all 5 variants)
2026-08-17 17:09:28 SKIP cached model.layers.14.mlp.gate_proj.weight (all 5 variants)
2026-08-17 17:09:28 SKIP cached model.layers.14.mlp.up_proj.weight (all 5 variants)
2026-08-17 17:09:29 SKIP cached model.layers.14.mlp.down_proj.weight (all 5 variants)
2026-08-17 17:09:29 SKIP cached model.layers.15.self_attn.q_proj.weight (all 5 variants)
2026-08-17 17:09:29 SKIP cached model.layers.15.self_attn.k_proj.weight (all 5 variants)
2026-08-17 17:09:29 SKIP cached model.layers.15.self_attn.v_proj.weight (all 5 variants)
2026-08-17 17:09:29 SKIP cached model.layers.15.self_attn.o_proj.weight (all 5 variants)
2026-08-17 17:09:29 SKIP cached model.layers.15.mlp.gate_proj.weight (all 5 variants)
2026-08-17 17:09:29 SKIP cached model.layers.15.mlp.up_proj.weight (all 5 variants)
2026-08-17 17:09:29 SKIP cached model.layers.15.mlp.down_proj.weight (all 5 variants)
2026-08-17 17:09:29 SKIP cached model.layers.16.self_attn.q_proj.weight (all 5 variants)
2026-08-17 17:09:29 SKIP cached model.layers.16.self_attn.k_proj.weight (all 5 variants)
2026-08-17 17:09:29 SKIP cached model.layers.16.self_attn.v_proj.weight (all 5 variants)
2026-08-17 17:09:29 SKIP cached model.layers.16.self_attn.o_proj.weight (all 5 variants)
2026-08-17 17:09:29 SKIP cached model.layers.16.mlp.gate_proj.weight (all 5 variants)
2026-08-17 17:09:29 SKIP cached model.layers.16.mlp.up_proj.weight (all 5 variants)
2026-08-17 17:09:29 SKIP cached model.layers.16.mlp.down_proj.weight (all 5 variants)
2026-08-17 17:09:29 SKIP cached model.layers.17.self_attn.q_proj.weight (all 5 variants)
2026-08-17 17:09:29 SKIP cached model.layers.17.self_attn.k_proj.weight (all 5 variants)
2026-08-17 17:09:29 SKIP cached model.layers.17.self_attn.v_proj.weight (all 5 variants)
2026-08-17 17:09:29 SKIP cached model.layers.17.self_attn.o_proj.weight (all 5 variants)
2026-08-17 17:09:29 SKIP cached model.layers.17.mlp.gate_proj.weight (all 5 variants)
2026-08-17 17:09:29 SKIP cached model.layers.17.mlp.up_proj.weight (all 5 variants)
2026-08-17 17:09:29 SKIP cached model.layers.17.mlp.down_proj.weight (all 5 variants)
2026-08-17 17:09:29 SKIP cached model.layers.18.self_attn.q_proj.weight (all 5 variants)
2026-08-17 17:09:29 SKIP cached model.layers.18.self_attn.k_proj.weight (all 5 variants)
2026-08-17 17:09:29 SKIP cached model.layers.18.self_attn.v_proj.weight (all 5 variants)
2026-08-17 17:09:29 SKIP cached model.layers.18.self_attn.o_proj.weight (all 5 variants)
2026-08-17 17:09:29 SKIP cached model.layers.18.mlp.gate_proj.weight (all 5 variants)
2026-08-17 17:09:29 SKIP cached model.layers.18.mlp.up_proj.weight (all 5 variants)
2026-08-17 17:09:29 SKIP cached model.layers.18.mlp.down_proj.weight (all 5 variants)
2026-08-17 17:09:29 SKIP cached model.layers.19.self_attn.q_proj.weight (all 5 variants)
2026-08-17 17:09:29 SKIP cached model.layers.19.self_attn.k_proj.weight (all 5 variants)
2026-08-17 17:09:29 SKIP cached model.layers.19.self_attn.v_proj.weight (all 5 variants)
2026-08-17 17:09:29 SKIP cached model.layers.19.self_attn.o_proj.weight (all 5 variants)
2026-08-17 17:09:30 SKIP cached model.layers.19.mlp.gate_proj.weight (all 5 variants)
2026-08-17 17:09:30 SKIP cached model.layers.19.mlp.up_proj.weight (all 5 variants)
2026-08-17 17:09:30 SKIP cached model.layers.19.mlp.down_proj.weight (all 5 variants)
2026-08-17 17:09:30 SKIP cached model.layers.20.self_attn.q_proj.weight (all 5 variants)
2026-08-17 17:09:30 SKIP cached model.layers.20.self_attn.k_proj.weight (all 5 variants)
2026-08-17 17:09:30 SKIP cached model.layers.20.self_attn.v_proj.weight (all 5 variants)
2026-08-17 17:09:30 SKIP cached model.layers.20.self_attn.o_proj.weight (all 5 variants)
2026-08-17 17:09:30 SKIP cached model.layers.20.mlp.gate_proj.weight (all 5 variants)
2026-08-17 17:09:30 SKIP cached model.layers.20.mlp.up_proj.weight (all 5 variants)
2026-08-17 17:09:30 SKIP cached model.layers.20.mlp.down_proj.weight (all 5 variants)
2026-08-17 17:09:30 SKIP cached model.layers.21.self_attn.q_proj.weight (all 5 variants)
2026-08-17 17:09:30 SKIP cached model.layers.21.self_attn.k_proj.weight (all 5 variants)
2026-08-17 17:09:30 SKIP cached model.layers.21.self_attn.v_proj.weight (all 5 variants)
2026-08-17 17:09:30 SKIP cached model.layers.21.self_attn.o_proj.weight (all 5 variants)
2026-08-17 17:09:30 SKIP cached model.layers.21.mlp.gate_proj.weight (all 5 variants)
2026-08-17 17:09:30 SKIP cached model.layers.21.mlp.up_proj.weight (all 5 variants)
2026-08-17 17:09:30 SKIP cached model.layers.21.mlp.down_proj.weight (all 5 variants)
2026-08-17 17:09:30 SKIP cached model.layers.22.self_attn.q_proj.weight (all 5 variants)
2026-08-17 17:09:30 SKIP cached model.layers.22.self_attn.k_proj.weight (all 5 variants)
2026-08-17 17:09:30 SKIP cached model.layers.22.self_attn.v_proj.weight (all 5 variants)
2026-08-17 17:09:30 SKIP cached model.layers.22.self_attn.o_proj.weight (all 5 variants)
2026-08-17 17:09:30 SKIP cached model.layers.22.mlp.gate_proj.weight (all 5 variants)
2026-08-17 17:09:30 SKIP cached model.layers.22.mlp.up_proj.weight (all 5 variants)
2026-08-17 17:09:30 SKIP cached model.layers.22.mlp.down_proj.weight (all 5 variants)
2026-08-17 17:09:30 SKIP cached model.layers.23.self_attn.q_proj.weight (all 5 variants)
2026-08-17 17:09:30 SKIP cached model.layers.23.self_attn.k_proj.weight (all 5 variants)
2026-08-17 17:09:30 SKIP cached model.layers.23.self_attn.v_proj.weight (all 5 variants)
2026-08-17 17:09:30 SKIP cached model.layers.23.self_attn.o_proj.weight (all 5 variants)
2026-08-17 17:09:30 SKIP cached model.layers.23.mlp.gate_proj.weight (all 5 variants)
2026-08-17 17:09:30 SKIP cached model.layers.23.mlp.up_proj.weight (all 5 variants)
2026-08-17 17:09:30 SKIP cached model.layers.23.mlp.down_proj.weight (all 5 variants)
2026-08-17 17:09:30 SKIP cached model.layers.24.self_attn.q_proj.weight (all 5 variants)
2026-08-17 17:09:30 SKIP cached model.layers.24.self_attn.k_proj.weight (all 5 variants)
2026-08-17 17:09:30 SKIP cached model.layers.24.self_attn.v_proj.weight (all 5 variants)
2026-08-17 17:09:31 SKIP cached model.layers.24.self_attn.o_proj.weight (all 5 variants)
2026-08-17 17:09:31 SKIP cached model.layers.24.mlp.gate_proj.weight (all 5 variants)
2026-08-17 17:09:31 SKIP cached model.layers.24.mlp.up_proj.weight (all 5 variants)
2026-08-17 17:09:31 SKIP cached model.layers.24.mlp.down_proj.weight (all 5 variants)
2026-08-17 17:09:31 SKIP cached model.layers.25.self_attn.q_proj.weight (all 5 variants)
2026-08-17 17:09:31 SKIP cached model.layers.25.self_attn.k_proj.weight (all 5 variants)
2026-08-17 17:09:31 SKIP cached model.layers.25.self_attn.v_proj.weight (all 5 variants)
2026-08-17 17:09:31 SKIP cached model.layers.25.self_attn.o_proj.weight (all 5 variants)
2026-08-17 17:09:31 SKIP cached model.layers.25.mlp.gate_proj.weight (all 5 variants)
2026-08-17 17:09:31 SKIP cached model.layers.25.mlp.up_proj.weight (all 5 variants)
2026-08-17 17:09:31 SKIP cached model.layers.25.mlp.down_proj.weight (all 5 variants)
2026-08-17 17:09:31 SKIP cached model.layers.26.self_attn.q_proj.weight (all 5 variants)
2026-08-17 17:09:31 SKIP cached model.layers.26.self_attn.k_proj.weight (all 5 variants)
2026-08-17 17:09:31 SKIP cached model.layers.26.self_attn.v_proj.weight (all 5 variants)
2026-08-17 17:09:31 SKIP cached model.layers.26.self_attn.o_proj.weight (all 5 variants)
2026-08-17 17:09:31 SKIP cached model.layers.26.mlp.gate_proj.weight (all 5 variants)
2026-08-17 17:09:31 SKIP cached model.layers.26.mlp.up_proj.weight (all 5 variants)
2026-08-17 17:09:31 SKIP cached model.layers.26.mlp.down_proj.weight (all 5 variants)
2026-08-17 17:09:31 SKIP cached model.layers.27.self_attn.q_proj.weight (all 5 variants)
2026-08-17 17:09:31 SKIP cached model.layers.27.self_attn.k_proj.weight (all 5 variants)
2026-08-17 17:09:31 SKIP cached model.layers.27.self_attn.v_proj.weight (all 5 variants)
2026-08-17 17:09:31 SKIP cached model.layers.27.self_attn.o_proj.weight (all 5 variants)
2026-08-17 17:09:31 SKIP cached model.layers.27.mlp.gate_proj.weight (all 5 variants)
2026-08-17 17:09:31 SKIP cached model.layers.27.mlp.up_proj.weight (all 5 variants)
2026-08-17 17:09:31 SKIP cached model.layers.27.mlp.down_proj.weight (all 5 variants)
2026-08-17 17:09:31 FIT done in 0.1 min
2026-08-17 17:09:33 HASH re-verify originals verified=True sha256=42fb692854712fa1c4d375c5cde965af...
2026-08-17 17:09:33 RUN phase3-20260817-170920 complete
2026-08-17 17:09:58 RUN phase3-20260817-170958 layout=phase3 model=Qwen3-1.7B config=c8p3 C=8 P=3 stage=eval n_seeds=16384 stage2_seeds=65535 layers_limit=None eval_mode=cached resume=True stack=c4ad6bb586c5|NVIDIA GeForce RTX 4090|torch2.11.0+cu128
2026-08-17 17:10:00 HASH originals sha256=42fb692854712fa1c4d375c5cde965af... verified=True
2026-08-17 17:12:46 EVAL model=Qwen3-1.7B loaded, 196 target tensors (layers_limit=None, eval_mode=cached)
2026-08-17 17:12:46 SKIP cached reference.json fp=6f7a7d9b5d3fd99d
2026-08-17 17:12:47 REFLOGITS 12 prompts (0.44 GB, 12 cached, 0.1s) -> /workspace/results/Qwen3-1.7B/ref_logits
2026-08-17 17:13:31 EVAL c8p3_seed_only       bpw=4.0000 mean_kl=1.551568 p95=8.335401 max=22.2420 top1=72.37% fp=b007f2fa0aa56ad1 (29.4s)
2026-08-17 17:13:55 EVAL c8p3_awq_p0.5        bpw=4.2400 mean_kl=0.508393 p95=2.410255 max=18.7899 top1=84.68% fp=e5d08170bca69a97 (23.8s)
2026-08-17 17:14:18 EVAL c8p3_awq_p1.0        bpw=4.4800 mean_kl=0.419095 p95=2.096748 max=15.7513 top1=86.73% fp=7ea008317f666ff0 (23.2s)
2026-08-17 17:14:43 EVAL c8p3_awq_p2.0        bpw=4.9600 mean_kl=0.367176 p95=1.691271 max=14.2722 top1=87.14% fp=aa9abe56bf878b3c (24.3s)
2026-08-17 17:15:07 EVAL rtn4                 bpw=4.5000 mean_kl=0.176448 p95=0.895672 max=7.7504 top1=91.66% fp=2b0802153224bacc (24.4s)
2026-08-17 17:15:08 WARN q4km: 196 tensors missing from cache -> skipping variant
2026-08-17 17:15:08 WARN q3km: 196 tensors missing from cache -> skipping variant
2026-08-17 17:15:09 WARN awq_w4: 196 tensors missing from cache -> skipping variant
2026-08-17 17:15:17 EVAL bf16                 bpw=16.0000 mean_kl=0.000000 p95=0.000000 max=0.0000 top1=100.00% fp=6f7a7d9b5d3fd99d (8.2s)
2026-08-17 17:15:17 EVAL done in 5.3 min
2026-08-17 17:15:18 GATE INCOMPLETE pass_a=None pass_b=None best_seed=c8p3_awq_p2.0 @4.9600 bpw
2026-08-17 17:15:23 HASH re-verify originals verified=True sha256=42fb692854712fa1c4d375c5cde965af...
2026-08-17 17:15:23 RUN phase3-20260817-170958 complete
2026-08-17 17:16:01 RUN phase3-20260817-171601 layout=phase3 model=Qwen3-1.7B config=c12p4 C=12 P=4 stage=fit n_seeds=16384 stage2_seeds=65535 layers_limit=None eval_mode=cached resume=True stack=c4ad6bb586c5|NVIDIA GeForce RTX 4090|torch2.11.0+cu128
2026-08-17 17:16:03 HASH originals sha256=42fb692854712fa1c4d375c5cde965af... verified=True
2026-08-17 17:16:04 SKIP cached act_scales (196 tensors)
2026-08-17 17:16:04 FIT start model=Qwen3-1.7B config=c12p4 C=12 P=4 tensors=196 variants=5 n_seeds=16384 units=980
2026-08-17 17:16:04 SKIP cached model.layers.0.self_attn.q_proj.weight (all 5 variants)
2026-08-17 17:16:04 SKIP cached model.layers.0.self_attn.k_proj.weight (all 5 variants)
2026-08-17 17:16:04 SKIP cached model.layers.0.self_attn.v_proj.weight (all 5 variants)
2026-08-17 17:16:04 SKIP cached model.layers.0.self_attn.o_proj.weight (all 5 variants)
2026-08-17 17:16:04 SKIP cached model.layers.0.mlp.gate_proj.weight (all 5 variants)
2026-08-17 17:16:04 SKIP cached model.layers.0.mlp.up_proj.weight (all 5 variants)
2026-08-17 17:16:04 SKIP cached model.layers.0.mlp.down_proj.weight (all 5 variants)
2026-08-17 17:16:04 SKIP cached model.layers.1.self_attn.q_proj.weight (all 5 variants)
2026-08-17 17:16:04 SKIP cached model.layers.1.self_attn.k_proj.weight (all 5 variants)
2026-08-17 17:16:04 SKIP cached model.layers.1.self_attn.v_proj.weight (all 5 variants)
2026-08-17 17:16:04 SKIP cached model.layers.1.self_attn.o_proj.weight (all 5 variants)
2026-08-17 17:16:04 SKIP cached model.layers.1.mlp.gate_proj.weight (all 5 variants)
2026-08-17 17:16:04 SKIP cached model.layers.1.mlp.up_proj.weight (all 5 variants)
2026-08-17 17:16:04 SKIP cached model.layers.1.mlp.down_proj.weight (all 5 variants)
2026-08-17 17:16:04 SKIP cached model.layers.2.self_attn.q_proj.weight (all 5 variants)
2026-08-17 17:16:04 SKIP cached model.layers.2.self_attn.k_proj.weight (all 5 variants)
2026-08-17 17:16:04 SKIP cached model.layers.2.self_attn.v_proj.weight (all 5 variants)
2026-08-17 17:16:04 SKIP cached model.layers.2.self_attn.o_proj.weight (all 5 variants)
2026-08-17 17:16:04 SKIP cached model.layers.2.mlp.gate_proj.weight (all 5 variants)
2026-08-17 17:16:04 SKIP cached model.layers.2.mlp.up_proj.weight (all 5 variants)
2026-08-17 17:16:05 SKIP cached model.layers.2.mlp.down_proj.weight (all 5 variants)
2026-08-17 17:16:05 SKIP cached model.layers.3.self_attn.q_proj.weight (all 5 variants)
2026-08-17 17:16:05 SKIP cached model.layers.3.self_attn.k_proj.weight (all 5 variants)
2026-08-17 17:16:05 SKIP cached model.layers.3.self_attn.v_proj.weight (all 5 variants)
2026-08-17 17:16:05 SKIP cached model.layers.3.self_attn.o_proj.weight (all 5 variants)
2026-08-17 17:16:05 SKIP cached model.layers.3.mlp.gate_proj.weight (all 5 variants)
2026-08-17 17:16:05 SKIP cached model.layers.3.mlp.up_proj.weight (all 5 variants)
2026-08-17 17:16:05 SKIP cached model.layers.3.mlp.down_proj.weight (all 5 variants)
2026-08-17 17:16:05 SKIP cached model.layers.4.self_attn.q_proj.weight (all 5 variants)
2026-08-17 17:16:05 SKIP cached model.layers.4.self_attn.k_proj.weight (all 5 variants)
2026-08-17 17:16:05 SKIP cached model.layers.4.self_attn.v_proj.weight (all 5 variants)
2026-08-17 17:16:05 SKIP cached model.layers.4.self_attn.o_proj.weight (all 5 variants)
2026-08-17 17:16:05 SKIP cached model.layers.4.mlp.gate_proj.weight (all 5 variants)
2026-08-17 17:16:05 SKIP cached model.layers.4.mlp.up_proj.weight (all 5 variants)
2026-08-17 17:16:05 SKIP cached model.layers.4.mlp.down_proj.weight (all 5 variants)
2026-08-17 17:16:05 SKIP cached model.layers.5.self_attn.q_proj.weight (all 5 variants)
2026-08-17 17:16:05 SKIP cached model.layers.5.self_attn.k_proj.weight (all 5 variants)
2026-08-17 17:16:05 SKIP cached model.layers.5.self_attn.v_proj.weight (all 5 variants)
2026-08-17 17:16:05 SKIP cached model.layers.5.self_attn.o_proj.weight (all 5 variants)
2026-08-17 17:16:05 SKIP cached model.layers.5.mlp.gate_proj.weight (all 5 variants)
2026-08-17 17:16:05 SKIP cached model.layers.5.mlp.up_proj.weight (all 5 variants)
2026-08-17 17:16:06 SKIP cached model.layers.5.mlp.down_proj.weight (all 5 variants)
2026-08-17 17:16:06 SKIP cached model.layers.6.self_attn.q_proj.weight (all 5 variants)
2026-08-17 17:16:06 SKIP cached model.layers.6.self_attn.k_proj.weight (all 5 variants)
2026-08-17 17:16:06 SKIP cached model.layers.6.self_attn.v_proj.weight (all 5 variants)
2026-08-17 17:16:06 SKIP cached model.layers.6.self_attn.o_proj.weight (all 5 variants)
2026-08-17 17:16:06 SKIP cached model.layers.6.mlp.gate_proj.weight (all 5 variants)
2026-08-17 17:16:06 SKIP cached model.layers.6.mlp.up_proj.weight (all 5 variants)
2026-08-17 17:16:06 SKIP cached model.layers.6.mlp.down_proj.weight (all 5 variants)
2026-08-17 17:16:06 SKIP cached model.layers.7.self_attn.q_proj.weight (all 5 variants)
2026-08-17 17:16:06 SKIP cached model.layers.7.self_attn.k_proj.weight (all 5 variants)
2026-08-17 17:16:06 SKIP cached model.layers.7.self_attn.v_proj.weight (all 5 variants)
2026-08-17 17:16:06 SKIP cached model.layers.7.self_attn.o_proj.weight (all 5 variants)
2026-08-17 17:16:06 SKIP cached model.layers.7.mlp.gate_proj.weight (all 5 variants)
2026-08-17 17:16:06 SKIP cached model.layers.7.mlp.up_proj.weight (all 5 variants)
2026-08-17 17:16:06 SKIP cached model.layers.7.mlp.down_proj.weight (all 5 variants)
2026-08-17 17:16:06 SKIP cached model.layers.8.self_attn.q_proj.weight (all 5 variants)
2026-08-17 17:16:06 SKIP cached model.layers.8.self_attn.k_proj.weight (all 5 variants)
2026-08-17 17:16:06 SKIP cached model.layers.8.self_attn.v_proj.weight (all 5 variants)
2026-08-17 17:16:06 SKIP cached model.layers.8.self_attn.o_proj.weight (all 5 variants)
2026-08-17 17:16:06 SKIP cached model.layers.8.mlp.gate_proj.weight (all 5 variants)
2026-08-17 17:16:06 SKIP cached model.layers.8.mlp.up_proj.weight (all 5 variants)
2026-08-17 17:16:06 SKIP cached model.layers.8.mlp.down_proj.weight (all 5 variants)
2026-08-17 17:16:06 SKIP cached model.layers.9.self_attn.q_proj.weight (all 5 variants)
2026-08-17 17:16:07 SKIP cached model.layers.9.self_attn.k_proj.weight (all 5 variants)
2026-08-17 17:16:07 SKIP cached model.layers.9.self_attn.v_proj.weight (all 5 variants)
2026-08-17 17:16:07 SKIP cached model.layers.9.self_attn.o_proj.weight (all 5 variants)
2026-08-17 17:16:07 SKIP cached model.layers.9.mlp.gate_proj.weight (all 5 variants)
2026-08-17 17:16:07 SKIP cached model.layers.9.mlp.up_proj.weight (all 5 variants)
2026-08-17 17:16:07 SKIP cached model.layers.9.mlp.down_proj.weight (all 5 variants)
2026-08-17 17:16:07 SKIP cached model.layers.10.self_attn.q_proj.weight (all 5 variants)
2026-08-17 17:16:07 SKIP cached model.layers.10.self_attn.k_proj.weight (all 5 variants)
2026-08-17 17:16:07 SKIP cached model.layers.10.self_attn.v_proj.weight (all 5 variants)
2026-08-17 17:16:07 SKIP cached model.layers.10.self_attn.o_proj.weight (all 5 variants)
2026-08-17 17:16:07 SKIP cached model.layers.10.mlp.gate_proj.weight (all 5 variants)
2026-08-17 17:16:07 SKIP cached model.layers.10.mlp.up_proj.weight (all 5 variants)
2026-08-17 17:16:07 SKIP cached model.layers.10.mlp.down_proj.weight (all 5 variants)
2026-08-17 17:16:07 SKIP cached model.layers.11.self_attn.q_proj.weight (all 5 variants)
2026-08-17 17:16:07 SKIP cached model.layers.11.self_attn.k_proj.weight (all 5 variants)
2026-08-17 17:16:07 SKIP cached model.layers.11.self_attn.v_proj.weight (all 5 variants)
2026-08-17 17:16:07 SKIP cached model.layers.11.self_attn.o_proj.weight (all 5 variants)
2026-08-17 17:16:07 SKIP cached model.layers.11.mlp.gate_proj.weight (all 5 variants)
2026-08-17 17:16:07 SKIP cached model.layers.11.mlp.up_proj.weight (all 5 variants)
2026-08-17 17:16:07 SKIP cached model.layers.11.mlp.down_proj.weight (all 5 variants)
2026-08-17 17:16:07 SKIP cached model.layers.12.self_attn.q_proj.weight (all 5 variants)
2026-08-17 17:16:07 SKIP cached model.layers.12.self_attn.k_proj.weight (all 5 variants)
2026-08-17 17:16:07 SKIP cached model.layers.12.self_attn.v_proj.weight (all 5 variants)
2026-08-17 17:16:08 SKIP cached model.layers.12.self_attn.o_proj.weight (all 5 variants)
2026-08-17 17:16:08 SKIP cached model.layers.12.mlp.gate_proj.weight (all 5 variants)
2026-08-17 17:16:08 SKIP cached model.layers.12.mlp.up_proj.weight (all 5 variants)
2026-08-17 17:16:08 SKIP cached model.layers.12.mlp.down_proj.weight (all 5 variants)
2026-08-17 17:16:08 SKIP cached model.layers.13.self_attn.q_proj.weight (all 5 variants)
2026-08-17 17:16:08 SKIP cached model.layers.13.self_attn.k_proj.weight (all 5 variants)
2026-08-17 17:16:08 SKIP cached model.layers.13.self_attn.v_proj.weight (all 5 variants)
2026-08-17 17:16:08 SKIP cached model.layers.13.self_attn.o_proj.weight (all 5 variants)
2026-08-17 17:16:08 SKIP cached model.layers.13.mlp.gate_proj.weight (all 5 variants)
2026-08-17 17:16:08 SKIP cached model.layers.13.mlp.up_proj.weight (all 5 variants)
2026-08-17 17:16:08 SKIP cached model.layers.13.mlp.down_proj.weight (all 5 variants)
2026-08-17 17:16:08 SKIP cached model.layers.14.self_attn.q_proj.weight (all 5 variants)
2026-08-17 17:16:08 SKIP cached model.layers.14.self_attn.k_proj.weight (all 5 variants)
2026-08-17 17:16:08 SKIP cached model.layers.14.self_attn.v_proj.weight (all 5 variants)
2026-08-17 17:16:08 SKIP cached model.layers.14.self_attn.o_proj.weight (all 5 variants)
2026-08-17 17:16:08 SKIP cached model.layers.14.mlp.gate_proj.weight (all 5 variants)
2026-08-17 17:16:08 SKIP cached model.layers.14.mlp.up_proj.weight (all 5 variants)
2026-08-17 17:16:08 SKIP cached model.layers.14.mlp.down_proj.weight (all 5 variants)
2026-08-17 17:16:08 SKIP cached model.layers.15.self_attn.q_proj.weight (all 5 variants)
2026-08-17 17:16:08 SKIP cached model.layers.15.self_attn.k_proj.weight (all 5 variants)
2026-08-17 17:16:08 SKIP cached model.layers.15.self_attn.v_proj.weight (all 5 variants)
2026-08-17 17:16:08 SKIP cached model.layers.15.self_attn.o_proj.weight (all 5 variants)
2026-08-17 17:16:08 SKIP cached model.layers.15.mlp.gate_proj.weight (all 5 variants)
2026-08-17 17:16:08 SKIP cached model.layers.15.mlp.up_proj.weight (all 5 variants)
2026-08-17 17:16:09 SKIP cached model.layers.15.mlp.down_proj.weight (all 5 variants)
2026-08-17 17:16:09 SKIP cached model.layers.16.self_attn.q_proj.weight (all 5 variants)
2026-08-17 17:16:09 SKIP cached model.layers.16.self_attn.k_proj.weight (all 5 variants)
2026-08-17 17:16:09 SKIP cached model.layers.16.self_attn.v_proj.weight (all 5 variants)
2026-08-17 17:16:09 SKIP cached model.layers.16.self_attn.o_proj.weight (all 5 variants)
2026-08-17 17:16:09 SKIP cached model.layers.16.mlp.gate_proj.weight (all 5 variants)
2026-08-17 17:16:09 SKIP cached model.layers.16.mlp.up_proj.weight (all 5 variants)
2026-08-17 17:16:09 SKIP cached model.layers.16.mlp.down_proj.weight (all 5 variants)
2026-08-17 17:16:09 SKIP cached model.layers.17.self_attn.q_proj.weight (all 5 variants)
2026-08-17 17:16:09 SKIP cached model.layers.17.self_attn.k_proj.weight (all 5 variants)
2026-08-17 17:16:09 SKIP cached model.layers.17.self_attn.v_proj.weight (all 5 variants)
2026-08-17 17:16:09 SKIP cached model.layers.17.self_attn.o_proj.weight (all 5 variants)
2026-08-17 17:16:09 SKIP cached model.layers.17.mlp.gate_proj.weight (all 5 variants)
2026-08-17 17:16:09 SKIP cached model.layers.17.mlp.up_proj.weight (all 5 variants)
2026-08-17 17:16:09 SKIP cached model.layers.17.mlp.down_proj.weight (all 5 variants)
2026-08-17 17:16:09 SKIP cached model.layers.18.self_attn.q_proj.weight (all 5 variants)
2026-08-17 17:16:09 SKIP cached model.layers.18.self_attn.k_proj.weight (all 5 variants)
2026-08-17 17:16:09 SKIP cached model.layers.18.self_attn.v_proj.weight (all 5 variants)
2026-08-17 17:16:09 SKIP cached model.layers.18.self_attn.o_proj.weight (all 5 variants)
2026-08-17 17:16:09 SKIP cached model.layers.18.mlp.gate_proj.weight (all 5 variants)
2026-08-17 17:16:09 SKIP cached model.layers.18.mlp.up_proj.weight (all 5 variants)
2026-08-17 17:16:09 SKIP cached model.layers.18.mlp.down_proj.weight (all 5 variants)
2026-08-17 17:16:09 SKIP cached model.layers.19.self_attn.q_proj.weight (all 5 variants)
2026-08-17 17:16:09 SKIP cached model.layers.19.self_attn.k_proj.weight (all 5 variants)
2026-08-17 17:16:09 SKIP cached model.layers.19.self_attn.v_proj.weight (all 5 variants)
2026-08-17 17:16:09 SKIP cached model.layers.19.self_attn.o_proj.weight (all 5 variants)
2026-08-17 17:16:10 SKIP cached model.layers.19.mlp.gate_proj.weight (all 5 variants)
2026-08-17 17:16:10 SKIP cached model.layers.19.mlp.up_proj.weight (all 5 variants)
2026-08-17 17:16:10 SKIP cached model.layers.19.mlp.down_proj.weight (all 5 variants)
2026-08-17 17:16:10 SKIP cached model.layers.20.self_attn.q_proj.weight (all 5 variants)
2026-08-17 17:16:10 SKIP cached model.layers.20.self_attn.k_proj.weight (all 5 variants)
2026-08-17 17:16:10 SKIP cached model.layers.20.self_attn.v_proj.weight (all 5 variants)
2026-08-17 17:16:10 SKIP cached model.layers.20.self_attn.o_proj.weight (all 5 variants)
2026-08-17 17:16:10 SKIP cached model.layers.20.mlp.gate_proj.weight (all 5 variants)
2026-08-17 17:16:10 SKIP cached model.layers.20.mlp.up_proj.weight (all 5 variants)
2026-08-17 17:16:10 SKIP cached model.layers.20.mlp.down_proj.weight (all 5 variants)
2026-08-17 17:16:10 SKIP cached model.layers.21.self_attn.q_proj.weight (all 5 variants)
2026-08-17 17:16:10 SKIP cached model.layers.21.self_attn.k_proj.weight (all 5 variants)
2026-08-17 17:16:10 SKIP cached model.layers.21.self_attn.v_proj.weight (all 5 variants)
2026-08-17 17:16:10 SKIP cached model.layers.21.self_attn.o_proj.weight (all 5 variants)
2026-08-17 17:16:10 SKIP cached model.layers.21.mlp.gate_proj.weight (all 5 variants)
2026-08-17 17:16:10 SKIP cached model.layers.21.mlp.up_proj.weight (all 5 variants)
2026-08-17 17:16:10 SKIP cached model.layers.21.mlp.down_proj.weight (all 5 variants)
2026-08-17 17:16:10 SKIP cached model.layers.22.self_attn.q_proj.weight (all 5 variants)
2026-08-17 17:16:10 SKIP cached model.layers.22.self_attn.k_proj.weight (all 5 variants)
2026-08-17 17:16:10 SKIP cached model.layers.22.self_attn.v_proj.weight (all 5 variants)
2026-08-17 17:16:10 SKIP cached model.layers.22.self_attn.o_proj.weight (all 5 variants)
2026-08-17 17:16:10 SKIP cached model.layers.22.mlp.gate_proj.weight (all 5 variants)
2026-08-17 17:16:10 SKIP cached model.layers.22.mlp.up_proj.weight (all 5 variants)
2026-08-17 17:16:10 SKIP cached model.layers.22.mlp.down_proj.weight (all 5 variants)
2026-08-17 17:16:10 SKIP cached model.layers.23.self_attn.q_proj.weight (all 5 variants)
2026-08-17 17:16:11 SKIP cached model.layers.23.self_attn.k_proj.weight (all 5 variants)
2026-08-17 17:16:11 SKIP cached model.layers.23.self_attn.v_proj.weight (all 5 variants)
2026-08-17 17:16:11 SKIP cached model.layers.23.self_attn.o_proj.weight (all 5 variants)
2026-08-17 17:16:11 SKIP cached model.layers.23.mlp.gate_proj.weight (all 5 variants)
2026-08-17 17:16:11 SKIP cached model.layers.23.mlp.up_proj.weight (all 5 variants)
2026-08-17 17:16:11 SKIP cached model.layers.23.mlp.down_proj.weight (all 5 variants)
2026-08-17 17:16:11 SKIP cached model.layers.24.self_attn.q_proj.weight (all 5 variants)
2026-08-17 17:16:11 SKIP cached model.layers.24.self_attn.k_proj.weight (all 5 variants)
2026-08-17 17:16:11 SKIP cached model.layers.24.self_attn.v_proj.weight (all 5 variants)
2026-08-17 17:16:11 SKIP cached model.layers.24.self_attn.o_proj.weight (all 5 variants)
2026-08-17 17:16:11 SKIP cached model.layers.24.mlp.gate_proj.weight (all 5 variants)
2026-08-17 17:16:11 SKIP cached model.layers.24.mlp.up_proj.weight (all 5 variants)
2026-08-17 17:16:11 SKIP cached model.layers.24.mlp.down_proj.weight (all 5 variants)
2026-08-17 17:16:11 SKIP cached model.layers.25.self_attn.q_proj.weight (all 5 variants)
2026-08-17 17:16:11 SKIP cached model.layers.25.self_attn.k_proj.weight (all 5 variants)
2026-08-17 17:16:11 SKIP cached model.layers.25.self_attn.v_proj.weight (all 5 variants)
2026-08-17 17:16:11 SKIP cached model.layers.25.self_attn.o_proj.weight (all 5 variants)
2026-08-17 17:16:11 SKIP cached model.layers.25.mlp.gate_proj.weight (all 5 variants)
2026-08-17 17:16:11 SKIP cached model.layers.25.mlp.up_proj.weight (all 5 variants)
2026-08-17 17:16:11 SKIP cached model.layers.25.mlp.down_proj.weight (all 5 variants)
2026-08-17 17:16:11 SKIP cached model.layers.26.self_attn.q_proj.weight (all 5 variants)
2026-08-17 17:16:11 SKIP cached model.layers.26.self_attn.k_proj.weight (all 5 variants)
2026-08-17 17:16:11 SKIP cached model.layers.26.self_attn.v_proj.weight (all 5 variants)
2026-08-17 17:16:11 SKIP cached model.layers.26.self_attn.o_proj.weight (all 5 variants)
2026-08-17 17:16:12 SKIP cached model.layers.26.mlp.gate_proj.weight (all 5 variants)
2026-08-17 17:16:12 SKIP cached model.layers.26.mlp.up_proj.weight (all 5 variants)
2026-08-17 17:16:12 SKIP cached model.layers.26.mlp.down_proj.weight (all 5 variants)
2026-08-17 17:16:12 SKIP cached model.layers.27.self_attn.q_proj.weight (all 5 variants)
2026-08-17 17:16:12 SKIP cached model.layers.27.self_attn.k_proj.weight (all 5 variants)
2026-08-17 17:16:12 SKIP cached model.layers.27.self_attn.v_proj.weight (all 5 variants)
2026-08-17 17:16:12 SKIP cached model.layers.27.self_attn.o_proj.weight (all 5 variants)
2026-08-17 17:16:12 SKIP cached model.layers.27.mlp.gate_proj.weight (all 5 variants)
2026-08-17 17:16:12 SKIP cached model.layers.27.mlp.up_proj.weight (all 5 variants)
2026-08-17 17:16:12 SKIP cached model.layers.27.mlp.down_proj.weight (all 5 variants)
2026-08-17 17:16:12 FIT done in 0.1 min
2026-08-17 17:16:14 HASH re-verify originals verified=True sha256=42fb692854712fa1c4d375c5cde965af...
2026-08-17 17:16:14 RUN phase3-20260817-171601 complete
2026-08-17 17:16:49 RUN phase3-20260817-171649 layout=phase3 model=Qwen3-1.7B config=c12p4 C=12 P=4 stage=eval n_seeds=16384 stage2_seeds=65535 layers_limit=None eval_mode=cached resume=True stack=c4ad6bb586c5|NVIDIA GeForce RTX 4090|torch2.11.0+cu128
2026-08-17 17:16:51 HASH originals sha256=42fb692854712fa1c4d375c5cde965af... verified=True
2026-08-17 17:19:18 EVAL model=Qwen3-1.7B loaded, 196 target tensors (layers_limit=None, eval_mode=cached)
2026-08-17 17:19:18 SKIP cached reference.json fp=6f7a7d9b5d3fd99d
2026-08-17 17:19:18 REFLOGITS 12 prompts (0.44 GB, 12 cached, 0.1s) -> /workspace/results/Qwen3-1.7B/ref_logits
2026-08-17 17:20:13 EVAL c12p4_seed_only      bpw=3.0000 mean_kl=7.965954 p95=17.522995 max=26.0041 top1=13.00% fp=20ecf1464cdd6ffa (40.5s)
2026-08-17 17:20:43 EVAL c12p4_awq_p0.5       bpw=3.2400 mean_kl=2.089245 p95=10.681951 max=28.6640 top1=63.75% fp=8e52ee1e22df5d68 (29.9s)
2026-08-17 17:21:07 EVAL c12p4_awq_p1.0       bpw=3.4800 mean_kl=1.818086 p95=9.715585 max=25.5448 top1=66.21% fp=a6aab0066610fa84 (24.4s)
2026-08-17 17:21:39 EVAL c12p4_awq_p2.0       bpw=3.9600 mean_kl=1.407505 p95=7.227408 max=41.7187 top1=68.67% fp=6ab697470053d651 (31.3s)
2026-08-17 17:22:03 EVAL rtn4                 bpw=4.5000 mean_kl=0.176448 p95=0.895672 max=7.7504 top1=91.66% fp=2b0802153224bacc (24.2s)
2026-08-17 17:22:03 WARN q4km: 196 tensors missing from cache -> skipping variant
2026-08-17 17:22:04 WARN q3km: 196 tensors missing from cache -> skipping variant
2026-08-17 17:22:05 WARN awq_w4: 196 tensors missing from cache -> skipping variant
2026-08-17 17:22:13 EVAL bf16                 bpw=16.0000 mean_kl=0.000000 p95=0.000000 max=0.0000 top1=100.00% fp=6f7a7d9b5d3fd99d (8.4s)
2026-08-17 17:22:13 EVAL done in 5.4 min
2026-08-17 17:22:14 GATE INCOMPLETE pass_a=None pass_b=None best_seed=c8p3_awq_p2.0 @4.9600 bpw
2026-08-17 17:22:19 HASH re-verify originals verified=True sha256=42fb692854712fa1c4d375c5cde965af...
2026-08-17 17:22:19 RUN phase3-20260817-171649 complete
2026-08-17 21:40:29 RUN phase3-20260817-214029 layout=phase3 model=Qwen3-1.7B config=c8p3 C=8 P=3 stage=fit n_seeds=16384 stage2_seeds=65535 layers_limit=None eval_mode=cached resume=True stack=c4ad6bb586c5|NVIDIA GeForce RTX 4090|torch2.11.0+cu128
2026-08-17 21:40:35 HASH originals sha256=42fb692854712fa1c4d375c5cde965af... verified=True
2026-08-17 21:40:35 SKIP cached act_scales (196 tensors)
2026-08-17 21:40:35 FIT start model=Qwen3-1.7B config=c8p3 C=8 P=3 tensors=196 variants=5 n_seeds=16384 units=980
2026-08-17 21:40:35 SKIP cached model.layers.0.self_attn.q_proj.weight (all 5 variants)
2026-08-17 21:40:35 SKIP cached model.layers.0.self_attn.k_proj.weight (all 5 variants)
2026-08-17 21:40:35 SKIP cached model.layers.0.self_attn.v_proj.weight (all 5 variants)
2026-08-17 21:40:35 SKIP cached model.layers.0.self_attn.o_proj.weight (all 5 variants)
2026-08-17 21:40:35 SKIP cached model.layers.0.mlp.gate_proj.weight (all 5 variants)
2026-08-17 21:40:35 SKIP cached model.layers.0.mlp.up_proj.weight (all 5 variants)
2026-08-17 21:40:35 SKIP cached model.layers.0.mlp.down_proj.weight (all 5 variants)
2026-08-17 21:40:35 SKIP cached model.layers.1.self_attn.q_proj.weight (all 5 variants)
2026-08-17 21:40:35 SKIP cached model.layers.1.self_attn.k_proj.weight (all 5 variants)
2026-08-17 21:40:35 SKIP cached model.layers.1.self_attn.v_proj.weight (all 5 variants)
2026-08-17 21:40:35 SKIP cached model.layers.1.self_attn.o_proj.weight (all 5 variants)
2026-08-17 21:40:35 SKIP cached model.layers.1.mlp.gate_proj.weight (all 5 variants)
2026-08-17 21:40:35 SKIP cached model.layers.1.mlp.up_proj.weight (all 5 variants)
2026-08-17 21:40:35 SKIP cached model.layers.1.mlp.down_proj.weight (all 5 variants)
2026-08-17 21:40:35 SKIP cached model.layers.2.self_attn.q_proj.weight (all 5 variants)
2026-08-17 21:40:35 SKIP cached model.layers.2.self_attn.k_proj.weight (all 5 variants)
2026-08-17 21:40:35 SKIP cached model.layers.2.self_attn.v_proj.weight (all 5 variants)
2026-08-17 21:40:35 SKIP cached model.layers.2.self_attn.o_proj.weight (all 5 variants)
2026-08-17 21:40:35 SKIP cached model.layers.2.mlp.gate_proj.weight (all 5 variants)
2026-08-17 21:40:35 SKIP cached model.layers.2.mlp.up_proj.weight (all 5 variants)
2026-08-17 21:40:36 SKIP cached model.layers.2.mlp.down_proj.weight (all 5 variants)
2026-08-17 21:40:36 SKIP cached model.layers.3.self_attn.q_proj.weight (all 5 variants)
2026-08-17 21:40:36 SKIP cached model.layers.3.self_attn.k_proj.weight (all 5 variants)
2026-08-17 21:40:36 SKIP cached model.layers.3.self_attn.v_proj.weight (all 5 variants)
2026-08-17 21:40:36 SKIP cached model.layers.3.self_attn.o_proj.weight (all 5 variants)
2026-08-17 21:40:36 SKIP cached model.layers.3.mlp.gate_proj.weight (all 5 variants)
2026-08-17 21:40:36 SKIP cached model.layers.3.mlp.up_proj.weight (all 5 variants)
2026-08-17 21:40:36 SKIP cached model.layers.3.mlp.down_proj.weight (all 5 variants)
2026-08-17 21:40:36 SKIP cached model.layers.4.self_attn.q_proj.weight (all 5 variants)
2026-08-17 21:40:36 SKIP cached model.layers.4.self_attn.k_proj.weight (all 5 variants)
2026-08-17 21:40:36 SKIP cached model.layers.4.self_attn.v_proj.weight (all 5 variants)
2026-08-17 21:40:36 SKIP cached model.layers.4.self_attn.o_proj.weight (all 5 variants)
2026-08-17 21:40:36 SKIP cached model.layers.4.mlp.gate_proj.weight (all 5 variants)
2026-08-17 21:40:36 SKIP cached model.layers.4.mlp.up_proj.weight (all 5 variants)
2026-08-17 21:40:36 SKIP cached model.layers.4.mlp.down_proj.weight (all 5 variants)
2026-08-17 21:40:36 SKIP cached model.layers.5.self_attn.q_proj.weight (all 5 variants)
2026-08-17 21:40:36 SKIP cached model.layers.5.self_attn.k_proj.weight (all 5 variants)
2026-08-17 21:40:36 SKIP cached model.layers.5.self_attn.v_proj.weight (all 5 variants)
2026-08-17 21:40:36 SKIP cached model.layers.5.self_attn.o_proj.weight (all 5 variants)
2026-08-17 21:40:36 SKIP cached model.layers.5.mlp.gate_proj.weight (all 5 variants)
2026-08-17 21:40:36 SKIP cached model.layers.5.mlp.up_proj.weight (all 5 variants)
2026-08-17 21:40:36 SKIP cached model.layers.5.mlp.down_proj.weight (all 5 variants)
2026-08-17 21:40:36 SKIP cached model.layers.6.self_attn.q_proj.weight (all 5 variants)
2026-08-17 21:40:36 SKIP cached model.layers.6.self_attn.k_proj.weight (all 5 variants)
2026-08-17 21:40:36 SKIP cached model.layers.6.self_attn.v_proj.weight (all 5 variants)
2026-08-17 21:40:36 SKIP cached model.layers.6.self_attn.o_proj.weight (all 5 variants)
2026-08-17 21:40:36 SKIP cached model.layers.6.mlp.gate_proj.weight (all 5 variants)
2026-08-17 21:40:36 SKIP cached model.layers.6.mlp.up_proj.weight (all 5 variants)
2026-08-17 21:40:36 SKIP cached model.layers.6.mlp.down_proj.weight (all 5 variants)
2026-08-17 21:40:36 SKIP cached model.layers.7.self_attn.q_proj.weight (all 5 variants)
2026-08-17 21:40:36 SKIP cached model.layers.7.self_attn.k_proj.weight (all 5 variants)
2026-08-17 21:40:36 SKIP cached model.layers.7.self_attn.v_proj.weight (all 5 variants)
2026-08-17 21:40:36 SKIP cached model.layers.7.self_attn.o_proj.weight (all 5 variants)
2026-08-17 21:40:36 SKIP cached model.layers.7.mlp.gate_proj.weight (all 5 variants)
2026-08-17 21:40:37 SKIP cached model.layers.7.mlp.up_proj.weight (all 5 variants)
2026-08-17 21:40:37 SKIP cached model.layers.7.mlp.down_proj.weight (all 5 variants)
2026-08-17 21:40:37 SKIP cached model.layers.8.self_attn.q_proj.weight (all 5 variants)
2026-08-17 21:40:37 SKIP cached model.layers.8.self_attn.k_proj.weight (all 5 variants)
2026-08-17 21:40:37 SKIP cached model.layers.8.self_attn.v_proj.weight (all 5 variants)
2026-08-17 21:40:37 SKIP cached model.layers.8.self_attn.o_proj.weight (all 5 variants)
2026-08-17 21:40:37 SKIP cached model.layers.8.mlp.gate_proj.weight (all 5 variants)
2026-08-17 21:40:37 SKIP cached model.layers.8.mlp.up_proj.weight (all 5 variants)
2026-08-17 21:40:37 SKIP cached model.layers.8.mlp.down_proj.weight (all 5 variants)
2026-08-17 21:40:37 SKIP cached model.layers.9.self_attn.q_proj.weight (all 5 variants)
2026-08-17 21:40:37 SKIP cached model.layers.9.self_attn.k_proj.weight (all 5 variants)
2026-08-17 21:40:37 SKIP cached model.layers.9.self_attn.v_proj.weight (all 5 variants)
2026-08-17 21:40:37 SKIP cached model.layers.9.self_attn.o_proj.weight (all 5 variants)
2026-08-17 21:40:37 SKIP cached model.layers.9.mlp.gate_proj.weight (all 5 variants)
2026-08-17 21:40:37 SKIP cached model.layers.9.mlp.up_proj.weight (all 5 variants)
2026-08-17 21:40:37 SKIP cached model.layers.9.mlp.down_proj.weight (all 5 variants)
2026-08-17 21:40:37 SKIP cached model.layers.10.self_attn.q_proj.weight (all 5 variants)
2026-08-17 21:40:37 SKIP cached model.layers.10.self_attn.k_proj.weight (all 5 variants)
2026-08-17 21:40:37 SKIP cached model.layers.10.self_attn.v_proj.weight (all 5 variants)
2026-08-17 21:40:37 SKIP cached model.layers.10.self_attn.o_proj.weight (all 5 variants)
2026-08-17 21:40:37 SKIP cached model.layers.10.mlp.gate_proj.weight (all 5 variants)
2026-08-17 21:40:37 SKIP cached model.layers.10.mlp.up_proj.weight (all 5 variants)
2026-08-17 21:40:37 SKIP cached model.layers.10.mlp.down_proj.weight (all 5 variants)
2026-08-17 21:40:37 SKIP cached model.layers.11.self_attn.q_proj.weight (all 5 variants)
2026-08-17 21:40:37 SKIP cached model.layers.11.self_attn.k_proj.weight (all 5 variants)
2026-08-17 21:40:37 SKIP cached model.layers.11.self_attn.v_proj.weight (all 5 variants)
2026-08-17 21:40:37 SKIP cached model.layers.11.self_attn.o_proj.weight (all 5 variants)
2026-08-17 21:40:37 SKIP cached model.layers.11.mlp.gate_proj.weight (all 5 variants)
2026-08-17 21:40:37 SKIP cached model.layers.11.mlp.up_proj.weight (all 5 variants)
2026-08-17 21:40:37 SKIP cached model.layers.11.mlp.down_proj.weight (all 5 variants)
2026-08-17 21:40:37 SKIP cached model.layers.12.self_attn.q_proj.weight (all 5 variants)
2026-08-17 21:40:37 SKIP cached model.layers.12.self_attn.k_proj.weight (all 5 variants)
2026-08-17 21:40:38 SKIP cached model.layers.12.self_attn.v_proj.weight (all 5 variants)
2026-08-17 21:40:38 SKIP cached model.layers.12.self_attn.o_proj.weight (all 5 variants)
2026-08-17 21:40:38 SKIP cached model.layers.12.mlp.gate_proj.weight (all 5 variants)
2026-08-17 21:40:38 SKIP cached model.layers.12.mlp.up_proj.weight (all 5 variants)
2026-08-17 21:40:38 SKIP cached model.layers.12.mlp.down_proj.weight (all 5 variants)
2026-08-17 21:40:38 SKIP cached model.layers.13.self_attn.q_proj.weight (all 5 variants)
2026-08-17 21:40:38 SKIP cached model.layers.13.self_attn.k_proj.weight (all 5 variants)
2026-08-17 21:40:38 SKIP cached model.layers.13.self_attn.v_proj.weight (all 5 variants)
2026-08-17 21:40:38 SKIP cached model.layers.13.self_attn.o_proj.weight (all 5 variants)
2026-08-17 21:40:38 SKIP cached model.layers.13.mlp.gate_proj.weight (all 5 variants)
2026-08-17 21:40:38 SKIP cached model.layers.13.mlp.up_proj.weight (all 5 variants)
2026-08-17 21:40:38 SKIP cached model.layers.13.mlp.down_proj.weight (all 5 variants)
2026-08-17 21:40:38 SKIP cached model.layers.14.self_attn.q_proj.weight (all 5 variants)
2026-08-17 21:40:38 SKIP cached model.layers.14.self_attn.k_proj.weight (all 5 variants)
2026-08-17 21:40:38 SKIP cached model.layers.14.self_attn.v_proj.weight (all 5 variants)
2026-08-17 21:40:38 SKIP cached model.layers.14.self_attn.o_proj.weight (all 5 variants)
2026-08-17 21:40:38 SKIP cached model.layers.14.mlp.gate_proj.weight (all 5 variants)
2026-08-17 21:40:38 SKIP cached model.layers.14.mlp.up_proj.weight (all 5 variants)
2026-08-17 21:40:38 SKIP cached model.layers.14.mlp.down_proj.weight (all 5 variants)
2026-08-17 21:40:38 SKIP cached model.layers.15.self_attn.q_proj.weight (all 5 variants)
2026-08-17 21:40:38 SKIP cached model.layers.15.self_attn.k_proj.weight (all 5 variants)
2026-08-17 21:40:38 SKIP cached model.layers.15.self_attn.v_proj.weight (all 5 variants)
2026-08-17 21:40:38 SKIP cached model.layers.15.self_attn.o_proj.weight (all 5 variants)
2026-08-17 21:40:38 SKIP cached model.layers.15.mlp.gate_proj.weight (all 5 variants)
2026-08-17 21:40:38 SKIP cached model.layers.15.mlp.up_proj.weight (all 5 variants)
2026-08-17 21:40:38 SKIP cached model.layers.15.mlp.down_proj.weight (all 5 variants)
2026-08-17 21:40:38 SKIP cached model.layers.16.self_attn.q_proj.weight (all 5 variants)
2026-08-17 21:40:38 SKIP cached model.layers.16.self_attn.k_proj.weight (all 5 variants)
2026-08-17 21:40:38 SKIP cached model.layers.16.self_attn.v_proj.weight (all 5 variants)
2026-08-17 21:40:38 SKIP cached model.layers.16.self_attn.o_proj.weight (all 5 variants)
2026-08-17 21:40:38 SKIP cached model.layers.16.mlp.gate_proj.weight (all 5 variants)
2026-08-17 21:40:38 SKIP cached model.layers.16.mlp.up_proj.weight (all 5 variants)
2026-08-17 21:40:38 SKIP cached model.layers.16.mlp.down_proj.weight (all 5 variants)
2026-08-17 21:40:39 SKIP cached model.layers.17.self_attn.q_proj.weight (all 5 variants)
2026-08-17 21:40:39 SKIP cached model.layers.17.self_attn.k_proj.weight (all 5 variants)
2026-08-17 21:40:39 SKIP cached model.layers.17.self_attn.v_proj.weight (all 5 variants)
2026-08-17 21:40:39 SKIP cached model.layers.17.self_attn.o_proj.weight (all 5 variants)
2026-08-17 21:40:39 SKIP cached model.layers.17.mlp.gate_proj.weight (all 5 variants)
2026-08-17 21:40:39 SKIP cached model.layers.17.mlp.up_proj.weight (all 5 variants)
2026-08-17 21:40:39 SKIP cached model.layers.17.mlp.down_proj.weight (all 5 variants)
2026-08-17 21:40:39 SKIP cached model.layers.18.self_attn.q_proj.weight (all 5 variants)
2026-08-17 21:40:39 SKIP cached model.layers.18.self_attn.k_proj.weight (all 5 variants)
2026-08-17 21:40:39 SKIP cached model.layers.18.self_attn.v_proj.weight (all 5 variants)
2026-08-17 21:40:39 SKIP cached model.layers.18.self_attn.o_proj.weight (all 5 variants)
2026-08-17 21:40:39 SKIP cached model.layers.18.mlp.gate_proj.weight (all 5 variants)
2026-08-17 21:40:39 SKIP cached model.layers.18.mlp.up_proj.weight (all 5 variants)
2026-08-17 21:40:39 SKIP cached model.layers.18.mlp.down_proj.weight (all 5 variants)
2026-08-17 21:40:39 SKIP cached model.layers.19.self_attn.q_proj.weight (all 5 variants)
2026-08-17 21:40:39 SKIP cached model.layers.19.self_attn.k_proj.weight (all 5 variants)
2026-08-17 21:40:39 SKIP cached model.layers.19.self_attn.v_proj.weight (all 5 variants)
2026-08-17 21:40:39 SKIP cached model.layers.19.self_attn.o_proj.weight (all 5 variants)
2026-08-17 21:40:39 SKIP cached model.layers.19.mlp.gate_proj.weight (all 5 variants)
2026-08-17 21:40:39 SKIP cached model.layers.19.mlp.up_proj.weight (all 5 variants)
2026-08-17 21:40:39 SKIP cached model.layers.19.mlp.down_proj.weight (all 5 variants)
2026-08-17 21:40:39 SKIP cached model.layers.20.self_attn.q_proj.weight (all 5 variants)
2026-08-17 21:40:39 SKIP cached model.layers.20.self_attn.k_proj.weight (all 5 variants)
2026-08-17 21:40:39 SKIP cached model.layers.20.self_attn.v_proj.weight (all 5 variants)
2026-08-17 21:40:39 SKIP cached model.layers.20.self_attn.o_proj.weight (all 5 variants)
2026-08-17 21:40:39 SKIP cached model.layers.20.mlp.gate_proj.weight (all 5 variants)
2026-08-17 21:40:39 SKIP cached model.layers.20.mlp.up_proj.weight (all 5 variants)
2026-08-17 21:40:39 SKIP cached model.layers.20.mlp.down_proj.weight (all 5 variants)
2026-08-17 21:40:39 SKIP cached model.layers.21.self_attn.q_proj.weight (all 5 variants)
2026-08-17 21:40:39 SKIP cached model.layers.21.self_attn.k_proj.weight (all 5 variants)
2026-08-17 21:40:39 SKIP cached model.layers.21.self_attn.v_proj.weight (all 5 variants)
2026-08-17 21:40:39 SKIP cached model.layers.21.self_attn.o_proj.weight (all 5 variants)
2026-08-17 21:40:40 SKIP cached model.layers.21.mlp.gate_proj.weight (all 5 variants)
2026-08-17 21:40:40 SKIP cached model.layers.21.mlp.up_proj.weight (all 5 variants)
2026-08-17 21:40:40 SKIP cached model.layers.21.mlp.down_proj.weight (all 5 variants)
2026-08-17 21:40:40 SKIP cached model.layers.22.self_attn.q_proj.weight (all 5 variants)
2026-08-17 21:40:40 SKIP cached model.layers.22.self_attn.k_proj.weight (all 5 variants)
2026-08-17 21:40:40 SKIP cached model.layers.22.self_attn.v_proj.weight (all 5 variants)
2026-08-17 21:40:40 SKIP cached model.layers.22.self_attn.o_proj.weight (all 5 variants)
2026-08-17 21:40:40 SKIP cached model.layers.22.mlp.gate_proj.weight (all 5 variants)
2026-08-17 21:40:40 SKIP cached model.layers.22.mlp.up_proj.weight (all 5 variants)
2026-08-17 21:40:40 SKIP cached model.layers.22.mlp.down_proj.weight (all 5 variants)
2026-08-17 21:40:40 SKIP cached model.layers.23.self_attn.q_proj.weight (all 5 variants)
2026-08-17 21:40:40 SKIP cached model.layers.23.self_attn.k_proj.weight (all 5 variants)
2026-08-17 21:40:40 SKIP cached model.layers.23.self_attn.v_proj.weight (all 5 variants)
2026-08-17 21:40:40 SKIP cached model.layers.23.self_attn.o_proj.weight (all 5 variants)
2026-08-17 21:40:40 SKIP cached model.layers.23.mlp.gate_proj.weight (all 5 variants)
2026-08-17 21:40:40 SKIP cached model.layers.23.mlp.up_proj.weight (all 5 variants)
2026-08-17 21:40:40 SKIP cached model.layers.23.mlp.down_proj.weight (all 5 variants)
2026-08-17 21:40:40 SKIP cached model.layers.24.self_attn.q_proj.weight (all 5 variants)
2026-08-17 21:40:40 SKIP cached model.layers.24.self_attn.k_proj.weight (all 5 variants)
2026-08-17 21:40:40 SKIP cached model.layers.24.self_attn.v_proj.weight (all 5 variants)
2026-08-17 21:40:40 SKIP cached model.layers.24.self_attn.o_proj.weight (all 5 variants)
2026-08-17 21:40:40 SKIP cached model.layers.24.mlp.gate_proj.weight (all 5 variants)
2026-08-17 21:40:40 SKIP cached model.layers.24.mlp.up_proj.weight (all 5 variants)
2026-08-17 21:40:40 SKIP cached model.layers.24.mlp.down_proj.weight (all 5 variants)
2026-08-17 21:40:40 SKIP cached model.layers.25.self_attn.q_proj.weight (all 5 variants)
2026-08-17 21:40:40 SKIP cached model.layers.25.self_attn.k_proj.weight (all 5 variants)
2026-08-17 21:40:40 SKIP cached model.layers.25.self_attn.v_proj.weight (all 5 variants)
2026-08-17 21:40:40 SKIP cached model.layers.25.self_attn.o_proj.weight (all 5 variants)
2026-08-17 21:40:40 SKIP cached model.layers.25.mlp.gate_proj.weight (all 5 variants)
2026-08-17 21:40:40 SKIP cached model.layers.25.mlp.up_proj.weight (all 5 variants)
2026-08-17 21:40:40 SKIP cached model.layers.25.mlp.down_proj.weight (all 5 variants)
2026-08-17 21:40:40 SKIP cached model.layers.26.self_attn.q_proj.weight (all 5 variants)
2026-08-17 21:40:40 SKIP cached model.layers.26.self_attn.k_proj.weight (all 5 variants)
2026-08-17 21:40:40 SKIP cached model.layers.26.self_attn.v_proj.weight (all 5 variants)
2026-08-17 21:40:41 SKIP cached model.layers.26.self_attn.o_proj.weight (all 5 variants)
2026-08-17 21:40:41 SKIP cached model.layers.26.mlp.gate_proj.weight (all 5 variants)
2026-08-17 21:40:41 SKIP cached model.layers.26.mlp.up_proj.weight (all 5 variants)
2026-08-17 21:40:41 SKIP cached model.layers.26.mlp.down_proj.weight (all 5 variants)
2026-08-17 21:40:41 SKIP cached model.layers.27.self_attn.q_proj.weight (all 5 variants)
2026-08-17 21:40:41 SKIP cached model.layers.27.self_attn.k_proj.weight (all 5 variants)
2026-08-17 21:40:41 SKIP cached model.layers.27.self_attn.v_proj.weight (all 5 variants)
2026-08-17 21:40:41 SKIP cached model.layers.27.self_attn.o_proj.weight (all 5 variants)
2026-08-17 21:40:41 SKIP cached model.layers.27.mlp.gate_proj.weight (all 5 variants)
2026-08-17 21:40:41 SKIP cached model.layers.27.mlp.up_proj.weight (all 5 variants)
2026-08-17 21:40:41 SKIP cached model.layers.27.mlp.down_proj.weight (all 5 variants)
2026-08-17 21:40:41 FIT done in 0.1 min
2026-08-17 21:40:43 HASH re-verify originals verified=True sha256=42fb692854712fa1c4d375c5cde965af...
2026-08-17 21:40:43 RUN phase3-20260817-214029 complete
2026-08-17 21:41:11 RUN phase3-20260817-214111 layout=phase3 model=Qwen3-1.7B config=c8p3 C=8 P=3 stage=eval n_seeds=16384 stage2_seeds=65535 layers_limit=None eval_mode=cached resume=True stack=c4ad6bb586c5|NVIDIA GeForce RTX 4090|torch2.11.0+cu128
2026-08-17 21:41:13 HASH originals sha256=42fb692854712fa1c4d375c5cde965af... verified=True
2026-08-17 21:44:14 EVAL model=Qwen3-1.7B loaded, 196 target tensors (layers_limit=None, eval_mode=cached)
2026-08-17 21:44:14 SKIP cached reference.json fp=6f7a7d9b5d3fd99d
2026-08-17 21:44:14 REFLOGITS 12 prompts (0.44 GB, 12 cached, 0.1s) -> /workspace/results/Qwen3-1.7B/ref_logits
2026-08-17 21:45:03 EVAL c8p3_seed_only       bpw=4.0000 mean_kl=1.551568 p95=8.335401 max=22.2420 top1=72.37% fp=b007f2fa0aa56ad1 (29.6s)
2026-08-17 21:45:28 EVAL c8p3_awq_p0.5        bpw=4.2400 mean_kl=0.508393 p95=2.410255 max=18.7899 top1=84.68% fp=e5d08170bca69a97 (24.8s)
2026-08-17 21:45:53 EVAL c8p3_awq_p1.0        bpw=4.4800 mean_kl=0.419095 p95=2.096748 max=15.7513 top1=86.73% fp=7ea008317f666ff0 (24.4s)
2026-08-17 21:46:18 EVAL c8p3_awq_p2.0        bpw=4.9600 mean_kl=0.367176 p95=1.691271 max=14.2722 top1=87.14% fp=aa9abe56bf878b3c (25.0s)
2026-08-17 21:46:43 EVAL rtn4                 bpw=4.5000 mean_kl=0.176448 p95=0.895672 max=7.7504 top1=91.66% fp=2b0802153224bacc (24.9s)
2026-08-17 21:46:43 WARN q4km: 196 tensors missing from cache -> skipping variant
2026-08-17 21:46:44 WARN q3km: 196 tensors missing from cache -> skipping variant
2026-08-17 21:46:44 WARN awq_w4: 196 tensors missing from cache -> skipping variant
2026-08-17 21:46:53 EVAL bf16                 bpw=16.0000 mean_kl=0.000000 p95=0.000000 max=0.0000 top1=100.00% fp=6f7a7d9b5d3fd99d (8.2s)
2026-08-17 21:46:53 EVAL done in 5.7 min
2026-08-17 21:46:53 GATE INCOMPLETE pass_a=None pass_b=None best_seed=c8p3_awq_p2.0 @4.9600 bpw
2026-08-17 21:46:59 HASH re-verify originals verified=True sha256=42fb692854712fa1c4d375c5cde965af...
2026-08-17 21:46:59 RUN phase3-20260817-214111 complete
2026-08-17 21:47:35 RUN phase3-20260817-214735 layout=phase3 model=Qwen3-1.7B config=c12p4 C=12 P=4 stage=fit n_seeds=16384 stage2_seeds=65535 layers_limit=None eval_mode=cached resume=True stack=c4ad6bb586c5|NVIDIA GeForce RTX 4090|torch2.11.0+cu128
2026-08-17 21:47:37 HASH originals sha256=42fb692854712fa1c4d375c5cde965af... verified=True
2026-08-17 21:47:37 SKIP cached act_scales (196 tensors)
2026-08-17 21:47:37 FIT start model=Qwen3-1.7B config=c12p4 C=12 P=4 tensors=196 variants=5 n_seeds=16384 units=980
2026-08-17 21:47:37 SKIP cached model.layers.0.self_attn.q_proj.weight (all 5 variants)
2026-08-17 21:47:37 SKIP cached model.layers.0.self_attn.k_proj.weight (all 5 variants)
2026-08-17 21:47:37 SKIP cached model.layers.0.self_attn.v_proj.weight (all 5 variants)
2026-08-17 21:47:37 SKIP cached model.layers.0.self_attn.o_proj.weight (all 5 variants)
2026-08-17 21:47:37 SKIP cached model.layers.0.mlp.gate_proj.weight (all 5 variants)
2026-08-17 21:47:37 SKIP cached model.layers.0.mlp.up_proj.weight (all 5 variants)
2026-08-17 21:47:37 SKIP cached model.layers.0.mlp.down_proj.weight (all 5 variants)
2026-08-17 21:47:38 SKIP cached model.layers.1.self_attn.q_proj.weight (all 5 variants)
2026-08-17 21:47:38 SKIP cached model.layers.1.self_attn.k_proj.weight (all 5 variants)
2026-08-17 21:47:38 SKIP cached model.layers.1.self_attn.v_proj.weight (all 5 variants)
2026-08-17 21:47:38 SKIP cached model.layers.1.self_attn.o_proj.weight (all 5 variants)
2026-08-17 21:47:38 SKIP cached model.layers.1.mlp.gate_proj.weight (all 5 variants)
2026-08-17 21:47:38 SKIP cached model.layers.1.mlp.up_proj.weight (all 5 variants)
2026-08-17 21:47:38 SKIP cached model.layers.1.mlp.down_proj.weight (all 5 variants)
2026-08-17 21:47:38 SKIP cached model.layers.2.self_attn.q_proj.weight (all 5 variants)
2026-08-17 21:47:38 SKIP cached model.layers.2.self_attn.k_proj.weight (all 5 variants)
2026-08-17 21:47:38 SKIP cached model.layers.2.self_attn.v_proj.weight (all 5 variants)
2026-08-17 21:47:38 SKIP cached model.layers.2.self_attn.o_proj.weight (all 5 variants)
2026-08-17 21:47:38 SKIP cached model.layers.2.mlp.gate_proj.weight (all 5 variants)
2026-08-17 21:47:38 SKIP cached model.layers.2.mlp.up_proj.weight (all 5 variants)
2026-08-17 21:47:38 SKIP cached model.layers.2.mlp.down_proj.weight (all 5 variants)
2026-08-17 21:47:38 SKIP cached model.layers.3.self_attn.q_proj.weight (all 5 variants)
2026-08-17 21:47:38 SKIP cached model.layers.3.self_attn.k_proj.weight (all 5 variants)
2026-08-17 21:47:38 SKIP cached model.layers.3.self_attn.v_proj.weight (all 5 variants)
2026-08-17 21:47:38 SKIP cached model.layers.3.self_attn.o_proj.weight (all 5 variants)
2026-08-17 21:47:38 SKIP cached model.layers.3.mlp.gate_proj.weight (all 5 variants)
2026-08-17 21:47:38 SKIP cached model.layers.3.mlp.up_proj.weight (all 5 variants)
2026-08-17 21:47:38 SKIP cached model.layers.3.mlp.down_proj.weight (all 5 variants)
2026-08-17 21:47:38 SKIP cached model.layers.4.self_attn.q_proj.weight (all 5 variants)
2026-08-17 21:47:38 SKIP cached model.layers.4.self_attn.k_proj.weight (all 5 variants)
2026-08-17 21:47:38 SKIP cached model.layers.4.self_attn.v_proj.weight (all 5 variants)
2026-08-17 21:47:38 SKIP cached model.layers.4.self_attn.o_proj.weight (all 5 variants)
2026-08-17 21:47:38 SKIP cached model.layers.4.mlp.gate_proj.weight (all 5 variants)
2026-08-17 21:47:38 SKIP cached model.layers.4.mlp.up_proj.weight (all 5 variants)
2026-08-17 21:47:38 SKIP cached model.layers.4.mlp.down_proj.weight (all 5 variants)
2026-08-17 21:47:38 SKIP cached model.layers.5.self_attn.q_proj.weight (all 5 variants)
2026-08-17 21:47:38 SKIP cached model.layers.5.self_attn.k_proj.weight (all 5 variants)
2026-08-17 21:47:38 SKIP cached model.layers.5.self_attn.v_proj.weight (all 5 variants)
2026-08-17 21:47:39 SKIP cached model.layers.5.self_attn.o_proj.weight (all 5 variants)
2026-08-17 21:47:39 SKIP cached model.layers.5.mlp.gate_proj.weight (all 5 variants)
2026-08-17 21:47:39 SKIP cached model.layers.5.mlp.up_proj.weight (all 5 variants)
2026-08-17 21:47:39 SKIP cached model.layers.5.mlp.down_proj.weight (all 5 variants)
2026-08-17 21:47:39 SKIP cached model.layers.6.self_attn.q_proj.weight (all 5 variants)
2026-08-17 21:47:39 SKIP cached model.layers.6.self_attn.k_proj.weight (all 5 variants)
2026-08-17 21:47:39 SKIP cached model.layers.6.self_attn.v_proj.weight (all 5 variants)
2026-08-17 21:47:39 SKIP cached model.layers.6.self_attn.o_proj.weight (all 5 variants)
2026-08-17 21:47:39 SKIP cached model.layers.6.mlp.gate_proj.weight (all 5 variants)
2026-08-17 21:47:39 SKIP cached model.layers.6.mlp.up_proj.weight (all 5 variants)
2026-08-17 21:47:39 SKIP cached model.layers.6.mlp.down_proj.weight (all 5 variants)
2026-08-17 21:47:39 SKIP cached model.layers.7.self_attn.q_proj.weight (all 5 variants)
2026-08-17 21:47:39 SKIP cached model.layers.7.self_attn.k_proj.weight (all 5 variants)
2026-08-17 21:47:39 SKIP cached model.layers.7.self_attn.v_proj.weight (all 5 variants)
2026-08-17 21:47:39 SKIP cached model.layers.7.self_attn.o_proj.weight (all 5 variants)
2026-08-17 21:47:39 SKIP cached model.layers.7.mlp.gate_proj.weight (all 5 variants)
2026-08-17 21:47:39 SKIP cached model.layers.7.mlp.up_proj.weight (all 5 variants)
2026-08-17 21:47:39 SKIP cached model.layers.7.mlp.down_proj.weight (all 5 variants)
2026-08-17 21:47:39 SKIP cached model.layers.8.self_attn.q_proj.weight (all 5 variants)
2026-08-17 21:47:39 SKIP cached model.layers.8.self_attn.k_proj.weight (all 5 variants)
2026-08-17 21:47:39 SKIP cached model.layers.8.self_attn.v_proj.weight (all 5 variants)
2026-08-17 21:47:39 SKIP cached model.layers.8.self_attn.o_proj.weight (all 5 variants)
2026-08-17 21:47:39 SKIP cached model.layers.8.mlp.gate_proj.weight (all 5 variants)
2026-08-17 21:47:39 SKIP cached model.layers.8.mlp.up_proj.weight (all 5 variants)
2026-08-17 21:47:39 SKIP cached model.layers.8.mlp.down_proj.weight (all 5 variants)
2026-08-17 21:47:39 SKIP cached model.layers.9.self_attn.q_proj.weight (all 5 variants)
2026-08-17 21:47:39 SKIP cached model.layers.9.self_attn.k_proj.weight (all 5 variants)
2026-08-17 21:47:39 SKIP cached model.layers.9.self_attn.v_proj.weight (all 5 variants)
2026-08-17 21:47:39 SKIP cached model.layers.9.self_attn.o_proj.weight (all 5 variants)
2026-08-17 21:47:39 SKIP cached model.layers.9.mlp.gate_proj.weight (all 5 variants)
2026-08-17 21:47:39 SKIP cached model.layers.9.mlp.up_proj.weight (all 5 variants)
2026-08-17 21:47:39 SKIP cached model.layers.9.mlp.down_proj.weight (all 5 variants)
2026-08-17 21:47:40 SKIP cached model.layers.10.self_attn.q_proj.weight (all 5 variants)
2026-08-17 21:47:40 SKIP cached model.layers.10.self_attn.k_proj.weight (all 5 variants)
2026-08-17 21:47:40 SKIP cached model.layers.10.self_attn.v_proj.weight (all 5 variants)
2026-08-17 21:47:40 SKIP cached model.layers.10.self_attn.o_proj.weight (all 5 variants)
2026-08-17 21:47:40 SKIP cached model.layers.10.mlp.gate_proj.weight (all 5 variants)
2026-08-17 21:47:40 SKIP cached model.layers.10.mlp.up_proj.weight (all 5 variants)
2026-08-17 21:47:40 SKIP cached model.layers.10.mlp.down_proj.weight (all 5 variants)
2026-08-17 21:47:40 SKIP cached model.layers.11.self_attn.q_proj.weight (all 5 variants)
2026-08-17 21:47:40 SKIP cached model.layers.11.self_attn.k_proj.weight (all 5 variants)
2026-08-17 21:47:40 SKIP cached model.layers.11.self_attn.v_proj.weight (all 5 variants)
2026-08-17 21:47:40 SKIP cached model.layers.11.self_attn.o_proj.weight (all 5 variants)
2026-08-17 21:47:40 SKIP cached model.layers.11.mlp.gate_proj.weight (all 5 variants)
2026-08-17 21:47:40 SKIP cached model.layers.11.mlp.up_proj.weight (all 5 variants)
2026-08-17 21:47:40 SKIP cached model.layers.11.mlp.down_proj.weight (all 5 variants)
2026-08-17 21:47:40 SKIP cached model.layers.12.self_attn.q_proj.weight (all 5 variants)
2026-08-17 21:47:40 SKIP cached model.layers.12.self_attn.k_proj.weight (all 5 variants)
2026-08-17 21:47:40 SKIP cached model.layers.12.self_attn.v_proj.weight (all 5 variants)
2026-08-17 21:47:40 SKIP cached model.layers.12.self_attn.o_proj.weight (all 5 variants)
2026-08-17 21:47:40 SKIP cached model.layers.12.mlp.gate_proj.weight (all 5 variants)
2026-08-17 21:47:40 SKIP cached model.layers.12.mlp.up_proj.weight (all 5 variants)
2026-08-17 21:47:40 SKIP cached model.layers.12.mlp.down_proj.weight (all 5 variants)
2026-08-17 21:47:40 SKIP cached model.layers.13.self_attn.q_proj.weight (all 5 variants)
2026-08-17 21:47:40 SKIP cached model.layers.13.self_attn.k_proj.weight (all 5 variants)
2026-08-17 21:47:40 SKIP cached model.layers.13.self_attn.v_proj.weight (all 5 variants)
2026-08-17 21:47:40 SKIP cached model.layers.13.self_attn.o_proj.weight (all 5 variants)
2026-08-17 21:47:40 SKIP cached model.layers.13.mlp.gate_proj.weight (all 5 variants)
2026-08-17 21:47:40 SKIP cached model.layers.13.mlp.up_proj.weight (all 5 variants)
2026-08-17 21:47:40 SKIP cached model.layers.13.mlp.down_proj.weight (all 5 variants)
2026-08-17 21:47:40 SKIP cached model.layers.14.self_attn.q_proj.weight (all 5 variants)
2026-08-17 21:47:40 SKIP cached model.layers.14.self_attn.k_proj.weight (all 5 variants)
2026-08-17 21:47:40 SKIP cached model.layers.14.self_attn.v_proj.weight (all 5 variants)
2026-08-17 21:47:40 SKIP cached model.layers.14.self_attn.o_proj.weight (all 5 variants)
2026-08-17 21:47:40 SKIP cached model.layers.14.mlp.gate_proj.weight (all 5 variants)
2026-08-17 21:47:41 SKIP cached model.layers.14.mlp.up_proj.weight (all 5 variants)
2026-08-17 21:47:41 SKIP cached model.layers.14.mlp.down_proj.weight (all 5 variants)
2026-08-17 21:47:41 SKIP cached model.layers.15.self_attn.q_proj.weight (all 5 variants)
2026-08-17 21:47:41 SKIP cached model.layers.15.self_attn.k_proj.weight (all 5 variants)
2026-08-17 21:47:41 SKIP cached model.layers.15.self_attn.v_proj.weight (all 5 variants)
2026-08-17 21:47:41 SKIP cached model.layers.15.self_attn.o_proj.weight (all 5 variants)
2026-08-17 21:47:41 SKIP cached model.layers.15.mlp.gate_proj.weight (all 5 variants)
2026-08-17 21:47:41 SKIP cached model.layers.15.mlp.up_proj.weight (all 5 variants)
2026-08-17 21:47:41 SKIP cached model.layers.15.mlp.down_proj.weight (all 5 variants)
2026-08-17 21:47:41 SKIP cached model.layers.16.self_attn.q_proj.weight (all 5 variants)
2026-08-17 21:47:41 SKIP cached model.layers.16.self_attn.k_proj.weight (all 5 variants)
2026-08-17 21:47:41 SKIP cached model.layers.16.self_attn.v_proj.weight (all 5 variants)
2026-08-17 21:47:41 SKIP cached model.layers.16.self_attn.o_proj.weight (all 5 variants)
2026-08-17 21:47:41 SKIP cached model.layers.16.mlp.gate_proj.weight (all 5 variants)
2026-08-17 21:47:41 SKIP cached model.layers.16.mlp.up_proj.weight (all 5 variants)
2026-08-17 21:47:41 SKIP cached model.layers.16.mlp.down_proj.weight (all 5 variants)
2026-08-17 21:47:41 SKIP cached model.layers.17.self_attn.q_proj.weight (all 5 variants)
2026-08-17 21:47:41 SKIP cached model.layers.17.self_attn.k_proj.weight (all 5 variants)
2026-08-17 21:47:41 SKIP cached model.layers.17.self_attn.v_proj.weight (all 5 variants)
2026-08-17 21:47:41 SKIP cached model.layers.17.self_attn.o_proj.weight (all 5 variants)
2026-08-17 21:47:41 SKIP cached model.layers.17.mlp.gate_proj.weight (all 5 variants)
2026-08-17 21:47:41 SKIP cached model.layers.17.mlp.up_proj.weight (all 5 variants)
2026-08-17 21:47:41 SKIP cached model.layers.17.mlp.down_proj.weight (all 5 variants)
2026-08-17 21:47:41 SKIP cached model.layers.18.self_attn.q_proj.weight (all 5 variants)
2026-08-17 21:47:41 SKIP cached model.layers.18.self_attn.k_proj.weight (all 5 variants)
2026-08-17 21:47:41 SKIP cached model.layers.18.self_attn.v_proj.weight (all 5 variants)
2026-08-17 21:47:41 SKIP cached model.layers.18.self_attn.o_proj.weight (all 5 variants)
2026-08-17 21:47:41 SKIP cached model.layers.18.mlp.gate_proj.weight (all 5 variants)
2026-08-17 21:47:41 SKIP cached model.layers.18.mlp.up_proj.weight (all 5 variants)
2026-08-17 21:47:41 SKIP cached model.layers.18.mlp.down_proj.weight (all 5 variants)
2026-08-17 21:47:41 SKIP cached model.layers.19.self_attn.q_proj.weight (all 5 variants)
2026-08-17 21:47:41 SKIP cached model.layers.19.self_attn.k_proj.weight (all 5 variants)
2026-08-17 21:47:41 SKIP cached model.layers.19.self_attn.v_proj.weight (all 5 variants)
2026-08-17 21:47:42 SKIP cached model.layers.19.self_attn.o_proj.weight (all 5 variants)
2026-08-17 21:47:42 SKIP cached model.layers.19.mlp.gate_proj.weight (all 5 variants)
2026-08-17 21:47:42 SKIP cached model.layers.19.mlp.up_proj.weight (all 5 variants)
2026-08-17 21:47:42 SKIP cached model.layers.19.mlp.down_proj.weight (all 5 variants)
2026-08-17 21:47:42 SKIP cached model.layers.20.self_attn.q_proj.weight (all 5 variants)
2026-08-17 21:47:42 SKIP cached model.layers.20.self_attn.k_proj.weight (all 5 variants)
2026-08-17 21:47:42 SKIP cached model.layers.20.self_attn.v_proj.weight (all 5 variants)
2026-08-17 21:47:42 SKIP cached model.layers.20.self_attn.o_proj.weight (all 5 variants)
2026-08-17 21:47:42 SKIP cached model.layers.20.mlp.gate_proj.weight (all 5 variants)
2026-08-17 21:47:42 SKIP cached model.layers.20.mlp.up_proj.weight (all 5 variants)
2026-08-17 21:47:42 SKIP cached model.layers.20.mlp.down_proj.weight (all 5 variants)
2026-08-17 21:47:42 SKIP cached model.layers.21.self_attn.q_proj.weight (all 5 variants)
2026-08-17 21:47:42 SKIP cached model.layers.21.self_attn.k_proj.weight (all 5 variants)
2026-08-17 21:47:42 SKIP cached model.layers.21.self_attn.v_proj.weight (all 5 variants)
2026-08-17 21:47:42 SKIP cached model.layers.21.self_attn.o_proj.weight (all 5 variants)
2026-08-17 21:47:42 SKIP cached model.layers.21.mlp.gate_proj.weight (all 5 variants)
2026-08-17 21:47:42 SKIP cached model.layers.21.mlp.up_proj.weight (all 5 variants)
2026-08-17 21:47:42 SKIP cached model.layers.21.mlp.down_proj.weight (all 5 variants)
2026-08-17 21:47:42 SKIP cached model.layers.22.self_attn.q_proj.weight (all 5 variants)
2026-08-17 21:47:42 SKIP cached model.layers.22.self_attn.k_proj.weight (all 5 variants)
2026-08-17 21:47:42 SKIP cached model.layers.22.self_attn.v_proj.weight (all 5 variants)
2026-08-17 21:47:42 SKIP cached model.layers.22.self_attn.o_proj.weight (all 5 variants)
2026-08-17 21:47:42 SKIP cached model.layers.22.mlp.gate_proj.weight (all 5 variants)
2026-08-17 21:47:42 SKIP cached model.layers.22.mlp.up_proj.weight (all 5 variants)
2026-08-17 21:47:42 SKIP cached model.layers.22.mlp.down_proj.weight (all 5 variants)
2026-08-17 21:47:42 SKIP cached model.layers.23.self_attn.q_proj.weight (all 5 variants)
2026-08-17 21:47:42 SKIP cached model.layers.23.self_attn.k_proj.weight (all 5 variants)
2026-08-17 21:47:42 SKIP cached model.layers.23.self_attn.v_proj.weight (all 5 variants)
2026-08-17 21:47:42 SKIP cached model.layers.23.self_attn.o_proj.weight (all 5 variants)
2026-08-17 21:47:42 SKIP cached model.layers.23.mlp.gate_proj.weight (all 5 variants)
2026-08-17 21:47:42 SKIP cached model.layers.23.mlp.up_proj.weight (all 5 variants)
2026-08-17 21:47:42 SKIP cached model.layers.23.mlp.down_proj.weight (all 5 variants)
2026-08-17 21:47:42 SKIP cached model.layers.24.self_attn.q_proj.weight (all 5 variants)
2026-08-17 21:47:42 SKIP cached model.layers.24.self_attn.k_proj.weight (all 5 variants)
2026-08-17 21:47:43 SKIP cached model.layers.24.self_attn.v_proj.weight (all 5 variants)
2026-08-17 21:47:43 SKIP cached model.layers.24.self_attn.o_proj.weight (all 5 variants)
2026-08-17 21:47:43 SKIP cached model.layers.24.mlp.gate_proj.weight (all 5 variants)
2026-08-17 21:47:43 SKIP cached model.layers.24.mlp.up_proj.weight (all 5 variants)
2026-08-17 21:47:43 SKIP cached model.layers.24.mlp.down_proj.weight (all 5 variants)
2026-08-17 21:47:43 SKIP cached model.layers.25.self_attn.q_proj.weight (all 5 variants)
2026-08-17 21:47:43 SKIP cached model.layers.25.self_attn.k_proj.weight (all 5 variants)
2026-08-17 21:47:43 SKIP cached model.layers.25.self_attn.v_proj.weight (all 5 variants)
2026-08-17 21:47:43 SKIP cached model.layers.25.self_attn.o_proj.weight (all 5 variants)
2026-08-17 21:47:43 SKIP cached model.layers.25.mlp.gate_proj.weight (all 5 variants)
2026-08-17 21:47:43 SKIP cached model.layers.25.mlp.up_proj.weight (all 5 variants)
2026-08-17 21:47:43 SKIP cached model.layers.25.mlp.down_proj.weight (all 5 variants)
2026-08-17 21:47:43 SKIP cached model.layers.26.self_attn.q_proj.weight (all 5 variants)
2026-08-17 21:47:43 SKIP cached model.layers.26.self_attn.k_proj.weight (all 5 variants)
2026-08-17 21:47:43 SKIP cached model.layers.26.self_attn.v_proj.weight (all 5 variants)
2026-08-17 21:47:43 SKIP cached model.layers.26.self_attn.o_proj.weight (all 5 variants)
2026-08-17 21:47:43 SKIP cached model.layers.26.mlp.gate_proj.weight (all 5 variants)
2026-08-17 21:47:43 SKIP cached model.layers.26.mlp.up_proj.weight (all 5 variants)
2026-08-17 21:47:43 SKIP cached model.layers.26.mlp.down_proj.weight (all 5 variants)
2026-08-17 21:47:43 SKIP cached model.layers.27.self_attn.q_proj.weight (all 5 variants)
2026-08-17 21:47:43 SKIP cached model.layers.27.self_attn.k_proj.weight (all 5 variants)
2026-08-17 21:47:43 SKIP cached model.layers.27.self_attn.v_proj.weight (all 5 variants)
2026-08-17 21:47:43 SKIP cached model.layers.27.self_attn.o_proj.weight (all 5 variants)
2026-08-17 21:47:43 SKIP cached model.layers.27.mlp.gate_proj.weight (all 5 variants)
2026-08-17 21:47:43 SKIP cached model.layers.27.mlp.up_proj.weight (all 5 variants)
2026-08-17 21:47:43 SKIP cached model.layers.27.mlp.down_proj.weight (all 5 variants)
2026-08-17 21:47:43 FIT done in 0.1 min
2026-08-17 21:47:45 HASH re-verify originals verified=True sha256=42fb692854712fa1c4d375c5cde965af...
2026-08-17 21:47:45 RUN phase3-20260817-214735 complete
2026-08-17 21:48:13 RUN phase3-20260817-214813 layout=phase3 model=Qwen3-1.7B config=c12p4 C=12 P=4 stage=eval n_seeds=16384 stage2_seeds=65535 layers_limit=None eval_mode=cached resume=True stack=c4ad6bb586c5|NVIDIA GeForce RTX 4090|torch2.11.0+cu128
2026-08-17 21:48:15 HASH originals sha256=42fb692854712fa1c4d375c5cde965af... verified=True
2026-08-17 21:51:04 EVAL model=Qwen3-1.7B loaded, 196 target tensors (layers_limit=None, eval_mode=cached)
2026-08-17 21:51:04 SKIP cached reference.json fp=6f7a7d9b5d3fd99d
2026-08-17 21:51:04 REFLOGITS 12 prompts (0.44 GB, 12 cached, 0.1s) -> /workspace/results/Qwen3-1.7B/ref_logits
2026-08-17 21:52:01 EVAL c12p4_seed_only      bpw=3.0000 mean_kl=7.965954 p95=17.522995 max=26.0041 top1=13.00% fp=20ecf1464cdd6ffa (39.9s)
2026-08-17 21:52:31 EVAL c12p4_awq_p0.5       bpw=3.2400 mean_kl=2.089245 p95=10.681951 max=28.6640 top1=63.75% fp=8e52ee1e22df5d68 (30.4s)
2026-08-17 21:52:56 EVAL c12p4_awq_p1.0       bpw=3.4800 mean_kl=1.818086 p95=9.715585 max=25.5448 top1=66.21% fp=a6aab0066610fa84 (25.1s)
2026-08-17 21:53:27 EVAL c12p4_awq_p2.0       bpw=3.9600 mean_kl=1.407505 p95=7.227408 max=41.7187 top1=68.67% fp=6ab697470053d651 (31.0s)
2026-08-17 21:53:53 EVAL rtn4                 bpw=4.5000 mean_kl=0.176448 p95=0.895672 max=7.7504 top1=91.66% fp=2b0802153224bacc (25.1s)
2026-08-17 21:53:53 WARN q4km: 196 tensors missing from cache -> skipping variant
2026-08-17 21:53:54 WARN q3km: 196 tensors missing from cache -> skipping variant
2026-08-17 21:53:54 WARN awq_w4: 196 tensors missing from cache -> skipping variant
2026-08-17 21:54:03 EVAL bf16                 bpw=16.0000 mean_kl=0.000000 p95=0.000000 max=0.0000 top1=100.00% fp=6f7a7d9b5d3fd99d (8.2s)
2026-08-17 21:54:03 EVAL done in 5.8 min
2026-08-17 21:54:03 GATE INCOMPLETE pass_a=None pass_b=None best_seed=c8p3_awq_p2.0 @4.9600 bpw
2026-08-17 21:54:09 HASH re-verify originals verified=True sha256=42fb692854712fa1c4d375c5cde965af...
2026-08-17 21:54:09 RUN phase3-20260817-214813 complete
2026-08-17 22:03:31 RUN phase3-20260817-220331 layout=phase3 model=Qwen3-1.7B config=c8p3 C=8 P=3 stage=fit n_seeds=65535 stage2_seeds=65535 layers_limit=None eval_mode=cached resume=True stack=c4ad6bb586c5|NVIDIA GeForce RTX 4090|torch2.11.0+cu128
2026-08-17 22:03:33 HASH originals sha256=42fb692854712fa1c4d375c5cde965af... verified=True
2026-08-17 22:03:34 SKIP cached act_scales (196 tensors)
2026-08-17 22:03:34 FIT start model=Qwen3-1.7B config=c8p3 C=8 P=3 tensors=196 variants=5 n_seeds=65535 units=980
2026-08-17 22:03:34 SKIP cached model.layers.0.self_attn.q_proj.weight (all 5 variants)
2026-08-17 22:03:34 SKIP cached model.layers.0.self_attn.k_proj.weight (all 5 variants)
2026-08-17 22:03:34 SKIP cached model.layers.0.self_attn.v_proj.weight (all 5 variants)
2026-08-17 22:03:34 SKIP cached model.layers.0.self_attn.o_proj.weight (all 5 variants)
2026-08-17 22:03:34 SKIP cached model.layers.0.mlp.gate_proj.weight (all 5 variants)
2026-08-17 22:03:34 SKIP cached model.layers.0.mlp.up_proj.weight (all 5 variants)
2026-08-17 22:03:34 SKIP cached model.layers.0.mlp.down_proj.weight (all 5 variants)
2026-08-17 22:03:34 SKIP cached model.layers.1.self_attn.q_proj.weight (all 5 variants)
2026-08-17 22:03:34 SKIP cached model.layers.1.self_attn.k_proj.weight (all 5 variants)
2026-08-17 22:03:34 SKIP cached model.layers.1.self_attn.v_proj.weight (all 5 variants)
2026-08-17 22:03:34 SKIP cached model.layers.1.self_attn.o_proj.weight (all 5 variants)
2026-08-17 22:03:34 SKIP cached model.layers.1.mlp.gate_proj.weight (all 5 variants)
2026-08-17 22:03:34 SKIP cached model.layers.1.mlp.up_proj.weight (all 5 variants)
2026-08-17 22:03:34 SKIP cached model.layers.1.mlp.down_proj.weight (all 5 variants)
2026-08-17 22:03:34 SKIP cached model.layers.2.self_attn.q_proj.weight (all 5 variants)
2026-08-17 22:03:34 SKIP cached model.layers.2.self_attn.k_proj.weight (all 5 variants)
2026-08-17 22:03:34 SKIP cached model.layers.2.self_attn.v_proj.weight (all 5 variants)
2026-08-17 22:03:34 SKIP cached model.layers.2.self_attn.o_proj.weight (all 5 variants)
2026-08-17 22:03:34 SKIP cached model.layers.2.mlp.gate_proj.weight (all 5 variants)
2026-08-17 22:03:34 SKIP cached model.layers.2.mlp.up_proj.weight (all 5 variants)
2026-08-17 22:03:34 SKIP cached model.layers.2.mlp.down_proj.weight (all 5 variants)
2026-08-17 22:03:34 SKIP cached model.layers.3.self_attn.q_proj.weight (all 5 variants)
2026-08-17 22:03:34 SKIP cached model.layers.3.self_attn.k_proj.weight (all 5 variants)
2026-08-17 22:03:34 SKIP cached model.layers.3.self_attn.v_proj.weight (all 5 variants)
2026-08-17 22:03:34 SKIP cached model.layers.3.self_attn.o_proj.weight (all 5 variants)
2026-08-17 22:03:34 SKIP cached model.layers.3.mlp.gate_proj.weight (all 5 variants)
2026-08-17 22:03:35 SKIP cached model.layers.3.mlp.up_proj.weight (all 5 variants)
2026-08-17 22:03:35 SKIP cached model.layers.3.mlp.down_proj.weight (all 5 variants)
2026-08-17 22:03:35 SKIP cached model.layers.4.self_attn.q_proj.weight (all 5 variants)
2026-08-17 22:03:35 SKIP cached model.layers.4.self_attn.k_proj.weight (all 5 variants)
2026-08-17 22:03:35 SKIP cached model.layers.4.self_attn.v_proj.weight (all 5 variants)
2026-08-17 22:03:35 SKIP cached model.layers.4.self_attn.o_proj.weight (all 5 variants)
2026-08-17 22:03:35 SKIP cached model.layers.4.mlp.gate_proj.weight (all 5 variants)
2026-08-17 22:03:35 SKIP cached model.layers.4.mlp.up_proj.weight (all 5 variants)
2026-08-17 22:03:35 SKIP cached model.layers.4.mlp.down_proj.weight (all 5 variants)
2026-08-17 22:03:35 SKIP cached model.layers.5.self_attn.q_proj.weight (all 5 variants)
2026-08-17 22:03:35 SKIP cached model.layers.5.self_attn.k_proj.weight (all 5 variants)
2026-08-17 22:03:35 SKIP cached model.layers.5.self_attn.v_proj.weight (all 5 variants)
2026-08-17 22:03:35 SKIP cached model.layers.5.self_attn.o_proj.weight (all 5 variants)
2026-08-17 22:03:35 SKIP cached model.layers.5.mlp.gate_proj.weight (all 5 variants)
2026-08-17 22:03:35 SKIP cached model.layers.5.mlp.up_proj.weight (all 5 variants)
2026-08-17 22:03:35 SKIP cached model.layers.5.mlp.down_proj.weight (all 5 variants)
2026-08-17 22:03:35 SKIP cached model.layers.6.self_attn.q_proj.weight (all 5 variants)
2026-08-17 22:03:35 SKIP cached model.layers.6.self_attn.k_proj.weight (all 5 variants)
2026-08-17 22:03:35 SKIP cached model.layers.6.self_attn.v_proj.weight (all 5 variants)
2026-08-17 22:03:35 SKIP cached model.layers.6.self_attn.o_proj.weight (all 5 variants)
2026-08-17 22:03:35 SKIP cached model.layers.6.mlp.gate_proj.weight (all 5 variants)
2026-08-17 22:03:35 SKIP cached model.layers.6.mlp.up_proj.weight (all 5 variants)
2026-08-17 22:03:35 SKIP cached model.layers.6.mlp.down_proj.weight (all 5 variants)
2026-08-17 22:03:35 SKIP cached model.layers.7.self_attn.q_proj.weight (all 5 variants)
2026-08-17 22:03:35 SKIP cached model.layers.7.self_attn.k_proj.weight (all 5 variants)
2026-08-17 22:03:35 SKIP cached model.layers.7.self_attn.v_proj.weight (all 5 variants)
2026-08-17 22:03:35 SKIP cached model.layers.7.self_attn.o_proj.weight (all 5 variants)
2026-08-17 22:03:35 SKIP cached model.layers.7.mlp.gate_proj.weight (all 5 variants)
2026-08-17 22:03:35 SKIP cached model.layers.7.mlp.up_proj.weight (all 5 variants)
2026-08-17 22:03:35 SKIP cached model.layers.7.mlp.down_proj.weight (all 5 variants)
2026-08-17 22:03:35 SKIP cached model.layers.8.self_attn.q_proj.weight (all 5 variants)
2026-08-17 22:03:35 SKIP cached model.layers.8.self_attn.k_proj.weight (all 5 variants)
2026-08-17 22:03:35 SKIP cached model.layers.8.self_attn.v_proj.weight (all 5 variants)
2026-08-17 22:03:35 SKIP cached model.layers.8.self_attn.o_proj.weight (all 5 variants)
2026-08-17 22:03:35 SKIP cached model.layers.8.mlp.gate_proj.weight (all 5 variants)
2026-08-17 22:03:35 SKIP cached model.layers.8.mlp.up_proj.weight (all 5 variants)
2026-08-17 22:03:35 SKIP cached model.layers.8.mlp.down_proj.weight (all 5 variants)
2026-08-17 22:03:35 SKIP cached model.layers.9.self_attn.q_proj.weight (all 5 variants)
2026-08-17 22:03:35 SKIP cached model.layers.9.self_attn.k_proj.weight (all 5 variants)
2026-08-17 22:03:36 SKIP cached model.layers.9.self_attn.v_proj.weight (all 5 variants)
2026-08-17 22:03:36 SKIP cached model.layers.9.self_attn.o_proj.weight (all 5 variants)
2026-08-17 22:03:36 SKIP cached model.layers.9.mlp.gate_proj.weight (all 5 variants)
2026-08-17 22:03:36 SKIP cached model.layers.9.mlp.up_proj.weight (all 5 variants)
2026-08-17 22:03:36 SKIP cached model.layers.9.mlp.down_proj.weight (all 5 variants)
2026-08-17 22:03:36 SKIP cached model.layers.10.self_attn.q_proj.weight (all 5 variants)
2026-08-17 22:03:36 SKIP cached model.layers.10.self_attn.k_proj.weight (all 5 variants)
2026-08-17 22:03:36 SKIP cached model.layers.10.self_attn.v_proj.weight (all 5 variants)
2026-08-17 22:03:36 SKIP cached model.layers.10.self_attn.o_proj.weight (all 5 variants)
2026-08-17 22:03:36 SKIP cached model.layers.10.mlp.gate_proj.weight (all 5 variants)
2026-08-17 22:03:36 SKIP cached model.layers.10.mlp.up_proj.weight (all 5 variants)
2026-08-17 22:03:36 SKIP cached model.layers.10.mlp.down_proj.weight (all 5 variants)
2026-08-17 22:03:36 SKIP cached model.layers.11.self_attn.q_proj.weight (all 5 variants)
2026-08-17 22:03:36 SKIP cached model.layers.11.self_attn.k_proj.weight (all 5 variants)
2026-08-17 22:03:36 SKIP cached model.layers.11.self_attn.v_proj.weight (all 5 variants)
2026-08-17 22:03:36 SKIP cached model.layers.11.self_attn.o_proj.weight (all 5 variants)
2026-08-17 22:03:36 SKIP cached model.layers.11.mlp.gate_proj.weight (all 5 variants)
2026-08-17 22:03:36 SKIP cached model.layers.11.mlp.up_proj.weight (all 5 variants)
2026-08-17 22:03:36 SKIP cached model.layers.11.mlp.down_proj.weight (all 5 variants)
2026-08-17 22:03:36 SKIP cached model.layers.12.self_attn.q_proj.weight (all 5 variants)
2026-08-17 22:03:36 SKIP cached model.layers.12.self_attn.k_proj.weight (all 5 variants)
2026-08-17 22:03:36 SKIP cached model.layers.12.self_attn.v_proj.weight (all 5 variants)
2026-08-17 22:03:36 SKIP cached model.layers.12.self_attn.o_proj.weight (all 5 variants)
2026-08-17 22:03:36 SKIP cached model.layers.12.mlp.gate_proj.weight (all 5 variants)
2026-08-17 22:03:36 SKIP cached model.layers.12.mlp.up_proj.weight (all 5 variants)
2026-08-17 22:03:36 SKIP cached model.layers.12.mlp.down_proj.weight (all 5 variants)
2026-08-17 22:03:36 SKIP cached model.layers.13.self_attn.q_proj.weight (all 5 variants)
2026-08-17 22:03:36 SKIP cached model.layers.13.self_attn.k_proj.weight (all 5 variants)
2026-08-17 22:03:36 SKIP cached model.layers.13.self_attn.v_proj.weight (all 5 variants)
2026-08-17 22:03:36 SKIP cached model.layers.13.self_attn.o_proj.weight (all 5 variants)
2026-08-17 22:03:36 SKIP cached model.layers.13.mlp.gate_proj.weight (all 5 variants)
2026-08-17 22:03:36 SKIP cached model.layers.13.mlp.up_proj.weight (all 5 variants)
2026-08-17 22:03:36 SKIP cached model.layers.13.mlp.down_proj.weight (all 5 variants)
2026-08-17 22:03:36 SKIP cached model.layers.14.self_attn.q_proj.weight (all 5 variants)
2026-08-17 22:03:36 SKIP cached model.layers.14.self_attn.k_proj.weight (all 5 variants)
2026-08-17 22:03:36 SKIP cached model.layers.14.self_attn.v_proj.weight (all 5 variants)
2026-08-17 22:03:36 SKIP cached model.layers.14.self_attn.o_proj.weight (all 5 variants)
2026-08-17 22:03:36 SKIP cached model.layers.14.mlp.gate_proj.weight (all 5 variants)
2026-08-17 22:03:37 SKIP cached model.layers.14.mlp.up_proj.weight (all 5 variants)
2026-08-17 22:03:37 SKIP cached model.layers.14.mlp.down_proj.weight (all 5 variants)
2026-08-17 22:03:37 SKIP cached model.layers.15.self_attn.q_proj.weight (all 5 variants)
2026-08-17 22:03:37 SKIP cached model.layers.15.self_attn.k_proj.weight (all 5 variants)
2026-08-17 22:03:37 SKIP cached model.layers.15.self_attn.v_proj.weight (all 5 variants)
2026-08-17 22:03:37 SKIP cached model.layers.15.self_attn.o_proj.weight (all 5 variants)
2026-08-17 22:03:37 SKIP cached model.layers.15.mlp.gate_proj.weight (all 5 variants)
2026-08-17 22:03:37 SKIP cached model.layers.15.mlp.up_proj.weight (all 5 variants)
2026-08-17 22:03:37 SKIP cached model.layers.15.mlp.down_proj.weight (all 5 variants)
2026-08-17 22:03:37 SKIP cached model.layers.16.self_attn.q_proj.weight (all 5 variants)
2026-08-17 22:03:37 SKIP cached model.layers.16.self_attn.k_proj.weight (all 5 variants)
2026-08-17 22:03:37 SKIP cached model.layers.16.self_attn.v_proj.weight (all 5 variants)
2026-08-17 22:03:37 SKIP cached model.layers.16.self_attn.o_proj.weight (all 5 variants)
2026-08-17 22:03:37 SKIP cached model.layers.16.mlp.gate_proj.weight (all 5 variants)
2026-08-17 22:03:37 SKIP cached model.layers.16.mlp.up_proj.weight (all 5 variants)
2026-08-17 22:03:37 SKIP cached model.layers.16.mlp.down_proj.weight (all 5 variants)
2026-08-17 22:03:37 SKIP cached model.layers.17.self_attn.q_proj.weight (all 5 variants)
2026-08-17 22:03:37 SKIP cached model.layers.17.self_attn.k_proj.weight (all 5 variants)
2026-08-17 22:03:37 SKIP cached model.layers.17.self_attn.v_proj.weight (all 5 variants)
2026-08-17 22:03:37 SKIP cached model.layers.17.self_attn.o_proj.weight (all 5 variants)
2026-08-17 22:03:37 SKIP cached model.layers.17.mlp.gate_proj.weight (all 5 variants)
2026-08-17 22:03:37 SKIP cached model.layers.17.mlp.up_proj.weight (all 5 variants)
2026-08-17 22:03:37 SKIP cached model.layers.17.mlp.down_proj.weight (all 5 variants)
2026-08-17 22:03:37 SKIP cached model.layers.18.self_attn.q_proj.weight (all 5 variants)
2026-08-17 22:03:37 SKIP cached model.layers.18.self_attn.k_proj.weight (all 5 variants)
2026-08-17 22:03:37 SKIP cached model.layers.18.self_attn.v_proj.weight (all 5 variants)
2026-08-17 22:03:37 SKIP cached model.layers.18.self_attn.o_proj.weight (all 5 variants)
2026-08-17 22:03:37 SKIP cached model.layers.18.mlp.gate_proj.weight (all 5 variants)
2026-08-17 22:03:37 SKIP cached model.layers.18.mlp.up_proj.weight (all 5 variants)
2026-08-17 22:03:37 SKIP cached model.layers.18.mlp.down_proj.weight (all 5 variants)
2026-08-17 22:03:37 SKIP cached model.layers.19.self_attn.q_proj.weight (all 5 variants)
2026-08-17 22:03:37 SKIP cached model.layers.19.self_attn.k_proj.weight (all 5 variants)
2026-08-17 22:03:37 SKIP cached model.layers.19.self_attn.v_proj.weight (all 5 variants)
2026-08-17 22:03:37 SKIP cached model.layers.19.self_attn.o_proj.weight (all 5 variants)
2026-08-17 22:03:37 SKIP cached model.layers.19.mlp.gate_proj.weight (all 5 variants)
2026-08-17 22:03:37 SKIP cached model.layers.19.mlp.up_proj.weight (all 5 variants)
2026-08-17 22:03:37 SKIP cached model.layers.19.mlp.down_proj.weight (all 5 variants)
2026-08-17 22:03:38 SKIP cached model.layers.20.self_attn.q_proj.weight (all 5 variants)
2026-08-17 22:03:38 SKIP cached model.layers.20.self_attn.k_proj.weight (all 5 variants)
2026-08-17 22:03:38 SKIP cached model.layers.20.self_attn.v_proj.weight (all 5 variants)
2026-08-17 22:03:38 SKIP cached model.layers.20.self_attn.o_proj.weight (all 5 variants)
2026-08-17 22:03:38 SKIP cached model.layers.20.mlp.gate_proj.weight (all 5 variants)
2026-08-17 22:03:38 SKIP cached model.layers.20.mlp.up_proj.weight (all 5 variants)
2026-08-17 22:03:38 SKIP cached model.layers.20.mlp.down_proj.weight (all 5 variants)
2026-08-17 22:03:38 SKIP cached model.layers.21.self_attn.q_proj.weight (all 5 variants)
2026-08-17 22:03:38 SKIP cached model.layers.21.self_attn.k_proj.weight (all 5 variants)
2026-08-17 22:03:38 SKIP cached model.layers.21.self_attn.v_proj.weight (all 5 variants)
2026-08-17 22:03:38 SKIP cached model.layers.21.self_attn.o_proj.weight (all 5 variants)
2026-08-17 22:03:38 SKIP cached model.layers.21.mlp.gate_proj.weight (all 5 variants)
2026-08-17 22:03:38 SKIP cached model.layers.21.mlp.up_proj.weight (all 5 variants)
2026-08-17 22:03:38 SKIP cached model.layers.21.mlp.down_proj.weight (all 5 variants)
2026-08-17 22:03:38 SKIP cached model.layers.22.self_attn.q_proj.weight (all 5 variants)
2026-08-17 22:03:38 SKIP cached model.layers.22.self_attn.k_proj.weight (all 5 variants)
2026-08-17 22:03:38 SKIP cached model.layers.22.self_attn.v_proj.weight (all 5 variants)
2026-08-17 22:03:38 SKIP cached model.layers.22.self_attn.o_proj.weight (all 5 variants)
2026-08-17 22:03:38 SKIP cached model.layers.22.mlp.gate_proj.weight (all 5 variants)
2026-08-17 22:03:38 SKIP cached model.layers.22.mlp.up_proj.weight (all 5 variants)
2026-08-17 22:03:38 SKIP cached model.layers.22.mlp.down_proj.weight (all 5 variants)
2026-08-17 22:03:38 SKIP cached model.layers.23.self_attn.q_proj.weight (all 5 variants)
2026-08-17 22:03:38 SKIP cached model.layers.23.self_attn.k_proj.weight (all 5 variants)
2026-08-17 22:03:38 SKIP cached model.layers.23.self_attn.v_proj.weight (all 5 variants)
2026-08-17 22:03:38 SKIP cached model.layers.23.self_attn.o_proj.weight (all 5 variants)
2026-08-17 22:03:38 SKIP cached model.layers.23.mlp.gate_proj.weight (all 5 variants)
2026-08-17 22:03:38 SKIP cached model.layers.23.mlp.up_proj.weight (all 5 variants)
2026-08-17 22:03:38 SKIP cached model.layers.23.mlp.down_proj.weight (all 5 variants)
2026-08-17 22:03:38 SKIP cached model.layers.24.self_attn.q_proj.weight (all 5 variants)
2026-08-17 22:03:38 SKIP cached model.layers.24.self_attn.k_proj.weight (all 5 variants)
2026-08-17 22:03:38 SKIP cached model.layers.24.self_attn.v_proj.weight (all 5 variants)
2026-08-17 22:03:38 SKIP cached model.layers.24.self_attn.o_proj.weight (all 5 variants)
2026-08-17 22:03:38 SKIP cached model.layers.24.mlp.gate_proj.weight (all 5 variants)
2026-08-17 22:03:38 SKIP cached model.layers.24.mlp.up_proj.weight (all 5 variants)
2026-08-17 22:03:38 SKIP cached model.layers.24.mlp.down_proj.weight (all 5 variants)
2026-08-17 22:03:39 SKIP cached model.layers.25.self_attn.q_proj.weight (all 5 variants)
2026-08-17 22:03:39 SKIP cached model.layers.25.self_attn.k_proj.weight (all 5 variants)
2026-08-17 22:03:39 SKIP cached model.layers.25.self_attn.v_proj.weight (all 5 variants)
2026-08-17 22:03:39 SKIP cached model.layers.25.self_attn.o_proj.weight (all 5 variants)
2026-08-17 22:03:39 SKIP cached model.layers.25.mlp.gate_proj.weight (all 5 variants)
2026-08-17 22:03:39 SKIP cached model.layers.25.mlp.up_proj.weight (all 5 variants)
2026-08-17 22:03:39 SKIP cached model.layers.25.mlp.down_proj.weight (all 5 variants)
2026-08-17 22:03:39 SKIP cached model.layers.26.self_attn.q_proj.weight (all 5 variants)
2026-08-17 22:03:39 SKIP cached model.layers.26.self_attn.k_proj.weight (all 5 variants)
2026-08-17 22:03:39 SKIP cached model.layers.26.self_attn.v_proj.weight (all 5 variants)
2026-08-17 22:03:39 SKIP cached model.layers.26.self_attn.o_proj.weight (all 5 variants)
2026-08-17 22:03:39 SKIP cached model.layers.26.mlp.gate_proj.weight (all 5 variants)
2026-08-17 22:03:39 SKIP cached model.layers.26.mlp.up_proj.weight (all 5 variants)
2026-08-17 22:03:39 SKIP cached model.layers.26.mlp.down_proj.weight (all 5 variants)
2026-08-17 22:03:39 SKIP cached model.layers.27.self_attn.q_proj.weight (all 5 variants)
2026-08-17 22:03:39 SKIP cached model.layers.27.self_attn.k_proj.weight (all 5 variants)
2026-08-17 22:03:39 SKIP cached model.layers.27.self_attn.v_proj.weight (all 5 variants)
2026-08-17 22:03:39 SKIP cached model.layers.27.self_attn.o_proj.weight (all 5 variants)
2026-08-17 22:03:39 SKIP cached model.layers.27.mlp.gate_proj.weight (all 5 variants)
2026-08-17 22:03:39 SKIP cached model.layers.27.mlp.up_proj.weight (all 5 variants)
2026-08-17 22:03:39 SKIP cached model.layers.27.mlp.down_proj.weight (all 5 variants)
2026-08-17 22:03:39 FIT done in 0.1 min
2026-08-17 22:03:41 HASH re-verify originals verified=True sha256=42fb692854712fa1c4d375c5cde965af...
2026-08-17 22:03:41 RUN phase3-20260817-220331 complete
2026-08-17 22:04:06 RUN phase3-20260817-220406 layout=phase3 model=Qwen3-1.7B config=c8p3 C=8 P=3 stage=comparators n_seeds=16384 stage2_seeds=65535 layers_limit=None eval_mode=cached resume=True stack=c4ad6bb586c5|NVIDIA GeForce RTX 4090|torch2.11.0+cu128
2026-08-17 22:04:08 HASH originals sha256=42fb692854712fa1c4d375c5cde965af... verified=True
2026-08-17 22:04:13 NOTE q4km: 112 GGUF blk tensors outside the 7 compressed families (expected: norms/biases): ['blk.0.attn_k_norm.weight', 'blk.0.attn_norm.weight', 'blk.0.attn_q_norm.weight']
2026-08-17 22:04:33 CMP q4km dequantized 196/196 tensors from Q4_K_M.gguf in 25.2s
2026-08-17 22:04:37 NOTE q3km: 112 GGUF blk tensors outside the 7 compressed families (expected: norms/biases): ['blk.0.attn_k_norm.weight', 'blk.0.attn_norm.weight', 'blk.0.attn_q_norm.weight']
2026-08-17 22:04:58 CMP q3km dequantized 196/196 tensors from Q3_K_M.gguf in 24.2s
2026-08-17 22:04:58 WARN comparator awq_w4: no artifact at /workspace/comparators/Qwen3-1.7B/awq — skipping (rows will be filled in on a later run)
2026-08-17 22:04:58 CMP available: ['q4km', 'q3km']
2026-08-17 22:07:26 EVAL model=Qwen3-1.7B loaded, 196 target tensors (layers_limit=None, eval_mode=cached)
2026-08-17 22:07:26 SKIP cached reference.json fp=6f7a7d9b5d3fd99d
2026-08-17 22:07:27 REFLOGITS 12 prompts (0.44 GB, 12 cached, 0.0s) -> /workspace/results/Qwen3-1.7B/ref_logits
2026-08-17 22:08:00 EVAL q4km                 bpw=4.8008 mean_kl=0.032270 p95=0.142677 max=2.1059 top1=96.85% fp=7de7ee7bb6f8dae5 (26.6s)
2026-08-17 22:08:25 EVAL q3km                 bpw=3.8478 mean_kl=0.204809 p95=0.966012 max=13.7500 top1=90.29% fp=ea45e80c2083e804 (25.1s)
2026-08-17 22:08:26 WARN awq_w4: 196 tensors missing from cache -> skipping variant
2026-08-17 22:08:27 EVAL done in 3.5 min
2026-08-17 22:08:27 GATE FAIL
2026-08-17 22:08:32 HASH re-verify originals verified=True sha256=42fb692854712fa1c4d375c5cde965af...
2026-08-17 22:08:32 RUN phase3-20260817-220406 complete
2026-08-17 22:09:07 RUN phase3-20260817-220907 layout=phase3 model=Qwen3-1.7B config=c8p3 C=8 P=3 stage=refit-full n_seeds=16384 stage2_seeds=65535 layers_limit=None eval_mode=cached resume=True stack=c4ad6bb586c5|NVIDIA GeForce RTX 4090|torch2.11.0+cu128
2026-08-17 22:09:09 HASH originals sha256=42fb692854712fa1c4d375c5cde965af... verified=True
2026-08-17 22:09:09 WINNER awq_p2.0 -> refit @65535 seeds
2026-08-17 22:09:10 SKIP cached act_scales (196 tensors)
2026-08-17 22:09:10 FIT start model=Qwen3-1.7B config=c8p3 C=8 P=3 tensors=196 variants=2 n_seeds=65535 units=392
2026-08-17 22:09:10 SKIP cached model.layers.0.self_attn.q_proj.weight (all 2 variants)
2026-08-17 22:09:10 SKIP cached model.layers.0.self_attn.k_proj.weight (all 2 variants)
2026-08-17 22:09:10 SKIP cached model.layers.0.self_attn.v_proj.weight (all 2 variants)
2026-08-17 22:09:10 SKIP cached model.layers.0.self_attn.o_proj.weight (all 2 variants)
2026-08-17 22:09:10 SKIP cached model.layers.0.mlp.gate_proj.weight (all 2 variants)
2026-08-17 22:09:10 SKIP cached model.layers.0.mlp.up_proj.weight (all 2 variants)
2026-08-17 22:09:10 SKIP cached model.layers.0.mlp.down_proj.weight (all 2 variants)
2026-08-17 22:09:10 SKIP cached model.layers.1.self_attn.q_proj.weight (all 2 variants)
2026-08-17 22:09:10 SKIP cached model.layers.1.self_attn.k_proj.weight (all 2 variants)
2026-08-17 22:09:10 SKIP cached model.layers.1.self_attn.v_proj.weight (all 2 variants)
2026-08-17 22:09:10 SKIP cached model.layers.1.self_attn.o_proj.weight (all 2 variants)
2026-08-17 22:09:10 SKIP cached model.layers.1.mlp.gate_proj.weight (all 2 variants)
2026-08-17 22:09:10 SKIP cached model.layers.1.mlp.up_proj.weight (all 2 variants)
2026-08-17 22:09:10 SKIP cached model.layers.1.mlp.down_proj.weight (all 2 variants)
2026-08-17 22:09:10 SKIP cached model.layers.2.self_attn.q_proj.weight (all 2 variants)
2026-08-17 22:09:10 SKIP cached model.layers.2.self_attn.k_proj.weight (all 2 variants)
2026-08-17 22:09:10 SKIP cached model.layers.2.self_attn.v_proj.weight (all 2 variants)
2026-08-17 22:09:10 SKIP cached model.layers.2.self_attn.o_proj.weight (all 2 variants)
2026-08-17 22:09:10 SKIP cached model.layers.2.mlp.gate_proj.weight (all 2 variants)
2026-08-17 22:09:10 SKIP cached model.layers.2.mlp.up_proj.weight (all 2 variants)
2026-08-17 22:09:10 SKIP cached model.layers.2.mlp.down_proj.weight (all 2 variants)
2026-08-17 22:09:10 SKIP cached model.layers.3.self_attn.q_proj.weight (all 2 variants)
2026-08-17 22:09:10 SKIP cached model.layers.3.self_attn.k_proj.weight (all 2 variants)
2026-08-17 22:09:10 SKIP cached model.layers.3.self_attn.v_proj.weight (all 2 variants)
2026-08-17 22:09:10 SKIP cached model.layers.3.self_attn.o_proj.weight (all 2 variants)
2026-08-17 22:09:10 SKIP cached model.layers.3.mlp.gate_proj.weight (all 2 variants)
2026-08-17 22:09:10 SKIP cached model.layers.3.mlp.up_proj.weight (all 2 variants)
2026-08-17 22:09:10 SKIP cached model.layers.3.mlp.down_proj.weight (all 2 variants)
2026-08-17 22:09:10 SKIP cached model.layers.4.self_attn.q_proj.weight (all 2 variants)
2026-08-17 22:09:10 SKIP cached model.layers.4.self_attn.k_proj.weight (all 2 variants)
2026-08-17 22:09:10 SKIP cached model.layers.4.self_attn.v_proj.weight (all 2 variants)
2026-08-17 22:09:10 SKIP cached model.layers.4.self_attn.o_proj.weight (all 2 variants)
2026-08-17 22:09:10 SKIP cached model.layers.4.mlp.gate_proj.weight (all 2 variants)
2026-08-17 22:09:10 SKIP cached model.layers.4.mlp.up_proj.weight (all 2 variants)
2026-08-17 22:09:10 SKIP cached model.layers.4.mlp.down_proj.weight (all 2 variants)
2026-08-17 22:09:10 SKIP cached model.layers.5.self_attn.q_proj.weight (all 2 variants)
2026-08-17 22:09:10 SKIP cached model.layers.5.self_attn.k_proj.weight (all 2 variants)
2026-08-17 22:09:10 SKIP cached model.layers.5.self_attn.v_proj.weight (all 2 variants)
2026-08-17 22:09:10 SKIP cached model.layers.5.self_attn.o_proj.weight (all 2 variants)
2026-08-17 22:09:10 SKIP cached model.layers.5.mlp.gate_proj.weight (all 2 variants)
2026-08-17 22:09:10 SKIP cached model.layers.5.mlp.up_proj.weight (all 2 variants)
2026-08-17 22:09:10 SKIP cached model.layers.5.mlp.down_proj.weight (all 2 variants)
2026-08-17 22:09:10 SKIP cached model.layers.6.self_attn.q_proj.weight (all 2 variants)
2026-08-17 22:09:10 SKIP cached model.layers.6.self_attn.k_proj.weight (all 2 variants)
2026-08-17 22:09:10 SKIP cached model.layers.6.self_attn.v_proj.weight (all 2 variants)
2026-08-17 22:09:10 SKIP cached model.layers.6.self_attn.o_proj.weight (all 2 variants)
2026-08-17 22:09:11 SKIP cached model.layers.6.mlp.gate_proj.weight (all 2 variants)
2026-08-17 22:09:11 SKIP cached model.layers.6.mlp.up_proj.weight (all 2 variants)
2026-08-17 22:09:11 SKIP cached model.layers.6.mlp.down_proj.weight (all 2 variants)
2026-08-17 22:09:11 SKIP cached model.layers.7.self_attn.q_proj.weight (all 2 variants)
2026-08-17 22:09:11 SKIP cached model.layers.7.self_attn.k_proj.weight (all 2 variants)
2026-08-17 22:09:11 SKIP cached model.layers.7.self_attn.v_proj.weight (all 2 variants)
2026-08-17 22:09:11 SKIP cached model.layers.7.self_attn.o_proj.weight (all 2 variants)
2026-08-17 22:09:11 SKIP cached model.layers.7.mlp.gate_proj.weight (all 2 variants)
2026-08-17 22:09:11 SKIP cached model.layers.7.mlp.up_proj.weight (all 2 variants)
2026-08-17 22:09:11 SKIP cached model.layers.7.mlp.down_proj.weight (all 2 variants)
2026-08-17 22:09:11 SKIP cached model.layers.8.self_attn.q_proj.weight (all 2 variants)
2026-08-17 22:09:11 SKIP cached model.layers.8.self_attn.k_proj.weight (all 2 variants)
2026-08-17 22:09:11 SKIP cached model.layers.8.self_attn.v_proj.weight (all 2 variants)
2026-08-17 22:09:11 SKIP cached model.layers.8.self_attn.o_proj.weight (all 2 variants)
2026-08-17 22:09:11 SKIP cached model.layers.8.mlp.gate_proj.weight (all 2 variants)
2026-08-17 22:09:11 SKIP cached model.layers.8.mlp.up_proj.weight (all 2 variants)
2026-08-17 22:09:11 SKIP cached model.layers.8.mlp.down_proj.weight (all 2 variants)
2026-08-17 22:09:11 SKIP cached model.layers.9.self_attn.q_proj.weight (all 2 variants)
2026-08-17 22:09:11 SKIP cached model.layers.9.self_attn.k_proj.weight (all 2 variants)
2026-08-17 22:09:11 SKIP cached model.layers.9.self_attn.v_proj.weight (all 2 variants)
2026-08-17 22:09:11 SKIP cached model.layers.9.self_attn.o_proj.weight (all 2 variants)
2026-08-17 22:09:11 SKIP cached model.layers.9.mlp.gate_proj.weight (all 2 variants)
2026-08-17 22:09:11 SKIP cached model.layers.9.mlp.up_proj.weight (all 2 variants)
2026-08-17 22:09:11 SKIP cached model.layers.9.mlp.down_proj.weight (all 2 variants)
2026-08-17 22:09:11 SKIP cached model.layers.10.self_attn.q_proj.weight (all 2 variants)
2026-08-17 22:09:11 SKIP cached model.layers.10.self_attn.k_proj.weight (all 2 variants)
2026-08-17 22:09:11 SKIP cached model.layers.10.self_attn.v_proj.weight (all 2 variants)
2026-08-17 22:09:11 SKIP cached model.layers.10.self_attn.o_proj.weight (all 2 variants)
2026-08-17 22:09:11 SKIP cached model.layers.10.mlp.gate_proj.weight (all 2 variants)
2026-08-17 22:09:11 SKIP cached model.layers.10.mlp.up_proj.weight (all 2 variants)
2026-08-17 22:09:11 SKIP cached model.layers.10.mlp.down_proj.weight (all 2 variants)
2026-08-17 22:09:11 SKIP cached model.layers.11.self_attn.q_proj.weight (all 2 variants)
2026-08-17 22:09:11 SKIP cached model.layers.11.self_attn.k_proj.weight (all 2 variants)
2026-08-17 22:09:11 SKIP cached model.layers.11.self_attn.v_proj.weight (all 2 variants)
2026-08-17 22:09:11 SKIP cached model.layers.11.self_attn.o_proj.weight (all 2 variants)
2026-08-17 22:09:11 SKIP cached model.layers.11.mlp.gate_proj.weight (all 2 variants)
2026-08-17 22:09:11 SKIP cached model.layers.11.mlp.up_proj.weight (all 2 variants)
2026-08-17 22:09:11 SKIP cached model.layers.11.mlp.down_proj.weight (all 2 variants)
2026-08-17 22:09:11 SKIP cached model.layers.12.self_attn.q_proj.weight (all 2 variants)
2026-08-17 22:09:11 SKIP cached model.layers.12.self_attn.k_proj.weight (all 2 variants)
2026-08-17 22:09:11 SKIP cached model.layers.12.self_attn.v_proj.weight (all 2 variants)
2026-08-17 22:09:11 SKIP cached model.layers.12.self_attn.o_proj.weight (all 2 variants)
2026-08-17 22:09:11 SKIP cached model.layers.12.mlp.gate_proj.weight (all 2 variants)
2026-08-17 22:09:11 SKIP cached model.layers.12.mlp.up_proj.weight (all 2 variants)
2026-08-17 22:09:11 SKIP cached model.layers.12.mlp.down_proj.weight (all 2 variants)
2026-08-17 22:09:11 SKIP cached model.layers.13.self_attn.q_proj.weight (all 2 variants)
2026-08-17 22:09:11 SKIP cached model.layers.13.self_attn.k_proj.weight (all 2 variants)
2026-08-17 22:09:11 SKIP cached model.layers.13.self_attn.v_proj.weight (all 2 variants)
2026-08-17 22:09:11 SKIP cached model.layers.13.self_attn.o_proj.weight (all 2 variants)
2026-08-17 22:09:11 SKIP cached model.layers.13.mlp.gate_proj.weight (all 2 variants)
2026-08-17 22:09:12 SKIP cached model.layers.13.mlp.up_proj.weight (all 2 variants)
2026-08-17 22:09:12 SKIP cached model.layers.13.mlp.down_proj.weight (all 2 variants)
2026-08-17 22:09:12 SKIP cached model.layers.14.self_attn.q_proj.weight (all 2 variants)
2026-08-17 22:09:12 SKIP cached model.layers.14.self_attn.k_proj.weight (all 2 variants)
2026-08-17 22:09:12 SKIP cached model.layers.14.self_attn.v_proj.weight (all 2 variants)
2026-08-17 22:09:12 SKIP cached model.layers.14.self_attn.o_proj.weight (all 2 variants)
2026-08-17 22:09:12 SKIP cached model.layers.14.mlp.gate_proj.weight (all 2 variants)
2026-08-17 22:09:12 SKIP cached model.layers.14.mlp.up_proj.weight (all 2 variants)
2026-08-17 22:09:12 SKIP cached model.layers.14.mlp.down_proj.weight (all 2 variants)
2026-08-17 22:09:12 SKIP cached model.layers.15.self_attn.q_proj.weight (all 2 variants)
2026-08-17 22:09:12 SKIP cached model.layers.15.self_attn.k_proj.weight (all 2 variants)
2026-08-17 22:09:12 SKIP cached model.layers.15.self_attn.v_proj.weight (all 2 variants)
2026-08-17 22:09:12 SKIP cached model.layers.15.self_attn.o_proj.weight (all 2 variants)
2026-08-17 22:09:12 SKIP cached model.layers.15.mlp.gate_proj.weight (all 2 variants)
2026-08-17 22:09:12 SKIP cached model.layers.15.mlp.up_proj.weight (all 2 variants)
2026-08-17 22:09:12 SKIP cached model.layers.15.mlp.down_proj.weight (all 2 variants)
2026-08-17 22:09:12 SKIP cached model.layers.16.self_attn.q_proj.weight (all 2 variants)
2026-08-17 22:09:12 SKIP cached model.layers.16.self_attn.k_proj.weight (all 2 variants)
2026-08-17 22:09:12 SKIP cached model.layers.16.self_attn.v_proj.weight (all 2 variants)
2026-08-17 22:09:12 SKIP cached model.layers.16.self_attn.o_proj.weight (all 2 variants)
2026-08-17 22:09:12 SKIP cached model.layers.16.mlp.gate_proj.weight (all 2 variants)
2026-08-17 22:09:12 SKIP cached model.layers.16.mlp.up_proj.weight (all 2 variants)
2026-08-17 22:09:12 SKIP cached model.layers.16.mlp.down_proj.weight (all 2 variants)
2026-08-17 22:09:12 SKIP cached model.layers.17.self_attn.q_proj.weight (all 2 variants)
2026-08-17 22:09:12 SKIP cached model.layers.17.self_attn.k_proj.weight (all 2 variants)
2026-08-17 22:09:12 SKIP cached model.layers.17.self_attn.v_proj.weight (all 2 variants)
2026-08-17 22:09:12 SKIP cached model.layers.17.self_attn.o_proj.weight (all 2 variants)
2026-08-17 22:09:12 SKIP cached model.layers.17.mlp.gate_proj.weight (all 2 variants)
2026-08-17 22:09:12 SKIP cached model.layers.17.mlp.up_proj.weight (all 2 variants)
2026-08-17 22:09:12 SKIP cached model.layers.17.mlp.down_proj.weight (all 2 variants)
2026-08-17 22:09:12 SKIP cached model.layers.18.self_attn.q_proj.weight (all 2 variants)
2026-08-17 22:09:12 SKIP cached model.layers.18.self_attn.k_proj.weight (all 2 variants)
2026-08-17 22:09:12 SKIP cached model.layers.18.self_attn.v_proj.weight (all 2 variants)
2026-08-17 22:09:12 SKIP cached model.layers.18.self_attn.o_proj.weight (all 2 variants)
2026-08-17 22:09:12 SKIP cached model.layers.18.mlp.gate_proj.weight (all 2 variants)
2026-08-17 22:09:12 SKIP cached model.layers.18.mlp.up_proj.weight (all 2 variants)
2026-08-17 22:09:12 SKIP cached model.layers.18.mlp.down_proj.weight (all 2 variants)
2026-08-17 22:09:12 SKIP cached model.layers.19.self_attn.q_proj.weight (all 2 variants)
2026-08-17 22:09:12 SKIP cached model.layers.19.self_attn.k_proj.weight (all 2 variants)
2026-08-17 22:09:12 SKIP cached model.layers.19.self_attn.v_proj.weight (all 2 variants)
2026-08-17 22:09:12 SKIP cached model.layers.19.self_attn.o_proj.weight (all 2 variants)
2026-08-17 22:09:12 SKIP cached model.layers.19.mlp.gate_proj.weight (all 2 variants)
2026-08-17 22:09:12 SKIP cached model.layers.19.mlp.up_proj.weight (all 2 variants)
2026-08-17 22:09:12 SKIP cached model.layers.19.mlp.down_proj.weight (all 2 variants)
2026-08-17 22:09:12 SKIP cached model.layers.20.self_attn.q_proj.weight (all 2 variants)
2026-08-17 22:09:12 SKIP cached model.layers.20.self_attn.k_proj.weight (all 2 variants)
2026-08-17 22:09:12 SKIP cached model.layers.20.self_attn.v_proj.weight (all 2 variants)
2026-08-17 22:09:13 SKIP cached model.layers.20.self_attn.o_proj.weight (all 2 variants)
2026-08-17 22:09:13 SKIP cached model.layers.20.mlp.gate_proj.weight (all 2 variants)
2026-08-17 22:09:13 SKIP cached model.layers.20.mlp.up_proj.weight (all 2 variants)
2026-08-17 22:09:13 SKIP cached model.layers.20.mlp.down_proj.weight (all 2 variants)
2026-08-17 22:09:13 SKIP cached model.layers.21.self_attn.q_proj.weight (all 2 variants)
2026-08-17 22:09:13 SKIP cached model.layers.21.self_attn.k_proj.weight (all 2 variants)
2026-08-17 22:09:13 SKIP cached model.layers.21.self_attn.v_proj.weight (all 2 variants)
2026-08-17 22:09:13 SKIP cached model.layers.21.self_attn.o_proj.weight (all 2 variants)
2026-08-17 22:09:13 SKIP cached model.layers.21.mlp.gate_proj.weight (all 2 variants)
2026-08-17 22:09:13 SKIP cached model.layers.21.mlp.up_proj.weight (all 2 variants)
2026-08-17 22:09:13 SKIP cached model.layers.21.mlp.down_proj.weight (all 2 variants)
2026-08-17 22:09:13 SKIP cached model.layers.22.self_attn.q_proj.weight (all 2 variants)
2026-08-17 22:09:13 SKIP cached model.layers.22.self_attn.k_proj.weight (all 2 variants)
2026-08-17 22:09:13 SKIP cached model.layers.22.self_attn.v_proj.weight (all 2 variants)
2026-08-17 22:09:13 SKIP cached model.layers.22.self_attn.o_proj.weight (all 2 variants)
2026-08-17 22:09:13 SKIP cached model.layers.22.mlp.gate_proj.weight (all 2 variants)
2026-08-17 22:09:13 SKIP cached model.layers.22.mlp.up_proj.weight (all 2 variants)
2026-08-17 22:09:13 SKIP cached model.layers.22.mlp.down_proj.weight (all 2 variants)
2026-08-17 22:09:13 SKIP cached model.layers.23.self_attn.q_proj.weight (all 2 variants)
2026-08-17 22:09:13 SKIP cached model.layers.23.self_attn.k_proj.weight (all 2 variants)
2026-08-17 22:09:13 SKIP cached model.layers.23.self_attn.v_proj.weight (all 2 variants)
2026-08-17 22:09:13 SKIP cached model.layers.23.self_attn.o_proj.weight (all 2 variants)
2026-08-17 22:09:13 SKIP cached model.layers.23.mlp.gate_proj.weight (all 2 variants)
2026-08-17 22:09:13 SKIP cached model.layers.23.mlp.up_proj.weight (all 2 variants)
2026-08-17 22:09:13 SKIP cached model.layers.23.mlp.down_proj.weight (all 2 variants)
2026-08-17 22:09:13 SKIP cached model.layers.24.self_attn.q_proj.weight (all 2 variants)
2026-08-17 22:09:13 SKIP cached model.layers.24.self_attn.k_proj.weight (all 2 variants)
2026-08-17 22:09:13 SKIP cached model.layers.24.self_attn.v_proj.weight (all 2 variants)
2026-08-17 22:09:13 SKIP cached model.layers.24.self_attn.o_proj.weight (all 2 variants)
2026-08-17 22:09:13 SKIP cached model.layers.24.mlp.gate_proj.weight (all 2 variants)
2026-08-17 22:09:13 SKIP cached model.layers.24.mlp.up_proj.weight (all 2 variants)
2026-08-17 22:09:13 SKIP cached model.layers.24.mlp.down_proj.weight (all 2 variants)
2026-08-17 22:09:13 SKIP cached model.layers.25.self_attn.q_proj.weight (all 2 variants)
2026-08-17 22:09:13 SKIP cached model.layers.25.self_attn.k_proj.weight (all 2 variants)
2026-08-17 22:09:13 SKIP cached model.layers.25.self_attn.v_proj.weight (all 2 variants)
2026-08-17 22:09:13 SKIP cached model.layers.25.self_attn.o_proj.weight (all 2 variants)
2026-08-17 22:09:13 SKIP cached model.layers.25.mlp.gate_proj.weight (all 2 variants)
2026-08-17 22:09:13 SKIP cached model.layers.25.mlp.up_proj.weight (all 2 variants)
2026-08-17 22:09:13 SKIP cached model.layers.25.mlp.down_proj.weight (all 2 variants)
2026-08-17 22:09:13 SKIP cached model.layers.26.self_attn.q_proj.weight (all 2 variants)
2026-08-17 22:09:13 SKIP cached model.layers.26.self_attn.k_proj.weight (all 2 variants)
2026-08-17 22:09:13 SKIP cached model.layers.26.self_attn.v_proj.weight (all 2 variants)
2026-08-17 22:09:13 SKIP cached model.layers.26.self_attn.o_proj.weight (all 2 variants)
2026-08-17 22:09:13 SKIP cached model.layers.26.mlp.gate_proj.weight (all 2 variants)
2026-08-17 22:09:14 SKIP cached model.layers.26.mlp.up_proj.weight (all 2 variants)
2026-08-17 22:09:14 SKIP cached model.layers.26.mlp.down_proj.weight (all 2 variants)
2026-08-17 22:09:14 SKIP cached model.layers.27.self_attn.q_proj.weight (all 2 variants)
2026-08-17 22:09:14 SKIP cached model.layers.27.self_attn.k_proj.weight (all 2 variants)
2026-08-17 22:09:14 SKIP cached model.layers.27.self_attn.v_proj.weight (all 2 variants)
2026-08-17 22:09:14 SKIP cached model.layers.27.self_attn.o_proj.weight (all 2 variants)
2026-08-17 22:09:14 SKIP cached model.layers.27.mlp.gate_proj.weight (all 2 variants)
2026-08-17 22:09:14 SKIP cached model.layers.27.mlp.up_proj.weight (all 2 variants)
2026-08-17 22:09:14 SKIP cached model.layers.27.mlp.down_proj.weight (all 2 variants)
2026-08-17 22:09:14 FIT done in 0.1 min
2026-08-17 22:09:16 HASH re-verify originals verified=True sha256=42fb692854712fa1c4d375c5cde965af...
2026-08-17 22:09:16 RUN phase3-20260817-220907 complete
2026-08-17 22:09:42 RUN phase3-20260817-220942 layout=phase3 model=Qwen3-1.7B config=c8p3 C=8 P=3 stage=eval n_seeds=65535 stage2_seeds=65535 layers_limit=None eval_mode=cached resume=True stack=c4ad6bb586c5|NVIDIA GeForce RTX 4090|torch2.11.0+cu128
2026-08-17 22:09:44 HASH originals sha256=42fb692854712fa1c4d375c5cde965af... verified=True
2026-08-17 22:12:20 EVAL model=Qwen3-1.7B loaded, 196 target tensors (layers_limit=None, eval_mode=cached)
2026-08-17 22:12:20 SKIP cached reference.json fp=6f7a7d9b5d3fd99d
2026-08-17 22:12:21 REFLOGITS 12 prompts (0.44 GB, 12 cached, 0.0s) -> /workspace/results/Qwen3-1.7B/ref_logits
2026-08-17 22:13:17 EVAL c8p3_seed_only       bpw=4.0000 mean_kl=0.844728 p95=4.690196 max=28.1138 top1=81.94% fp=f45c7e47da2963f0 (31.8s)
2026-08-17 22:13:42 EVAL c8p3_awq_p0.5        bpw=4.2400 mean_kl=0.390115 p95=1.834948 max=17.2500 top1=88.37% fp=fe23d8adece5cac9 (24.6s)
2026-08-17 22:14:08 EVAL c8p3_awq_p1.0        bpw=4.4800 mean_kl=0.339384 p95=1.701233 max=13.7538 top1=88.51% fp=df77624c1e815b44 (25.6s)
2026-08-17 22:14:32 EVAL c8p3_awq_p2.0        bpw=4.9600 mean_kl=0.279300 p95=1.464632 max=12.2704 top1=89.06% fp=d24ae5a4a512c526 (23.9s)
2026-08-17 22:14:57 EVAL rtn4                 bpw=4.5000 mean_kl=0.176448 p95=0.895672 max=7.7504 top1=91.66% fp=2b0802153224bacc (25.2s)
2026-08-17 22:15:21 EVAL q4km                 bpw=4.8008 mean_kl=0.032270 p95=0.142677 max=2.1059 top1=96.85% fp=7de7ee7bb6f8dae5 (24.6s)
2026-08-17 22:15:47 EVAL q3km                 bpw=3.8478 mean_kl=0.204809 p95=0.966012 max=13.7500 top1=90.29% fp=ea45e80c2083e804 (25.9s)
2026-08-17 22:15:48 WARN awq_w4: 196 tensors missing from cache -> skipping variant
2026-08-17 22:15:56 EVAL bf16                 bpw=16.0000 mean_kl=0.000000 p95=0.000000 max=0.0000 top1=100.00% fp=6f7a7d9b5d3fd99d (8.3s)
2026-08-17 22:15:56 EVAL done in 6.2 min
2026-08-17 22:15:57 GATE FAIL pass_a=False pass_b=False best_seed=c8p3_awq_p2.0 @4.9600 bpw
2026-08-17 22:16:03 HASH re-verify originals verified=True sha256=42fb692854712fa1c4d375c5cde965af...
2026-08-17 22:16:03 RUN phase3-20260817-220942 complete
2026-08-17 22:16:38 RUN phase3-20260817-221637 layout=phase3 model=Qwen3-1.7B config=c8p3 C=8 P=3 stage=verdict n_seeds=16384 stage2_seeds=65535 layers_limit=None eval_mode=cached resume=True stack=c4ad6bb586c5|NVIDIA GeForce RTX 4090|torch2.11.0+cu128
2026-08-17 22:16:39 HASH originals sha256=42fb692854712fa1c4d375c5cde965af... verified=True
2026-08-17 22:17:39 GATE FAIL
2026-08-17 22:17:46 HASH re-verify originals verified=True sha256=42fb692854712fa1c4d375c5cde965af...
2026-08-17 22:17:46 RUN phase3-20260817-221637 complete
2026-08-18 01:51:42 RUN phase3-20260818-015142 layout=phase3 model=Qwen3-1.7B config=c12p4w fit_weighting=awq C=12 P=4 stage=fit n_seeds=65535 stage2_seeds=65535 layers_limit=None eval_mode=cached resume=True stack=c4ad6bb586c5|NVIDIA GeForce RTX 4090|torch2.11.0+cu128
2026-08-18 01:51:48 HASH originals sha256=42fb692854712fa1c4d375c5cde965af... verified=True
2026-08-18 01:51:48 SKIP cached act_scales (196 tensors)
2026-08-18 01:51:48 FIT start model=Qwen3-1.7B config=c12p4w C=12 P=4 fit_weighting=awq tensors=196 variants=5 n_seeds=65535 units=980
2026-08-18 01:52:07 FIT model.layers.0.self_attn.q_proj.weight :: seed_only bpw=3.0000 rel_err=0.2483 wrel_err=0.1259 t=19.18s [1/980] ETA=5.26h
2026-08-18 01:52:09 FIT model.layers.0.self_attn.q_proj.weight :: awq_p0.5 bpw=3.2400 rel_err=0.2433 wrel_err=0.1228 t=1.91s [2/980] ETA=2.89h
2026-08-18 01:52:12 FIT model.layers.0.self_attn.q_proj.weight :: awq_p1.0 bpw=3.4800 rel_err=0.2399 wrel_err=0.1207 t=3.14s [3/980] ETA=2.22h
2026-08-18 01:52:17 FIT model.layers.0.self_attn.q_proj.weight :: awq_p2.0 bpw=3.9600 rel_err=0.2317 wrel_err=0.1160 t=4.76s [4/980] ETA=1.99h
2026-08-18 01:52:17 SKIP cached model.layers.0.self_attn.q_proj.weight :: rtn4
2026-08-18 01:52:27 FIT model.layers.0.self_attn.k_proj.weight :: seed_only bpw=3.0000 rel_err=0.2477 wrel_err=0.1144 t=9.88s [6/980] ETA=2.13h
2026-08-18 01:52:28 FIT model.layers.0.self_attn.k_proj.weight :: awq_p0.5 bpw=3.2400 rel_err=0.2427 wrel_err=0.1114 t=1.12s [7/980] ETA=1.83h
2026-08-18 01:52:31 FIT model.layers.0.self_attn.k_proj.weight :: awq_p1.0 bpw=3.4800 rel_err=0.2393 wrel_err=0.1095 t=2.11s [8/980] ETA=1.65h
2026-08-18 01:52:34 FIT model.layers.0.self_attn.k_proj.weight :: awq_p2.0 bpw=3.9600 rel_err=0.2314 wrel_err=0.1054 t=2.90s [9/980] ETA=1.54h
2026-08-18 01:52:34 SKIP cached model.layers.0.self_attn.k_proj.weight :: rtn4
2026-08-18 01:52:44 FIT model.layers.0.self_attn.v_proj.weight :: seed_only bpw=3.0000 rel_err=0.2474 wrel_err=0.1835 t=9.88s [11/980] ETA=1.67h
2026-08-18 01:52:45 FIT model.layers.0.self_attn.v_proj.weight :: awq_p0.5 bpw=3.2400 rel_err=0.2452 wrel_err=0.1813 t=1.35s [12/980] ETA=1.54h
2026-08-18 01:52:47 FIT model.layers.0.self_attn.v_proj.weight :: awq_p1.0 bpw=3.4800 rel_err=0.2417 wrel_err=0.1782 t=2.12s [13/980] ETA=1.46h
2026-08-18 01:52:50 FIT model.layers.0.self_attn.v_proj.weight :: awq_p2.0 bpw=3.9600 rel_err=0.2344 wrel_err=0.1720 t=2.97s [14/980] ETA=1.40h
2026-08-18 01:52:50 SKIP cached model.layers.0.self_attn.v_proj.weight :: rtn4
2026-08-18 01:53:10 FIT model.layers.0.self_attn.o_proj.weight :: seed_only bpw=3.0000 rel_err=0.2524 wrel_err=0.1883 t=18.92s [16/980] ETA=1.68h
2026-08-18 01:53:11 FIT model.layers.0.self_attn.o_proj.weight :: awq_p0.5 bpw=3.2400 rel_err=0.2441 wrel_err=0.1763 t=1.61s [17/980] ETA=1.60h
2026-08-18 01:53:14 FIT model.layers.0.self_attn.o_proj.weight :: awq_p1.0 bpw=3.4800 rel_err=0.2396 wrel_err=0.1704 t=2.46s [18/980] ETA=1.53h
2026-08-18 01:53:18 FIT model.layers.0.self_attn.o_proj.weight :: awq_p2.0 bpw=3.9600 rel_err=0.2324 wrel_err=0.1614 t=4.01s [19/980] ETA=1.50h
2026-08-18 01:53:18 SKIP cached model.layers.0.self_attn.o_proj.weight :: rtn4
2026-08-18 01:54:12 FIT model.layers.0.mlp.gate_proj.weight :: seed_only bpw=3.0000 rel_err=0.2735 wrel_err=0.1507 t=54.22s [21/980] ETA=2.27h
2026-08-18 01:54:17 FIT model.layers.0.mlp.gate_proj.weight :: awq_p0.5 bpw=3.2400 rel_err=0.2678 wrel_err=0.1470 t=4.23s [22/980] ETA=2.21h
2026-08-18 01:54:24 FIT model.layers.0.mlp.gate_proj.weight :: awq_p1.0 bpw=3.4800 rel_err=0.2626 wrel_err=0.1437 t=7.01s [23/980] ETA=2.19h
2026-08-18 01:54:36 FIT model.layers.0.mlp.gate_proj.weight :: awq_p2.0 bpw=3.9600 rel_err=0.2533 wrel_err=0.1381 t=12.13s [24/980] ETA=2.24h
2026-08-18 01:54:37 SKIP cached model.layers.0.mlp.gate_proj.weight :: rtn4
2026-08-18 01:55:31 FIT model.layers.0.mlp.up_proj.weight :: seed_only bpw=3.0000 rel_err=0.2731 wrel_err=0.1937 t=54.24s [26/980] ETA=2.82h
2026-08-18 01:55:35 FIT model.layers.0.mlp.up_proj.weight :: awq_p0.5 bpw=3.2400 rel_err=0.2683 wrel_err=0.1898 t=4.20s [27/980] ETA=2.74h
2026-08-18 01:55:43 FIT model.layers.0.mlp.up_proj.weight :: awq_p1.0 bpw=3.4800 rel_err=0.2637 wrel_err=0.1862 t=7.12s [28/980] ETA=2.70h
2026-08-18 01:55:55 FIT model.layers.0.mlp.up_proj.weight :: awq_p2.0 bpw=3.9600 rel_err=0.2551 wrel_err=0.1795 t=12.56s [29/980] ETA=2.73h
2026-08-18 01:55:55 SKIP cached model.layers.0.mlp.up_proj.weight :: rtn4
2026-08-18 01:56:50 FIT model.layers.0.mlp.down_proj.weight :: seed_only bpw=3.0000 rel_err=0.2740 wrel_err=0.1433 t=54.25s [31/980] ETA=3.19h
2026-08-18 01:56:54 FIT model.layers.0.mlp.down_proj.weight :: awq_p0.5 bpw=3.2400 rel_err=0.2704 wrel_err=0.1407 t=4.12s [32/980] ETA=3.11h
2026-08-18 01:57:02 FIT model.layers.0.mlp.down_proj.weight :: awq_p1.0 bpw=3.4800 rel_err=0.2673 wrel_err=0.1385 t=7.10s [33/980] ETA=3.06h
2026-08-18 01:57:14 FIT model.layers.0.mlp.down_proj.weight :: awq_p2.0 bpw=3.9600 rel_err=0.2617 wrel_err=0.1346 t=12.42s [34/980] ETA=3.06h
2026-08-18 01:57:14 SKIP cached model.layers.0.mlp.down_proj.weight :: rtn4
2026-08-18 01:57:34 FIT model.layers.1.self_attn.q_proj.weight :: seed_only bpw=3.0000 rel_err=0.2520 wrel_err=0.1446 t=18.95s [36/980] ETA=3.13h
2026-08-18 01:57:36 FIT model.layers.1.self_attn.q_proj.weight :: awq_p0.5 bpw=3.2400 rel_err=0.2455 wrel_err=0.1400 t=2.07s [37/980] ETA=3.04h
2026-08-18 01:57:39 FIT model.layers.1.self_attn.q_proj.weight :: awq_p1.0 bpw=3.4800 rel_err=0.2404 wrel_err=0.1367 t=3.03s [38/980] ETA=2.96h
2026-08-18 01:57:44 FIT model.layers.1.self_attn.q_proj.weight :: awq_p2.0 bpw=3.9600 rel_err=0.2315 wrel_err=0.1311 t=4.51s [39/980] ETA=2.91h
2026-08-18 01:57:44 SKIP cached model.layers.1.self_attn.q_proj.weight :: rtn4
2026-08-18 01:57:54 FIT model.layers.1.self_attn.k_proj.weight :: seed_only bpw=3.0000 rel_err=0.2527 wrel_err=0.1308 t=9.89s [41/980] ETA=2.89h
2026-08-18 01:57:55 FIT model.layers.1.self_attn.k_proj.weight :: awq_p0.5 bpw=3.2400 rel_err=0.2462 wrel_err=0.1268 t=1.40s [42/980] ETA=2.82h
2026-08-18 01:57:57 FIT model.layers.1.self_attn.k_proj.weight :: awq_p1.0 bpw=3.4800 rel_err=0.2419 wrel_err=0.1241 t=2.10s [43/980] ETA=2.75h
2026-08-18 01:58:00 FIT model.layers.1.self_attn.k_proj.weight :: awq_p2.0 bpw=3.9600 rel_err=0.2335 wrel_err=0.1192 t=2.88s [44/980] ETA=2.69h
2026-08-18 01:58:00 SKIP cached model.layers.1.self_attn.k_proj.weight :: rtn4
2026-08-18 01:58:10 FIT model.layers.1.self_attn.v_proj.weight :: seed_only bpw=3.0000 rel_err=0.2519 wrel_err=0.2003 t=9.89s [46/980] ETA=2.68h
2026-08-18 01:58:12 FIT model.layers.1.self_attn.v_proj.weight :: awq_p0.5 bpw=3.2400 rel_err=0.2476 wrel_err=0.1963 t=1.58s [47/980] ETA=2.62h
2026-08-18 01:58:14 FIT model.layers.1.self_attn.v_proj.weight :: awq_p1.0 bpw=3.4800 rel_err=0.2441 wrel_err=0.1931 t=2.11s [48/980] ETA=2.56h
2026-08-18 01:58:17 FIT model.layers.1.self_attn.v_proj.weight :: awq_p2.0 bpw=3.9600 rel_err=0.2371 wrel_err=0.1868 t=2.92s [49/980] ETA=2.52h
2026-08-18 01:58:17 SKIP cached model.layers.1.self_attn.v_proj.weight :: rtn4
2026-08-18 01:58:37 FIT model.layers.1.self_attn.o_proj.weight :: seed_only bpw=3.0000 rel_err=0.2544 wrel_err=0.1948 t=18.92s [51/980] ETA=2.58h
2026-08-18 01:58:39 FIT model.layers.1.self_attn.o_proj.weight :: awq_p0.5 bpw=3.2400 rel_err=0.2492 wrel_err=0.1899 t=2.07s [52/980] ETA=2.53h
2026-08-18 01:58:42 FIT model.layers.1.self_attn.o_proj.weight :: awq_p1.0 bpw=3.4800 rel_err=0.2452 wrel_err=0.1859 t=2.98s [53/980] ETA=2.48h
2026-08-18 01:58:47 FIT model.layers.1.self_attn.o_proj.weight :: awq_p2.0 bpw=3.9600 rel_err=0.2382 wrel_err=0.1789 t=4.66s [54/980] ETA=2.45h
2026-08-18 01:58:47 SKIP cached model.layers.1.self_attn.o_proj.weight :: rtn4
2026-08-18 01:59:42 FIT model.layers.1.mlp.gate_proj.weight :: seed_only bpw=3.0000 rel_err=0.2456 wrel_err=0.0775 t=54.24s [56/980] ETA=2.70h
2026-08-18 01:59:46 FIT model.layers.1.mlp.gate_proj.weight :: awq_p0.5 bpw=3.2400 rel_err=0.2422 wrel_err=0.0761 t=3.89s [57/980] ETA=2.66h
2026-08-18 01:59:53 FIT model.layers.1.mlp.gate_proj.weight :: awq_p1.0 bpw=3.4800 rel_err=0.2381 wrel_err=0.0745 t=7.30s [58/980] ETA=2.65h
2026-08-18 02:00:06 FIT model.layers.1.mlp.gate_proj.weight :: awq_p2.0 bpw=3.9600 rel_err=0.2293 wrel_err=0.0715 t=12.59s [59/980] ETA=2.66h
2026-08-18 02:00:06 SKIP cached model.layers.1.mlp.gate_proj.weight :: rtn4
2026-08-18 02:01:01 FIT model.layers.1.mlp.up_proj.weight :: seed_only bpw=3.0000 rel_err=0.2453 wrel_err=0.1875 t=54.24s [61/980] ETA=2.88h
2026-08-18 02:01:05 FIT model.layers.1.mlp.up_proj.weight :: awq_p0.5 bpw=3.2400 rel_err=0.2402 wrel_err=0.1829 t=4.14s [62/980] ETA=2.84h
2026-08-18 02:01:12 FIT model.layers.1.mlp.up_proj.weight :: awq_p1.0 bpw=3.4800 rel_err=0.2350 wrel_err=0.1785 t=6.86s [63/980] ETA=2.82h
2026-08-18 02:01:24 FIT model.layers.1.mlp.up_proj.weight :: awq_p2.0 bpw=3.9600 rel_err=0.2257 wrel_err=0.1709 t=11.88s [64/980] ETA=2.82h
2026-08-18 02:01:25 SKIP cached model.layers.1.mlp.up_proj.weight :: rtn4
2026-08-18 02:02:19 FIT model.layers.1.mlp.down_proj.weight :: seed_only bpw=3.0000 rel_err=0.4196 wrel_err=0.1119 t=54.24s [66/980] ETA=3.02h
2026-08-18 02:02:23 FIT model.layers.1.mlp.down_proj.weight :: awq_p0.5 bpw=3.2400 rel_err=0.4135 wrel_err=0.1096 t=4.14s [67/980] ETA=2.99h
2026-08-18 02:02:31 FIT model.layers.1.mlp.down_proj.weight :: awq_p1.0 bpw=3.4800 rel_err=0.4087 wrel_err=0.1077 t=7.10s [68/980] ETA=2.96h
2026-08-18 02:02:43 FIT model.layers.1.mlp.down_proj.weight :: awq_p2.0 bpw=3.9600 rel_err=0.4000 wrel_err=0.1045 t=12.46s [69/980] ETA=2.96h
2026-08-18 02:02:43 SKIP cached model.layers.1.mlp.down_proj.weight :: rtn4
2026-08-18 02:03:02 FIT model.layers.2.self_attn.q_proj.weight :: seed_only bpw=3.0000 rel_err=0.2520 wrel_err=0.1422 t=18.94s [71/980] ETA=2.99h
2026-08-18 02:03:05 FIT model.layers.2.self_attn.q_proj.weight :: awq_p0.5 bpw=3.2400 rel_err=0.2450 wrel_err=0.1375 t=2.06s [72/980] ETA=2.94h
2026-08-18 02:03:08 FIT model.layers.2.self_attn.q_proj.weight :: awq_p1.0 bpw=3.4800 rel_err=0.2400 wrel_err=0.1342 t=3.01s [73/980] ETA=2.90h
2026-08-18 02:03:12 FIT model.layers.2.self_attn.q_proj.weight :: awq_p2.0 bpw=3.9600 rel_err=0.2314 wrel_err=0.1288 t=4.56s [74/980] ETA=2.87h
2026-08-18 02:03:12 SKIP cached model.layers.2.self_attn.q_proj.weight :: rtn4
2026-08-18 02:03:22 FIT model.layers.2.self_attn.k_proj.weight :: seed_only bpw=3.0000 rel_err=0.2516 wrel_err=0.1407 t=9.88s [76/980] ETA=2.86h
2026-08-18 02:03:24 FIT model.layers.2.self_attn.k_proj.weight :: awq_p0.5 bpw=3.2400 rel_err=0.2458 wrel_err=0.1367 t=1.43s [77/980] ETA=2.82h
2026-08-18 02:03:26 FIT model.layers.2.self_attn.k_proj.weight :: awq_p1.0 bpw=3.4800 rel_err=0.2414 wrel_err=0.1338 t=2.05s [78/980] ETA=2.78h
2026-08-18 02:03:29 FIT model.layers.2.self_attn.k_proj.weight :: awq_p2.0 bpw=3.9600 rel_err=0.2336 wrel_err=0.1288 t=2.88s [79/980] ETA=2.74h
2026-08-18 02:03:29 SKIP cached model.layers.2.self_attn.k_proj.weight :: rtn4
2026-08-18 02:03:39 FIT model.layers.2.self_attn.v_proj.weight :: seed_only bpw=3.0000 rel_err=0.2512 wrel_err=0.2004 t=9.89s [81/980] ETA=2.73h
2026-08-18 02:03:41 FIT model.layers.2.self_attn.v_proj.weight :: awq_p0.5 bpw=3.2400 rel_err=0.2473 wrel_err=0.1966 t=1.56s [82/980] ETA=2.69h
2026-08-18 02:03:43 FIT model.layers.2.self_attn.v_proj.weight :: awq_p1.0 bpw=3.4800 rel_err=0.2435 wrel_err=0.1931 t=2.10s [83/980] ETA=2.66h
2026-08-18 02:03:46 FIT model.layers.2.self_attn.v_proj.weight :: awq_p2.0 bpw=3.9600 rel_err=0.2360 wrel_err=0.1865 t=2.90s [84/980] ETA=2.63h
2026-08-18 02:03:46 SKIP cached model.layers.2.self_attn.v_proj.weight :: rtn4
2026-08-18 02:04:05 FIT model.layers.2.self_attn.o_proj.weight :: seed_only bpw=3.0000 rel_err=0.2535 wrel_err=0.1927 t=18.94s [86/980] ETA=2.65h
2026-08-18 02:04:07 FIT model.layers.2.self_attn.o_proj.weight :: awq_p0.5 bpw=3.2400 rel_err=0.2472 wrel_err=0.1857 t=1.93s [87/980] ETA=2.62h
2026-08-18 02:04:10 FIT model.layers.2.self_attn.o_proj.weight :: awq_p1.0 bpw=3.4800 rel_err=0.2429 wrel_err=0.1813 t=2.81s [88/980] ETA=2.59h
2026-08-18 02:04:14 FIT model.layers.2.self_attn.o_proj.weight :: awq_p2.0 bpw=3.9600 rel_err=0.2355 wrel_err=0.1740 t=4.35s [89/980] ETA=2.57h
2026-08-18 02:04:14 SKIP cached model.layers.2.self_attn.o_proj.weight :: rtn4
2026-08-18 02:05:09 FIT model.layers.2.mlp.gate_proj.weight :: seed_only bpw=3.0000 rel_err=0.2449 wrel_err=0.0922 t=54.24s [91/980] ETA=2.71h
2026-08-18 02:05:13 FIT model.layers.2.mlp.gate_proj.weight :: awq_p0.5 bpw=3.2400 rel_err=0.2416 wrel_err=0.0905 t=4.21s [92/980] ETA=2.69h
2026-08-18 02:05:21 FIT model.layers.2.mlp.gate_proj.weight :: awq_p1.0 bpw=3.4800 rel_err=0.2367 wrel_err=0.0885 t=7.20s [93/980] ETA=2.67h
2026-08-18 02:05:33 FIT model.layers.2.mlp.gate_proj.weight :: awq_p2.0 bpw=3.9600 rel_err=0.2277 wrel_err=0.0849 t=12.46s [94/980] ETA=2.67h
2026-08-18 02:05:33 SKIP cached model.layers.2.mlp.gate_proj.weight :: rtn4
2026-08-18 02:06:28 FIT model.layers.2.mlp.up_proj.weight :: seed_only bpw=3.0000 rel_err=0.2448 wrel_err=0.2083 t=54.24s [96/980] ETA=2.81h
2026-08-18 02:06:32 FIT model.layers.2.mlp.up_proj.weight :: awq_p0.5 bpw=3.2400 rel_err=0.2395 wrel_err=0.2032 t=4.04s [97/980] ETA=2.78h
2026-08-18 02:06:39 FIT model.layers.2.mlp.up_proj.weight :: awq_p1.0 bpw=3.4800 rel_err=0.2345 wrel_err=0.1987 t=6.91s [98/980] ETA=2.77h
2026-08-18 02:06:52 FIT model.layers.2.mlp.up_proj.weight :: awq_p2.0 bpw=3.9600 rel_err=0.2259 wrel_err=0.1909 t=12.20s [99/980] ETA=2.77h
2026-08-18 02:06:52 SKIP cached model.layers.2.mlp.up_proj.weight :: rtn4
2026-08-18 02:07:47 FIT model.layers.2.mlp.down_proj.weight :: seed_only bpw=3.0000 rel_err=0.2734 wrel_err=0.0022 t=54.24s [101/980] ETA=2.89h
2026-08-18 02:07:51 FIT model.layers.2.mlp.down_proj.weight :: awq_p0.5 bpw=3.2400 rel_err=0.2689 wrel_err=0.0022 t=4.20s [102/980] ETA=2.86h
2026-08-18 02:07:58 FIT model.layers.2.mlp.down_proj.weight :: awq_p1.0 bpw=3.4800 rel_err=0.2656 wrel_err=0.0021 t=7.12s [103/980] ETA=2.85h
2026-08-18 02:08:11 FIT model.layers.2.mlp.down_proj.weight :: awq_p2.0 bpw=3.9600 rel_err=0.2597 wrel_err=0.0021 t=12.54s [104/980] ETA=2.85h
2026-08-18 02:08:11 SKIP cached model.layers.2.mlp.down_proj.weight :: rtn4
2026-08-18 02:08:30 FIT model.layers.3.self_attn.q_proj.weight :: seed_only bpw=3.0000 rel_err=0.2486 wrel_err=0.1505 t=18.94s [106/980] ETA=2.86h
2026-08-18 02:08:32 FIT model.layers.3.self_attn.q_proj.weight :: awq_p0.5 bpw=3.2400 rel_err=0.2416 wrel_err=0.1455 t=2.09s [107/980] ETA=2.83h
2026-08-18 02:08:35 FIT model.layers.3.self_attn.q_proj.weight :: awq_p1.0 bpw=3.4800 rel_err=0.2364 wrel_err=0.1419 t=3.02s [108/980] ETA=2.81h
2026-08-18 02:08:40 FIT model.layers.3.self_attn.q_proj.weight :: awq_p2.0 bpw=3.9600 rel_err=0.2275 wrel_err=0.1360 t=4.55s [109/980] ETA=2.78h
2026-08-18 02:08:40 SKIP cached model.layers.3.self_attn.q_proj.weight :: rtn4
2026-08-18 02:08:50 FIT model.layers.3.self_attn.k_proj.weight :: seed_only bpw=3.0000 rel_err=0.2491 wrel_err=0.1567 t=9.88s [111/980] ETA=2.77h
2026-08-18 02:08:52 FIT model.layers.3.self_attn.k_proj.weight :: awq_p0.5 bpw=3.2400 rel_err=0.2415 wrel_err=0.1510 t=1.41s [112/980] ETA=2.74h
2026-08-18 02:08:54 FIT model.layers.3.self_attn.k_proj.weight :: awq_p1.0 bpw=3.4800 rel_err=0.2370 wrel_err=0.1477 t=2.11s [113/980] ETA=2.72h
2026-08-18 02:08:57 FIT model.layers.3.self_attn.k_proj.weight :: awq_p2.0 bpw=3.9600 rel_err=0.2281 wrel_err=0.1414 t=2.87s [114/980] ETA=2.69h
2026-08-18 02:08:57 SKIP cached model.layers.3.self_attn.k_proj.weight :: rtn4
2026-08-18 02:09:07 FIT model.layers.3.self_attn.v_proj.weight :: seed_only bpw=3.0000 rel_err=0.2481 wrel_err=0.2096 t=9.88s [116/980] ETA=2.68h
2026-08-18 02:09:09 FIT model.layers.3.self_attn.v_proj.weight :: awq_p0.5 bpw=3.2400 rel_err=0.2433 wrel_err=0.2049 t=1.66s [117/980] ETA=2.65h
2026-08-18 02:09:11 FIT model.layers.3.self_attn.v_proj.weight :: awq_p1.0 bpw=3.4800 rel_err=0.2392 wrel_err=0.2010 t=2.11s [118/980] ETA=2.63h
2026-08-18 02:09:14 FIT model.layers.3.self_attn.v_proj.weight :: awq_p2.0 bpw=3.9600 rel_err=0.2315 wrel_err=0.1938 t=2.90s [119/980] ETA=2.61h
2026-08-18 02:09:14 SKIP cached model.layers.3.self_attn.v_proj.weight :: rtn4
2026-08-18 02:09:33 FIT model.layers.3.self_attn.o_proj.weight :: seed_only bpw=3.0000 rel_err=0.2544 wrel_err=0.1883 t=18.94s [121/980] ETA=2.62h
2026-08-18 02:09:35 FIT model.layers.3.self_attn.o_proj.weight :: awq_p0.5 bpw=3.2400 rel_err=0.2507 wrel_err=0.1841 t=1.92s [122/980] ETA=2.60h
2026-08-18 02:09:38 FIT model.layers.3.self_attn.o_proj.weight :: awq_p1.0 bpw=3.4800 rel_err=0.2472 wrel_err=0.1802 t=2.95s [123/980] ETA=2.57h
2026-08-18 02:09:43 FIT model.layers.3.self_attn.o_proj.weight :: awq_p2.0 bpw=3.9600 rel_err=0.2408 wrel_err=0.1730 t=4.61s [124/980] ETA=2.56h
2026-08-18 02:09:43 SKIP cached model.layers.3.self_attn.o_proj.weight :: rtn4
2026-08-18 02:10:37 FIT model.layers.3.mlp.gate_proj.weight :: seed_only bpw=3.0000 rel_err=0.2426 wrel_err=0.1053 t=54.24s [126/980] ETA=2.65h
2026-08-18 02:10:42 FIT model.layers.3.mlp.gate_proj.weight :: awq_p0.5 bpw=3.2400 rel_err=0.2397 wrel_err=0.1035 t=4.21s [127/980] ETA=2.63h
2026-08-18 02:10:49 FIT model.layers.3.mlp.gate_proj.weight :: awq_p1.0 bpw=3.4800 rel_err=0.2349 wrel_err=0.1012 t=7.21s [128/980] ETA=2.62h
2026-08-18 02:11:02 FIT model.layers.3.mlp.gate_proj.weight :: awq_p2.0 bpw=3.9600 rel_err=0.2260 wrel_err=0.0971 t=12.53s [129/980] ETA=2.62h
2026-08-18 02:11:02 SKIP cached model.layers.3.mlp.gate_proj.weight :: rtn4
2026-08-18 02:11:57 FIT model.layers.3.mlp.up_proj.weight :: seed_only bpw=3.0000 rel_err=0.2425 wrel_err=0.2103 t=54.24s [131/980] ETA=2.72h
2026-08-18 02:12:01 FIT model.layers.3.mlp.up_proj.weight :: awq_p0.5 bpw=3.2400 rel_err=0.2379 wrel_err=0.2057 t=4.12s [132/980] ETA=2.70h
2026-08-18 02:12:08 FIT model.layers.3.mlp.up_proj.weight :: awq_p1.0 bpw=3.4800 rel_err=0.2329 wrel_err=0.2011 t=6.99s [133/980] ETA=2.68h
2026-08-18 02:12:21 FIT model.layers.3.mlp.up_proj.weight :: awq_p2.0 bpw=3.9600 rel_err=0.2243 wrel_err=0.1933 t=12.34s [134/980] ETA=2.68h
2026-08-18 02:12:21 SKIP cached model.layers.3.mlp.up_proj.weight :: rtn4
2026-08-18 02:13:15 FIT model.layers.3.mlp.down_proj.weight :: seed_only bpw=3.0000 rel_err=0.2678 wrel_err=0.1872 t=54.24s [136/980] ETA=2.77h
2026-08-18 02:13:20 FIT model.layers.3.mlp.down_proj.weight :: awq_p0.5 bpw=3.2400 rel_err=0.2643 wrel_err=0.1839 t=4.19s [137/980] ETA=2.75h
2026-08-18 02:13:27 FIT model.layers.3.mlp.down_proj.weight :: awq_p1.0 bpw=3.4800 rel_err=0.2615 wrel_err=0.1814 t=7.13s [138/980] ETA=2.74h
2026-08-18 02:13:40 FIT model.layers.3.mlp.down_proj.weight :: awq_p2.0 bpw=3.9600 rel_err=0.2557 wrel_err=0.1763 t=12.51s [139/980] ETA=2.74h
2026-08-18 02:13:40 SKIP cached model.layers.3.mlp.down_proj.weight :: rtn4
2026-08-18 02:13:59 FIT model.layers.4.self_attn.q_proj.weight :: seed_only bpw=3.0000 rel_err=0.2465 wrel_err=0.1642 t=18.94s [141/980] ETA=2.75h
2026-08-18 02:14:01 FIT model.layers.4.self_attn.q_proj.weight :: awq_p0.5 bpw=3.2400 rel_err=0.2410 wrel_err=0.1598 t=2.12s [142/980] ETA=2.72h
2026-08-18 02:14:04 FIT model.layers.4.self_attn.q_proj.weight :: awq_p1.0 bpw=3.4800 rel_err=0.2361 wrel_err=0.1561 t=3.02s [143/980] ETA=2.70h
2026-08-18 02:14:09 FIT model.layers.4.self_attn.q_proj.weight :: awq_p2.0 bpw=3.9600 rel_err=0.2273 wrel_err=0.1497 t=4.59s [144/980] ETA=2.69h
2026-08-18 02:14:09 SKIP cached model.layers.4.self_attn.q_proj.weight :: rtn4
2026-08-18 02:14:19 FIT model.layers.4.self_attn.k_proj.weight :: seed_only bpw=3.0000 rel_err=0.2472 wrel_err=0.1568 t=9.89s [146/980] ETA=2.68h
2026-08-18 02:14:21 FIT model.layers.4.self_attn.k_proj.weight :: awq_p0.5 bpw=3.2400 rel_err=0.2406 wrel_err=0.1518 t=1.45s [147/980] ETA=2.65h
2026-08-18 02:14:23 FIT model.layers.4.self_attn.k_proj.weight :: awq_p1.0 bpw=3.4800 rel_err=0.2365 wrel_err=0.1487 t=2.13s [148/980] ETA=2.63h
2026-08-18 02:14:26 FIT model.layers.4.self_attn.k_proj.weight :: awq_p2.0 bpw=3.9600 rel_err=0.2280 wrel_err=0.1427 t=2.90s [149/980] ETA=2.61h
2026-08-18 02:14:26 SKIP cached model.layers.4.self_attn.k_proj.weight :: rtn4
2026-08-18 02:14:36 FIT model.layers.4.self_attn.v_proj.weight :: seed_only bpw=3.0000 rel_err=0.2464 wrel_err=0.2103 t=9.89s [151/980] ETA=2.60h
2026-08-18 02:14:38 FIT model.layers.4.self_attn.v_proj.weight :: awq_p0.5 bpw=3.2400 rel_err=0.2427 wrel_err=0.2065 t=1.66s [152/980] ETA=2.58h
2026-08-18 02:14:40 FIT model.layers.4.self_attn.v_proj.weight :: awq_p1.0 bpw=3.4800 rel_err=0.2388 wrel_err=0.2027 t=2.12s [153/980] ETA=2.56h
2026-08-18 02:14:43 FIT model.layers.4.self_attn.v_proj.weight :: awq_p2.0 bpw=3.9600 rel_err=0.2307 wrel_err=0.1952 t=2.92s [154/980] ETA=2.54h
2026-08-18 02:14:43 SKIP cached model.layers.4.self_attn.v_proj.weight :: rtn4
2026-08-18 02:15:02 FIT model.layers.4.self_attn.o_proj.weight :: seed_only bpw=3.0000 rel_err=0.2520 wrel_err=0.2024 t=18.94s [156/980] ETA=2.55h
2026-08-18 02:15:04 FIT model.layers.4.self_attn.o_proj.weight :: awq_p0.5 bpw=3.2400 rel_err=0.2471 wrel_err=0.1896 t=1.72s [157/980] ETA=2.53h
2026-08-18 02:15:06 FIT model.layers.4.self_attn.o_proj.weight :: awq_p1.0 bpw=3.4800 rel_err=0.2437 wrel_err=0.1824 t=2.50s [158/980] ETA=2.51h
2026-08-18 02:15:10 FIT model.layers.4.self_attn.o_proj.weight :: awq_p2.0 bpw=3.9600 rel_err=0.2379 wrel_err=0.1717 t=3.79s [159/980] ETA=2.50h
2026-08-18 02:15:10 SKIP cached model.layers.4.self_attn.o_proj.weight :: rtn4
2026-08-18 02:16:05 FIT model.layers.4.mlp.gate_proj.weight :: seed_only bpw=3.0000 rel_err=0.2419 wrel_err=0.1241 t=54.24s [161/980] ETA=2.57h
2026-08-18 02:16:09 FIT model.layers.4.mlp.gate_proj.weight :: awq_p0.5 bpw=3.2400 rel_err=0.2393 wrel_err=0.1222 t=4.22s [162/980] ETA=2.55h
2026-08-18 02:16:17 FIT model.layers.4.mlp.gate_proj.weight :: awq_p1.0 bpw=3.4800 rel_err=0.2342 wrel_err=0.1193 t=7.18s [163/980] ETA=2.54h
2026-08-18 02:16:29 FIT model.layers.4.mlp.gate_proj.weight :: awq_p2.0 bpw=3.9600 rel_err=0.2249 wrel_err=0.1142 t=12.49s [164/980] ETA=2.54h
2026-08-18 02:16:29 SKIP cached model.layers.4.mlp.gate_proj.weight :: rtn4
2026-08-18 02:17:24 FIT model.layers.4.mlp.up_proj.weight :: seed_only bpw=3.0000 rel_err=0.2419 wrel_err=0.2145 t=54.25s [166/980] ETA=2.61h
2026-08-18 02:17:28 FIT model.layers.4.mlp.up_proj.weight :: awq_p0.5 bpw=3.2400 rel_err=0.2369 wrel_err=0.2096 t=4.11s [167/980] ETA=2.60h
2026-08-18 02:17:35 FIT model.layers.4.mlp.up_proj.weight :: awq_p1.0 bpw=3.4800 rel_err=0.2318 wrel_err=0.2048 t=6.99s [168/980] ETA=2.59h
2026-08-18 02:17:48 FIT model.layers.4.mlp.up_proj.weight :: awq_p2.0 bpw=3.9600 rel_err=0.2230 wrel_err=0.1966 t=12.28s [169/980] ETA=2.58h
2026-08-18 02:17:48 SKIP cached model.layers.4.mlp.up_proj.weight :: rtn4
2026-08-18 02:18:42 FIT model.layers.4.mlp.down_proj.weight :: seed_only bpw=3.0000 rel_err=0.2554 wrel_err=0.2011 t=54.24s [171/980] ETA=2.65h
2026-08-18 02:18:47 FIT model.layers.4.mlp.down_proj.weight :: awq_p0.5 bpw=3.2400 rel_err=0.2508 wrel_err=0.1968 t=4.19s [172/980] ETA=2.63h
2026-08-18 02:18:54 FIT model.layers.4.mlp.down_proj.weight :: awq_p1.0 bpw=3.4800 rel_err=0.2470 wrel_err=0.1932 t=7.08s [173/980] ETA=2.62h
2026-08-18 02:19:07 FIT model.layers.4.mlp.down_proj.weight :: awq_p2.0 bpw=3.9600 rel_err=0.2399 wrel_err=0.1867 t=12.52s [174/980] ETA=2.62h
2026-08-18 02:19:07 SKIP cached model.layers.4.mlp.down_proj.weight :: rtn4
2026-08-18 02:19:26 FIT model.layers.5.self_attn.q_proj.weight :: seed_only bpw=3.0000 rel_err=0.2493 wrel_err=0.1640 t=18.94s [176/980] ETA=2.63h
2026-08-18 02:19:28 FIT model.layers.5.self_attn.q_proj.weight :: awq_p0.5 bpw=3.2400 rel_err=0.2438 wrel_err=0.1596 t=2.12s [177/980] ETA=2.61h
2026-08-18 02:19:32 FIT model.layers.5.self_attn.q_proj.weight :: awq_p1.0 bpw=3.4800 rel_err=0.2393 wrel_err=0.1561 t=3.02s [178/980] ETA=2.59h
2026-08-18 02:19:36 FIT model.layers.5.self_attn.q_proj.weight :: awq_p2.0 bpw=3.9600 rel_err=0.2309 wrel_err=0.1501 t=4.57s [179/980] ETA=2.58h
2026-08-18 02:19:36 SKIP cached model.layers.5.self_attn.q_proj.weight :: rtn4
2026-08-18 02:19:46 FIT model.layers.5.self_attn.k_proj.weight :: seed_only bpw=3.0000 rel_err=0.2490 wrel_err=0.1454 t=9.89s [181/980] ETA=2.57h
2026-08-18 02:19:48 FIT model.layers.5.self_attn.k_proj.weight :: awq_p0.5 bpw=3.2400 rel_err=0.2452 wrel_err=0.1425 t=1.38s [182/980] ETA=2.55h
2026-08-18 02:19:50 FIT model.layers.5.self_attn.k_proj.weight :: awq_p1.0 bpw=3.4800 rel_err=0.2417 wrel_err=0.1399 t=2.09s [183/980] ETA=2.53h
2026-08-18 02:19:53 FIT model.layers.5.self_attn.k_proj.weight :: awq_p2.0 bpw=3.9600 rel_err=0.2341 wrel_err=0.1349 t=2.93s [184/980] ETA=2.52h
2026-08-18 02:19:53 SKIP cached model.layers.5.self_attn.k_proj.weight :: rtn4
2026-08-18 02:20:03 FIT model.layers.5.self_attn.v_proj.weight :: seed_only bpw=3.0000 rel_err=0.2508 wrel_err=0.2027 t=9.89s [186/980] ETA=2.51h
2026-08-18 02:20:05 FIT model.layers.5.self_attn.v_proj.weight :: awq_p0.5 bpw=3.2400 rel_err=0.2437 wrel_err=0.1962 t=1.54s [187/980] ETA=2.49h
2026-08-18 02:20:07 FIT model.layers.5.self_attn.v_proj.weight :: awq_p1.0 bpw=3.4800 rel_err=0.2398 wrel_err=0.1925 t=2.08s [188/980] ETA=2.48h
2026-08-18 02:20:10 FIT model.layers.5.self_attn.v_proj.weight :: awq_p2.0 bpw=3.9600 rel_err=0.2320 wrel_err=0.1856 t=2.89s [189/980] ETA=2.46h
2026-08-18 02:20:10 SKIP cached model.layers.5.self_attn.v_proj.weight :: rtn4
2026-08-18 02:20:29 FIT model.layers.5.self_attn.o_proj.weight :: seed_only bpw=3.0000 rel_err=0.2502 wrel_err=0.1975 t=18.94s [191/980] ETA=2.47h
2026-08-18 02:20:30 FIT model.layers.5.self_attn.o_proj.weight :: awq_p0.5 bpw=3.2400 rel_err=0.2408 wrel_err=0.1809 t=1.38s [192/980] ETA=2.45h
2026-08-18 02:20:33 FIT model.layers.5.self_attn.o_proj.weight :: awq_p1.0 bpw=3.4800 rel_err=0.2371 wrel_err=0.1750 t=2.27s [193/980] ETA=2.43h
2026-08-18 02:20:36 FIT model.layers.5.self_attn.o_proj.weight :: awq_p2.0 bpw=3.9600 rel_err=0.2309 wrel_err=0.1655 t=3.81s [194/980] ETA=2.42h
2026-08-18 02:20:37 SKIP cached model.layers.5.self_attn.o_proj.weight :: rtn4
2026-08-18 02:21:31 FIT model.layers.5.mlp.gate_proj.weight :: seed_only bpw=3.0000 rel_err=0.2419 wrel_err=0.1767 t=54.24s [196/980] ETA=2.47h
2026-08-18 02:21:36 FIT model.layers.5.mlp.gate_proj.weight :: awq_p0.5 bpw=3.2400 rel_err=0.2380 wrel_err=0.1732 t=4.25s [197/980] ETA=2.46h
2026-08-18 02:21:43 FIT model.layers.5.mlp.gate_proj.weight :: awq_p1.0 bpw=3.4800 rel_err=0.2328 wrel_err=0.1691 t=7.01s [198/980] ETA=2.45h
2026-08-18 02:21:55 FIT model.layers.5.mlp.gate_proj.weight :: awq_p2.0 bpw=3.9600 rel_err=0.2237 wrel_err=0.1621 t=12.17s [199/980] ETA=2.45h
2026-08-18 02:21:55 SKIP cached model.layers.5.mlp.gate_proj.weight :: rtn4
2026-08-18 02:22:50 FIT model.layers.5.mlp.up_proj.weight :: seed_only bpw=3.0000 rel_err=0.2418 wrel_err=0.2153 t=54.24s [201/980] ETA=2.50h
2026-08-18 02:22:54 FIT model.layers.5.mlp.up_proj.weight :: awq_p0.5 bpw=3.2400 rel_err=0.2369 wrel_err=0.2104 t=4.14s [202/980] ETA=2.49h
2026-08-18 02:23:02 FIT model.layers.5.mlp.up_proj.weight :: awq_p1.0 bpw=3.4800 rel_err=0.2320 wrel_err=0.2058 t=7.12s [203/980] ETA=2.48h
2026-08-18 02:23:14 FIT model.layers.5.mlp.up_proj.weight :: awq_p2.0 bpw=3.9600 rel_err=0.2235 wrel_err=0.1979 t=12.56s [204/980] ETA=2.48h
2026-08-18 02:23:15 SKIP cached model.layers.5.mlp.up_proj.weight :: rtn4
2026-08-18 02:24:09 FIT model.layers.5.mlp.down_proj.weight :: seed_only bpw=3.0000 rel_err=0.2423 wrel_err=0.2049 t=54.24s [206/980] ETA=2.53h
2026-08-18 02:24:13 FIT model.layers.5.mlp.down_proj.weight :: awq_p0.5 bpw=3.2400 rel_err=0.2377 wrel_err=0.2004 t=4.16s [207/980] ETA=2.52h
2026-08-18 02:24:21 FIT model.layers.5.mlp.down_proj.weight :: awq_p1.0 bpw=3.4800 rel_err=0.2334 wrel_err=0.1963 t=7.05s [208/980] ETA=2.51h
2026-08-18 02:24:33 FIT model.layers.5.mlp.down_proj.weight :: awq_p2.0 bpw=3.9600 rel_err=0.2252 wrel_err=0.1889 t=12.50s [209/980] ETA=2.51h
2026-08-18 02:24:33 SKIP cached model.layers.5.mlp.down_proj.weight :: rtn4
2026-08-18 02:24:53 FIT model.layers.6.self_attn.q_proj.weight :: seed_only bpw=3.0000 rel_err=0.2514 wrel_err=0.1526 t=18.94s [211/980] ETA=2.51h
2026-08-18 02:24:55 FIT model.layers.6.self_attn.q_proj.weight :: awq_p0.5 bpw=3.2400 rel_err=0.2438 wrel_err=0.1469 t=2.13s [212/980] ETA=2.49h
2026-08-18 02:24:58 FIT model.layers.6.self_attn.q_proj.weight :: awq_p1.0 bpw=3.4800 rel_err=0.2373 wrel_err=0.1424 t=2.96s [213/980] ETA=2.48h
2026-08-18 02:25:02 FIT model.layers.6.self_attn.q_proj.weight :: awq_p2.0 bpw=3.9600 rel_err=0.2266 wrel_err=0.1355 t=4.37s [214/980] ETA=2.47h
2026-08-18 02:25:02 SKIP cached model.layers.6.self_attn.q_proj.weight :: rtn4
2026-08-18 02:25:12 FIT model.layers.6.self_attn.k_proj.weight :: seed_only bpw=3.0000 rel_err=0.2525 wrel_err=0.1458 t=9.89s [216/980] ETA=2.46h
2026-08-18 02:25:14 FIT model.layers.6.self_attn.k_proj.weight :: awq_p0.5 bpw=3.2400 rel_err=0.2448 wrel_err=0.1403 t=1.43s [217/980] ETA=2.44h
2026-08-18 02:25:16 FIT model.layers.6.self_attn.k_proj.weight :: awq_p1.0 bpw=3.4800 rel_err=0.2401 wrel_err=0.1371 t=2.08s [218/980] ETA=2.43h
2026-08-18 02:25:19 FIT model.layers.6.self_attn.k_proj.weight :: awq_p2.0 bpw=3.9600 rel_err=0.2310 wrel_err=0.1311 t=2.88s [219/980] ETA=2.42h
2026-08-18 02:25:19 SKIP cached model.layers.6.self_attn.k_proj.weight :: rtn4
2026-08-18 02:25:29 FIT model.layers.6.self_attn.v_proj.weight :: seed_only bpw=3.0000 rel_err=0.2511 wrel_err=0.2124 t=9.89s [221/980] ETA=2.41h
2026-08-18 02:25:31 FIT model.layers.6.self_attn.v_proj.weight :: awq_p0.5 bpw=3.2400 rel_err=0.2472 wrel_err=0.2085 t=1.69s [222/980] ETA=2.39h
2026-08-18 02:25:33 FIT model.layers.6.self_attn.v_proj.weight :: awq_p1.0 bpw=3.4800 rel_err=0.2427 wrel_err=0.2043 t=2.10s [223/980] ETA=2.38h
2026-08-18 02:25:36 FIT model.layers.6.self_attn.v_proj.weight :: awq_p2.0 bpw=3.9600 rel_err=0.2345 wrel_err=0.1967 t=2.88s [224/980] ETA=2.37h
2026-08-18 02:25:36 SKIP cached model.layers.6.self_attn.v_proj.weight :: rtn4
2026-08-18 02:25:55 FIT model.layers.6.self_attn.o_proj.weight :: seed_only bpw=3.0000 rel_err=0.2577 wrel_err=0.1913 t=18.94s [226/980] ETA=2.37h
2026-08-18 02:25:57 FIT model.layers.6.self_attn.o_proj.weight :: awq_p0.5 bpw=3.2400 rel_err=0.2535 wrel_err=0.1765 t=1.59s [227/980] ETA=2.35h
2026-08-18 02:25:59 FIT model.layers.6.self_attn.o_proj.weight :: awq_p1.0 bpw=3.4800 rel_err=0.2506 wrel_err=0.1693 t=2.42s [228/980] ETA=2.34h
2026-08-18 02:26:03 FIT model.layers.6.self_attn.o_proj.weight :: awq_p2.0 bpw=3.9600 rel_err=0.2452 wrel_err=0.1591 t=3.71s [229/980] ETA=2.33h
2026-08-18 02:26:03 SKIP cached model.layers.6.self_attn.o_proj.weight :: rtn4
2026-08-18 02:26:58 FIT model.layers.6.mlp.gate_proj.weight :: seed_only bpw=3.0000 rel_err=0.2428 wrel_err=0.1666 t=54.25s [231/980] ETA=2.37h
2026-08-18 02:27:02 FIT model.layers.6.mlp.gate_proj.weight :: awq_p0.5 bpw=3.2400 rel_err=0.2389 wrel_err=0.1632 t=4.27s [232/980] ETA=2.36h
2026-08-18 02:27:09 FIT model.layers.6.mlp.gate_proj.weight :: awq_p1.0 bpw=3.4800 rel_err=0.2337 wrel_err=0.1593 t=7.00s [233/980] ETA=2.35h
2026-08-18 02:27:22 FIT model.layers.6.mlp.gate_proj.weight :: awq_p2.0 bpw=3.9600 rel_err=0.2243 wrel_err=0.1524 t=12.07s [234/980] ETA=2.35h
2026-08-18 02:27:22 SKIP cached model.layers.6.mlp.gate_proj.weight :: rtn4
2026-08-18 02:28:16 FIT model.layers.6.mlp.up_proj.weight :: seed_only bpw=3.0000 rel_err=0.2427 wrel_err=0.2158 t=54.24s [236/980] ETA=2.39h
2026-08-18 02:28:20 FIT model.layers.6.mlp.up_proj.weight :: awq_p0.5 bpw=3.2400 rel_err=0.2379 wrel_err=0.2110 t=4.13s [237/980] ETA=2.38h
2026-08-18 02:28:28 FIT model.layers.6.mlp.up_proj.weight :: awq_p1.0 bpw=3.4800 rel_err=0.2329 wrel_err=0.2063 t=7.07s [238/980] ETA=2.37h
2026-08-18 02:28:40 FIT model.layers.6.mlp.up_proj.weight :: awq_p2.0 bpw=3.9600 rel_err=0.2242 wrel_err=0.1981 t=12.43s [239/980] ETA=2.37h
2026-08-18 02:28:40 SKIP cached model.layers.6.mlp.up_proj.weight :: rtn4
2026-08-18 02:29:35 FIT model.layers.6.mlp.down_proj.weight :: seed_only bpw=3.0000 rel_err=0.2432 wrel_err=0.2074 t=54.24s [241/980] ETA=2.41h
2026-08-18 02:29:39 FIT model.layers.6.mlp.down_proj.weight :: awq_p0.5 bpw=3.2400 rel_err=0.2383 wrel_err=0.2026 t=4.19s [242/980] ETA=2.40h
2026-08-18 02:29:47 FIT model.layers.6.mlp.down_proj.weight :: awq_p1.0 bpw=3.4800 rel_err=0.2338 wrel_err=0.1984 t=7.08s [243/980] ETA=2.39h
2026-08-18 02:29:59 FIT model.layers.6.mlp.down_proj.weight :: awq_p2.0 bpw=3.9600 rel_err=0.2256 wrel_err=0.1908 t=12.52s [244/980] ETA=2.39h
2026-08-18 02:30:00 SKIP cached model.layers.6.mlp.down_proj.weight :: rtn4
2026-08-18 02:30:19 FIT model.layers.7.self_attn.q_proj.weight :: seed_only bpw=3.0000 rel_err=0.2482 wrel_err=0.1662 t=18.96s [246/980] ETA=2.39h
2026-08-18 02:30:21 FIT model.layers.7.self_attn.q_proj.weight :: awq_p0.5 bpw=3.2400 rel_err=0.2426 wrel_err=0.1617 t=2.10s [247/980] ETA=2.38h
2026-08-18 02:30:24 FIT model.layers.7.self_attn.q_proj.weight :: awq_p1.0 bpw=3.4800 rel_err=0.2377 wrel_err=0.1580 t=3.04s [248/980] ETA=2.37h
2026-08-18 02:30:29 FIT model.layers.7.self_attn.q_proj.weight :: awq_p2.0 bpw=3.9600 rel_err=0.2290 wrel_err=0.1515 t=4.60s [249/980] ETA=2.36h
2026-08-18 02:30:29 SKIP cached model.layers.7.self_attn.q_proj.weight :: rtn4
2026-08-18 02:30:39 FIT model.layers.7.self_attn.k_proj.weight :: seed_only bpw=3.0000 rel_err=0.2483 wrel_err=0.1530 t=9.89s [251/980] ETA=2.35h
2026-08-18 02:30:40 FIT model.layers.7.self_attn.k_proj.weight :: awq_p0.5 bpw=3.2400 rel_err=0.2444 wrel_err=0.1499 t=1.30s [252/980] ETA=2.34h
2026-08-18 02:30:42 FIT model.layers.7.self_attn.k_proj.weight :: awq_p1.0 bpw=3.4800 rel_err=0.2406 wrel_err=0.1471 t=2.10s [253/980] ETA=2.32h
2026-08-18 02:30:45 FIT model.layers.7.self_attn.k_proj.weight :: awq_p2.0 bpw=3.9600 rel_err=0.2324 wrel_err=0.1413 t=2.92s [254/980] ETA=2.31h
2026-08-18 02:30:45 SKIP cached model.layers.7.self_attn.k_proj.weight :: rtn4
2026-08-18 02:30:55 FIT model.layers.7.self_attn.v_proj.weight :: seed_only bpw=3.0000 rel_err=0.2484 wrel_err=0.2183 t=9.89s [256/980] ETA=2.30h
2026-08-18 02:30:57 FIT model.layers.7.self_attn.v_proj.weight :: awq_p0.5 bpw=3.2400 rel_err=0.2433 wrel_err=0.2132 t=1.69s [257/980] ETA=2.29h
2026-08-18 02:30:59 FIT model.layers.7.self_attn.v_proj.weight :: awq_p1.0 bpw=3.4800 rel_err=0.2385 wrel_err=0.2086 t=2.10s [258/980] ETA=2.28h
2026-08-18 02:31:02 FIT model.layers.7.self_attn.v_proj.weight :: awq_p2.0 bpw=3.9600 rel_err=0.2301 wrel_err=0.2006 t=2.87s [259/980] ETA=2.27h
2026-08-18 02:31:02 SKIP cached model.layers.7.self_attn.v_proj.weight :: rtn4
2026-08-18 02:31:21 FIT model.layers.7.self_attn.o_proj.weight :: seed_only bpw=3.0000 rel_err=0.2468 wrel_err=0.2044 t=18.94s [261/980] ETA=2.27h
2026-08-18 02:31:24 FIT model.layers.7.self_attn.o_proj.weight :: awq_p0.5 bpw=3.2400 rel_err=0.2420 wrel_err=0.1976 t=1.95s [262/980] ETA=2.26h
2026-08-18 02:31:27 FIT model.layers.7.self_attn.o_proj.weight :: awq_p1.0 bpw=3.4800 rel_err=0.2383 wrel_err=0.1924 t=2.90s [263/980] ETA=2.25h
2026-08-18 02:31:31 FIT model.layers.7.self_attn.o_proj.weight :: awq_p2.0 bpw=3.9600 rel_err=0.2317 wrel_err=0.1837 t=4.44s [264/980] ETA=2.24h
2026-08-18 02:31:31 SKIP cached model.layers.7.self_attn.o_proj.weight :: rtn4
2026-08-18 02:32:26 FIT model.layers.7.mlp.gate_proj.weight :: seed_only bpw=3.0000 rel_err=0.2409 wrel_err=0.1676 t=54.24s [266/980] ETA=2.27h
2026-08-18 02:32:30 FIT model.layers.7.mlp.gate_proj.weight :: awq_p0.5 bpw=3.2400 rel_err=0.2381 wrel_err=0.1650 t=4.26s [267/980] ETA=2.26h
2026-08-18 02:32:37 FIT model.layers.7.mlp.gate_proj.weight :: awq_p1.0 bpw=3.4800 rel_err=0.2327 wrel_err=0.1609 t=6.99s [268/980] ETA=2.25h
2026-08-18 02:32:49 FIT model.layers.7.mlp.gate_proj.weight :: awq_p2.0 bpw=3.9600 rel_err=0.2230 wrel_err=0.1538 t=12.10s [269/980] ETA=2.25h
2026-08-18 02:32:50 SKIP cached model.layers.7.mlp.gate_proj.weight :: rtn4
2026-08-18 02:33:44 FIT model.layers.7.mlp.up_proj.weight :: seed_only bpw=3.0000 rel_err=0.2411 wrel_err=0.2165 t=54.24s [271/980] ETA=2.28h
2026-08-18 02:33:48 FIT model.layers.7.mlp.up_proj.weight :: awq_p0.5 bpw=3.2400 rel_err=0.2359 wrel_err=0.2113 t=4.08s [272/980] ETA=2.27h
2026-08-18 02:33:55 FIT model.layers.7.mlp.up_proj.weight :: awq_p1.0 bpw=3.4800 rel_err=0.2308 wrel_err=0.2064 t=7.00s [273/980] ETA=2.27h
2026-08-18 02:34:08 FIT model.layers.7.mlp.up_proj.weight :: awq_p2.0 bpw=3.9600 rel_err=0.2218 wrel_err=0.1980 t=12.28s [274/980] ETA=2.26h
2026-08-18 02:34:08 SKIP cached model.layers.7.mlp.up_proj.weight :: rtn4
2026-08-18 02:35:03 FIT model.layers.7.mlp.down_proj.weight :: seed_only bpw=3.0000 rel_err=0.2455 wrel_err=0.2001 t=54.24s [276/980] ETA=2.30h
2026-08-18 02:35:07 FIT model.layers.7.mlp.down_proj.weight :: awq_p0.5 bpw=3.2400 rel_err=0.2411 wrel_err=0.1959 t=4.19s [277/980] ETA=2.29h
2026-08-18 02:35:14 FIT model.layers.7.mlp.down_proj.weight :: awq_p1.0 bpw=3.4800 rel_err=0.2366 wrel_err=0.1918 t=7.05s [278/980] ETA=2.28h
2026-08-18 02:35:27 FIT model.layers.7.mlp.down_proj.weight :: awq_p2.0 bpw=3.9600 rel_err=0.2284 wrel_err=0.1844 t=12.45s [279/980] ETA=2.28h
2026-08-18 02:35:27 SKIP cached model.layers.7.mlp.down_proj.weight :: rtn4
2026-08-18 02:35:46 FIT model.layers.8.self_attn.q_proj.weight :: seed_only bpw=3.0000 rel_err=0.2497 wrel_err=0.1651 t=18.94s [281/980] ETA=2.28h
2026-08-18 02:35:48 FIT model.layers.8.self_attn.q_proj.weight :: awq_p0.5 bpw=3.2400 rel_err=0.2429 wrel_err=0.1597 t=2.15s [282/980] ETA=2.27h
2026-08-18 02:35:51 FIT model.layers.8.self_attn.q_proj.weight :: awq_p1.0 bpw=3.4800 rel_err=0.2364 wrel_err=0.1549 t=2.93s [283/980] ETA=2.25h
2026-08-18 02:35:56 FIT model.layers.8.self_attn.q_proj.weight :: awq_p2.0 bpw=3.9600 rel_err=0.2257 wrel_err=0.1473 t=4.35s [284/980] ETA=2.25h
2026-08-18 02:35:56 SKIP cached model.layers.8.self_attn.q_proj.weight :: rtn4
2026-08-18 02:36:06 FIT model.layers.8.self_attn.k_proj.weight :: seed_only bpw=3.0000 rel_err=0.2506 wrel_err=0.1666 t=9.89s [286/980] ETA=2.24h
2026-08-18 02:36:08 FIT model.layers.8.self_attn.k_proj.weight :: awq_p0.5 bpw=3.2400 rel_err=0.2431 wrel_err=0.1606 t=1.50s [287/980] ETA=2.23h
2026-08-18 02:36:10 FIT model.layers.8.self_attn.k_proj.weight :: awq_p1.0 bpw=3.4800 rel_err=0.2376 wrel_err=0.1564 t=2.11s [288/980] ETA=2.22h
2026-08-18 02:36:13 FIT model.layers.8.self_attn.k_proj.weight :: awq_p2.0 bpw=3.9600 rel_err=0.2273 wrel_err=0.1490 t=2.82s [289/980] ETA=2.20h
2026-08-18 02:36:13 SKIP cached model.layers.8.self_attn.k_proj.weight :: rtn4
2026-08-18 02:36:23 FIT model.layers.8.self_attn.v_proj.weight :: seed_only bpw=3.0000 rel_err=0.2487 wrel_err=0.2142 t=9.89s [291/980] ETA=2.20h
2026-08-18 02:36:24 FIT model.layers.8.self_attn.v_proj.weight :: awq_p0.5 bpw=3.2400 rel_err=0.2447 wrel_err=0.2101 t=1.69s [292/980] ETA=2.19h
2026-08-18 02:36:27 FIT model.layers.8.self_attn.v_proj.weight :: awq_p1.0 bpw=3.4800 rel_err=0.2402 wrel_err=0.2059 t=2.09s [293/980] ETA=2.18h
2026-08-18 02:36:29 FIT model.layers.8.self_attn.v_proj.weight :: awq_p2.0 bpw=3.9600 rel_err=0.2322 wrel_err=0.1983 t=2.88s [294/980] ETA=2.17h
2026-08-18 02:36:30 SKIP cached model.layers.8.self_attn.v_proj.weight :: rtn4
2026-08-18 02:36:49 FIT model.layers.8.self_attn.o_proj.weight :: seed_only bpw=3.0000 rel_err=0.2606 wrel_err=0.1782 t=18.94s [296/980] ETA=2.17h
2026-08-18 02:36:50 FIT model.layers.8.self_attn.o_proj.weight :: awq_p0.5 bpw=3.2400 rel_err=0.2572 wrel_err=0.1733 t=1.70s [297/980] ETA=2.15h
2026-08-18 02:36:53 FIT model.layers.8.self_attn.o_proj.weight :: awq_p1.0 bpw=3.4800 rel_err=0.2544 wrel_err=0.1693 t=2.63s [298/980] ETA=2.14h
2026-08-18 02:36:57 FIT model.layers.8.self_attn.o_proj.weight :: awq_p2.0 bpw=3.9600 rel_err=0.2488 wrel_err=0.1618 t=4.19s [299/980] ETA=2.14h
2026-08-18 02:36:57 SKIP cached model.layers.8.self_attn.o_proj.weight :: rtn4
2026-08-18 02:37:52 FIT model.layers.8.mlp.gate_proj.weight :: seed_only bpw=3.0000 rel_err=0.2427 wrel_err=0.1746 t=54.24s [301/980] ETA=2.16h
2026-08-18 02:37:56 FIT model.layers.8.mlp.gate_proj.weight :: awq_p0.5 bpw=3.2400 rel_err=0.2394 wrel_err=0.1715 t=4.23s [302/980] ETA=2.15h
2026-08-18 02:38:04 FIT model.layers.8.mlp.gate_proj.weight :: awq_p1.0 bpw=3.4800 rel_err=0.2340 wrel_err=0.1672 t=6.93s [303/980] ETA=2.15h
2026-08-18 02:38:16 FIT model.layers.8.mlp.gate_proj.weight :: awq_p2.0 bpw=3.9600 rel_err=0.2242 wrel_err=0.1597 t=11.98s [304/980] ETA=2.15h
2026-08-18 02:38:16 SKIP cached model.layers.8.mlp.gate_proj.weight :: rtn4
2026-08-18 02:39:11 FIT model.layers.8.mlp.up_proj.weight :: seed_only bpw=3.0000 rel_err=0.2427 wrel_err=0.2158 t=54.24s [306/980] ETA=2.17h
2026-08-18 02:39:15 FIT model.layers.8.mlp.up_proj.weight :: awq_p0.5 bpw=3.2400 rel_err=0.2378 wrel_err=0.2109 t=4.10s [307/980] ETA=2.16h
2026-08-18 02:39:22 FIT model.layers.8.mlp.up_proj.weight :: awq_p1.0 bpw=3.4800 rel_err=0.2327 wrel_err=0.2060 t=7.03s [308/980] ETA=2.16h
2026-08-18 02:39:35 FIT model.layers.8.mlp.up_proj.weight :: awq_p2.0 bpw=3.9600 rel_err=0.2238 wrel_err=0.1977 t=12.35s [309/980] ETA=2.15h
2026-08-18 02:39:35 SKIP cached model.layers.8.mlp.up_proj.weight :: rtn4
2026-08-18 02:40:29 FIT model.layers.8.mlp.down_proj.weight :: seed_only bpw=3.0000 rel_err=0.2452 wrel_err=0.2057 t=54.25s [311/980] ETA=2.18h
2026-08-18 02:40:34 FIT model.layers.8.mlp.down_proj.weight :: awq_p0.5 bpw=3.2400 rel_err=0.2409 wrel_err=0.2015 t=4.17s [312/980] ETA=2.17h
2026-08-18 02:40:41 FIT model.layers.8.mlp.down_proj.weight :: awq_p1.0 bpw=3.4800 rel_err=0.2366 wrel_err=0.1974 t=7.02s [313/980] ETA=2.17h
2026-08-18 02:40:53 FIT model.layers.8.mlp.down_proj.weight :: awq_p2.0 bpw=3.9600 rel_err=0.2284 wrel_err=0.1899 t=12.41s [314/980] ETA=2.16h
2026-08-18 02:40:53 SKIP cached model.layers.8.mlp.down_proj.weight :: rtn4
2026-08-18 02:41:13 FIT model.layers.9.self_attn.q_proj.weight :: seed_only bpw=3.0000 rel_err=0.2503 wrel_err=0.1502 t=18.95s [316/980] ETA=2.16h
2026-08-18 02:41:15 FIT model.layers.9.self_attn.q_proj.weight :: awq_p0.5 bpw=3.2400 rel_err=0.2437 wrel_err=0.1453 t=2.11s [317/980] ETA=2.15h
2026-08-18 02:41:18 FIT model.layers.9.self_attn.q_proj.weight :: awq_p1.0 bpw=3.4800 rel_err=0.2374 wrel_err=0.1410 t=2.97s [318/980] ETA=2.14h
2026-08-18 02:41:22 FIT model.layers.9.self_attn.q_proj.weight :: awq_p2.0 bpw=3.9600 rel_err=0.2266 wrel_err=0.1340 t=4.38s [319/980] ETA=2.13h
2026-08-18 02:41:22 SKIP cached model.layers.9.self_attn.q_proj.weight :: rtn4
2026-08-18 02:41:32 FIT model.layers.9.self_attn.k_proj.weight :: seed_only bpw=3.0000 rel_err=0.2514 wrel_err=0.1444 t=9.89s [321/980] ETA=2.13h
2026-08-18 02:41:34 FIT model.layers.9.self_attn.k_proj.weight :: awq_p0.5 bpw=3.2400 rel_err=0.2453 wrel_err=0.1401 t=1.36s [322/980] ETA=2.12h
2026-08-18 02:41:36 FIT model.layers.9.self_attn.k_proj.weight :: awq_p1.0 bpw=3.4800 rel_err=0.2407 wrel_err=0.1371 t=2.10s [323/980] ETA=2.11h
2026-08-18 02:41:39 FIT model.layers.9.self_attn.k_proj.weight :: awq_p2.0 bpw=3.9600 rel_err=0.2314 wrel_err=0.1311 t=2.92s [324/980] ETA=2.10h
2026-08-18 02:41:39 SKIP cached model.layers.9.self_attn.k_proj.weight :: rtn4
2026-08-18 02:41:49 FIT model.layers.9.self_attn.v_proj.weight :: seed_only bpw=3.0000 rel_err=0.2504 wrel_err=0.2139 t=9.89s [326/980] ETA=2.09h
2026-08-18 02:41:51 FIT model.layers.9.self_attn.v_proj.weight :: awq_p0.5 bpw=3.2400 rel_err=0.2447 wrel_err=0.2085 t=1.69s [327/980] ETA=2.08h
2026-08-18 02:41:53 FIT model.layers.9.self_attn.v_proj.weight :: awq_p1.0 bpw=3.4800 rel_err=0.2393 wrel_err=0.2036 t=2.09s [328/980] ETA=2.07h
2026-08-18 02:41:56 FIT model.layers.9.self_attn.v_proj.weight :: awq_p2.0 bpw=3.9600 rel_err=0.2300 wrel_err=0.1952 t=2.84s [329/980] ETA=2.06h
2026-08-18 02:41:56 SKIP cached model.layers.9.self_attn.v_proj.weight :: rtn4
2026-08-18 02:42:15 FIT model.layers.9.self_attn.o_proj.weight :: seed_only bpw=3.0000 rel_err=0.2526 wrel_err=0.1956 t=18.95s [331/980] ETA=2.06h
2026-08-18 02:42:17 FIT model.layers.9.self_attn.o_proj.weight :: awq_p0.5 bpw=3.2400 rel_err=0.2471 wrel_err=0.1737 t=1.61s [332/980] ETA=2.05h
2026-08-18 02:42:19 FIT model.layers.9.self_attn.o_proj.weight :: awq_p1.0 bpw=3.4800 rel_err=0.2446 wrel_err=0.1670 t=2.49s [333/980] ETA=2.04h
2026-08-18 02:42:23 FIT model.layers.9.self_attn.o_proj.weight :: awq_p2.0 bpw=3.9600 rel_err=0.2398 wrel_err=0.1568 t=3.84s [334/980] ETA=2.03h
2026-08-18 02:42:23 SKIP cached model.layers.9.self_attn.o_proj.weight :: rtn4
2026-08-18 02:43:18 FIT model.layers.9.mlp.gate_proj.weight :: seed_only bpw=3.0000 rel_err=0.2448 wrel_err=0.1785 t=54.24s [336/980] ETA=2.05h
2026-08-18 02:43:22 FIT model.layers.9.mlp.gate_proj.weight :: awq_p0.5 bpw=3.2400 rel_err=0.2415 wrel_err=0.1754 t=4.21s [337/980] ETA=2.05h
2026-08-18 02:43:29 FIT model.layers.9.mlp.gate_proj.weight :: awq_p1.0 bpw=3.4800 rel_err=0.2363 wrel_err=0.1712 t=6.91s [338/980] ETA=2.04h
2026-08-18 02:43:42 FIT model.layers.9.mlp.gate_proj.weight :: awq_p2.0 bpw=3.9600 rel_err=0.2267 wrel_err=0.1637 t=11.88s [339/980] ETA=2.04h
2026-08-18 02:43:42 SKIP cached model.layers.9.mlp.gate_proj.weight :: rtn4
2026-08-18 02:44:36 FIT model.layers.9.mlp.up_proj.weight :: seed_only bpw=3.0000 rel_err=0.2448 wrel_err=0.2103 t=54.25s [341/980] ETA=2.06h
2026-08-18 02:44:41 FIT model.layers.9.mlp.up_proj.weight :: awq_p0.5 bpw=3.2400 rel_err=0.2408 wrel_err=0.2062 t=4.16s [342/980] ETA=2.05h
2026-08-18 02:44:48 FIT model.layers.9.mlp.up_proj.weight :: awq_p1.0 bpw=3.4800 rel_err=0.2358 wrel_err=0.2017 t=7.02s [343/980] ETA=2.05h
2026-08-18 02:45:00 FIT model.layers.9.mlp.up_proj.weight :: awq_p2.0 bpw=3.9600 rel_err=0.2271 wrel_err=0.1936 t=12.36s [344/980] ETA=2.04h
2026-08-18 02:45:01 SKIP cached model.layers.9.mlp.up_proj.weight :: rtn4
2026-08-18 02:45:55 FIT model.layers.9.mlp.down_proj.weight :: seed_only bpw=3.0000 rel_err=0.2513 wrel_err=0.1934 t=54.26s [346/980] ETA=2.06h
2026-08-18 02:46:00 FIT model.layers.9.mlp.down_proj.weight :: awq_p0.5 bpw=3.2400 rel_err=0.2477 wrel_err=0.1899 t=4.20s [347/980] ETA=2.06h
2026-08-18 02:46:07 FIT model.layers.9.mlp.down_proj.weight :: awq_p1.0 bpw=3.4800 rel_err=0.2441 wrel_err=0.1867 t=7.04s [348/980] ETA=2.05h
2026-08-18 02:46:19 FIT model.layers.9.mlp.down_proj.weight :: awq_p2.0 bpw=3.9600 rel_err=0.2367 wrel_err=0.1802 t=12.38s [349/980] ETA=2.05h
2026-08-18 02:46:19 SKIP cached model.layers.9.mlp.down_proj.weight :: rtn4
2026-08-18 02:46:39 FIT model.layers.10.self_attn.q_proj.weight :: seed_only bpw=3.0000 rel_err=0.2568 wrel_err=0.1566 t=18.95s [351/980] ETA=2.05h
2026-08-18 02:46:41 FIT model.layers.10.self_attn.q_proj.weight :: awq_p0.5 bpw=3.2400 rel_err=0.2512 wrel_err=0.1525 t=2.14s [352/980] ETA=2.04h
2026-08-18 02:46:44 FIT model.layers.10.self_attn.q_proj.weight :: awq_p1.0 bpw=3.4800 rel_err=0.2461 wrel_err=0.1488 t=2.98s [353/980] ETA=2.03h
2026-08-18 02:46:49 FIT model.layers.10.self_attn.q_proj.weight :: awq_p2.0 bpw=3.9600 rel_err=0.2369 wrel_err=0.1425 t=4.51s [354/980] ETA=2.02h
2026-08-18 02:46:49 SKIP cached model.layers.10.self_attn.q_proj.weight :: rtn4
2026-08-18 02:46:59 FIT model.layers.10.self_attn.k_proj.weight :: seed_only bpw=3.0000 rel_err=0.2572 wrel_err=0.1482 t=9.89s [356/980] ETA=2.01h
2026-08-18 02:47:00 FIT model.layers.10.self_attn.k_proj.weight :: awq_p0.5 bpw=3.2400 rel_err=0.2539 wrel_err=0.1455 t=1.34s [357/980] ETA=2.00h
2026-08-18 02:47:02 FIT model.layers.10.self_attn.k_proj.weight :: awq_p1.0 bpw=3.4800 rel_err=0.2496 wrel_err=0.1425 t=2.14s [358/980] ETA=2.00h
2026-08-18 02:47:05 FIT model.layers.10.self_attn.k_proj.weight :: awq_p2.0 bpw=3.9600 rel_err=0.2406 wrel_err=0.1366 t=2.89s [359/980] ETA=1.99h
2026-08-18 02:47:05 SKIP cached model.layers.10.self_attn.k_proj.weight :: rtn4
2026-08-18 02:47:15 FIT model.layers.10.self_attn.v_proj.weight :: seed_only bpw=3.0000 rel_err=0.2567 wrel_err=0.2120 t=9.89s [361/980] ETA=1.98h
2026-08-18 02:47:17 FIT model.layers.10.self_attn.v_proj.weight :: awq_p0.5 bpw=3.2400 rel_err=0.2521 wrel_err=0.2077 t=1.69s [362/980] ETA=1.97h
2026-08-18 02:47:19 FIT model.layers.10.self_attn.v_proj.weight :: awq_p1.0 bpw=3.4800 rel_err=0.2474 wrel_err=0.2032 t=2.10s [363/980] ETA=1.96h
2026-08-18 02:47:22 FIT model.layers.10.self_attn.v_proj.weight :: awq_p2.0 bpw=3.9600 rel_err=0.2388 wrel_err=0.1955 t=2.89s [364/980] ETA=1.95h
2026-08-18 02:47:22 SKIP cached model.layers.10.self_attn.v_proj.weight :: rtn4
2026-08-18 02:47:41 FIT model.layers.10.self_attn.o_proj.weight :: seed_only bpw=3.0000 rel_err=0.2549 wrel_err=0.1916 t=18.94s [366/980] ETA=1.95h
2026-08-18 02:47:43 FIT model.layers.10.self_attn.o_proj.weight :: awq_p0.5 bpw=3.2400 rel_err=0.2502 wrel_err=0.1858 t=1.84s [367/980] ETA=1.94h
2026-08-18 02:47:46 FIT model.layers.10.self_attn.o_proj.weight :: awq_p1.0 bpw=3.4800 rel_err=0.2465 wrel_err=0.1814 t=2.81s [368/980] ETA=1.94h
2026-08-18 02:47:51 FIT model.layers.10.self_attn.o_proj.weight :: awq_p2.0 bpw=3.9600 rel_err=0.2399 wrel_err=0.1736 t=4.45s [369/980] ETA=1.93h
2026-08-18 02:47:51 SKIP cached model.layers.10.self_attn.o_proj.weight :: rtn4
2026-08-18 02:48:45 FIT model.layers.10.mlp.gate_proj.weight :: seed_only bpw=3.0000 rel_err=0.2460 wrel_err=0.1874 t=54.24s [371/980] ETA=1.95h
2026-08-18 02:48:50 FIT model.layers.10.mlp.gate_proj.weight :: awq_p0.5 bpw=3.2400 rel_err=0.2416 wrel_err=0.1833 t=4.18s [372/980] ETA=1.94h
2026-08-18 02:48:57 FIT model.layers.10.mlp.gate_proj.weight :: awq_p1.0 bpw=3.4800 rel_err=0.2358 wrel_err=0.1785 t=6.83s [373/980] ETA=1.93h
2026-08-18 02:49:08 FIT model.layers.10.mlp.gate_proj.weight :: awq_p2.0 bpw=3.9600 rel_err=0.2258 wrel_err=0.1704 t=11.71s [374/980] ETA=1.93h
2026-08-18 02:49:09 SKIP cached model.layers.10.mlp.gate_proj.weight :: rtn4
2026-08-18 02:50:03 FIT model.layers.10.mlp.up_proj.weight :: seed_only bpw=3.0000 rel_err=0.2458 wrel_err=0.2089 t=54.25s [376/980] ETA=1.95h
2026-08-18 02:50:08 FIT model.layers.10.mlp.up_proj.weight :: awq_p0.5 bpw=3.2400 rel_err=0.2414 wrel_err=0.2046 t=4.16s [377/980] ETA=1.94h
2026-08-18 02:50:15 FIT model.layers.10.mlp.up_proj.weight :: awq_p1.0 bpw=3.4800 rel_err=0.2364 wrel_err=0.1999 t=7.00s [378/980] ETA=1.94h
2026-08-18 02:50:27 FIT model.layers.10.mlp.up_proj.weight :: awq_p2.0 bpw=3.9600 rel_err=0.2272 wrel_err=0.1917 t=12.31s [379/980] ETA=1.93h
2026-08-18 02:50:27 SKIP cached model.layers.10.mlp.up_proj.weight :: rtn4
2026-08-18 02:51:22 FIT model.layers.10.mlp.down_proj.weight :: seed_only bpw=3.0000 rel_err=0.2626 wrel_err=0.1712 t=54.24s [381/980] ETA=1.95h
2026-08-18 02:51:26 FIT model.layers.10.mlp.down_proj.weight :: awq_p0.5 bpw=3.2400 rel_err=0.2583 wrel_err=0.1676 t=4.17s [382/980] ETA=1.94h
2026-08-18 02:51:34 FIT model.layers.10.mlp.down_proj.weight :: awq_p1.0 bpw=3.4800 rel_err=0.2554 wrel_err=0.1652 t=7.08s [383/980] ETA=1.94h
2026-08-18 02:51:46 FIT model.layers.10.mlp.down_proj.weight :: awq_p2.0 bpw=3.9600 rel_err=0.2492 wrel_err=0.1604 t=12.45s [384/980] ETA=1.93h
2026-08-18 02:51:46 SKIP cached model.layers.10.mlp.down_proj.weight :: rtn4
2026-08-18 02:52:05 FIT model.layers.11.self_attn.q_proj.weight :: seed_only bpw=3.0000 rel_err=0.2657 wrel_err=0.1238 t=18.94s [386/980] ETA=1.93h
2026-08-18 02:52:08 FIT model.layers.11.self_attn.q_proj.weight :: awq_p0.5 bpw=3.2400 rel_err=0.2583 wrel_err=0.1193 t=2.12s [387/980] ETA=1.92h
2026-08-18 02:52:11 FIT model.layers.11.self_attn.q_proj.weight :: awq_p1.0 bpw=3.4800 rel_err=0.2518 wrel_err=0.1157 t=2.90s [388/980] ETA=1.92h
2026-08-18 02:52:15 FIT model.layers.11.self_attn.q_proj.weight :: awq_p2.0 bpw=3.9600 rel_err=0.2404 wrel_err=0.1099 t=4.24s [389/980] ETA=1.91h
2026-08-18 02:52:15 SKIP cached model.layers.11.self_attn.q_proj.weight :: rtn4
2026-08-18 02:52:25 FIT model.layers.11.self_attn.k_proj.weight :: seed_only bpw=3.0000 rel_err=0.2672 wrel_err=0.1229 t=9.88s [391/980] ETA=1.90h
2026-08-18 02:52:26 FIT model.layers.11.self_attn.k_proj.weight :: awq_p0.5 bpw=3.2400 rel_err=0.2620 wrel_err=0.1196 t=1.34s [392/980] ETA=1.89h
2026-08-18 02:52:28 FIT model.layers.11.self_attn.k_proj.weight :: awq_p1.0 bpw=3.4800 rel_err=0.2586 wrel_err=0.1175 t=2.07s [393/980] ETA=1.88h
2026-08-18 02:52:31 FIT model.layers.11.self_attn.k_proj.weight :: awq_p2.0 bpw=3.9600 rel_err=0.2498 wrel_err=0.1128 t=2.89s [394/980] ETA=1.88h
2026-08-18 02:52:31 SKIP cached model.layers.11.self_attn.k_proj.weight :: rtn4
2026-08-18 02:52:41 FIT model.layers.11.self_attn.v_proj.weight :: seed_only bpw=3.0000 rel_err=0.2669 wrel_err=0.1835 t=9.88s [396/980] ETA=1.87h
2026-08-18 02:52:43 FIT model.layers.11.self_attn.v_proj.weight :: awq_p0.5 bpw=3.2400 rel_err=0.2620 wrel_err=0.1793 t=1.46s [397/980] ETA=1.86h
2026-08-18 02:52:45 FIT model.layers.11.self_attn.v_proj.weight :: awq_p1.0 bpw=3.4800 rel_err=0.2581 wrel_err=0.1760 t=2.06s [398/980] ETA=1.85h
2026-08-18 02:52:48 FIT model.layers.11.self_attn.v_proj.weight :: awq_p2.0 bpw=3.9600 rel_err=0.2498 wrel_err=0.1695 t=2.86s [399/980] ETA=1.85h
2026-08-18 02:52:48 SKIP cached model.layers.11.self_attn.v_proj.weight :: rtn4
2026-08-18 02:53:07 FIT model.layers.11.self_attn.o_proj.weight :: seed_only bpw=3.0000 rel_err=0.2650 wrel_err=0.1910 t=18.94s [401/980] ETA=1.84h
2026-08-18 02:53:09 FIT model.layers.11.self_attn.o_proj.weight :: awq_p0.5 bpw=3.2400 rel_err=0.2521 wrel_err=0.1368 t=1.36s [402/980] ETA=1.84h
2026-08-18 02:53:11 FIT model.layers.11.self_attn.o_proj.weight :: awq_p1.0 bpw=3.4800 rel_err=0.2492 wrel_err=0.1306 t=2.21s [403/980] ETA=1.83h
2026-08-18 02:53:15 FIT model.layers.11.self_attn.o_proj.weight :: awq_p2.0 bpw=3.9600 rel_err=0.2448 wrel_err=0.1221 t=3.66s [404/980] ETA=1.82h
2026-08-18 02:53:15 SKIP cached model.layers.11.self_attn.o_proj.weight :: rtn4
2026-08-18 02:54:09 FIT model.layers.11.mlp.gate_proj.weight :: seed_only bpw=3.0000 rel_err=0.2513 wrel_err=0.1941 t=54.24s [406/980] ETA=1.84h
2026-08-18 02:54:14 FIT model.layers.11.mlp.gate_proj.weight :: awq_p0.5 bpw=3.2400 rel_err=0.2470 wrel_err=0.1899 t=4.16s [407/980] ETA=1.83h
2026-08-18 02:54:21 FIT model.layers.11.mlp.gate_proj.weight :: awq_p1.0 bpw=3.4800 rel_err=0.2415 wrel_err=0.1852 t=6.81s [408/980] ETA=1.82h
2026-08-18 02:54:33 FIT model.layers.11.mlp.gate_proj.weight :: awq_p2.0 bpw=3.9600 rel_err=0.2317 wrel_err=0.1770 t=11.79s [409/980] ETA=1.82h
2026-08-18 02:54:33 SKIP cached model.layers.11.mlp.gate_proj.weight :: rtn4
2026-08-18 02:55:27 FIT model.layers.11.mlp.up_proj.weight :: seed_only bpw=3.0000 rel_err=0.2511 wrel_err=0.2105 t=54.24s [411/980] ETA=1.84h
2026-08-18 02:55:32 FIT model.layers.11.mlp.up_proj.weight :: awq_p0.5 bpw=3.2400 rel_err=0.2463 wrel_err=0.2058 t=4.12s [412/980] ETA=1.83h
2026-08-18 02:55:39 FIT model.layers.11.mlp.up_proj.weight :: awq_p1.0 bpw=3.4800 rel_err=0.2410 wrel_err=0.2010 t=7.00s [413/980] ETA=1.82h
2026-08-18 02:55:51 FIT model.layers.11.mlp.up_proj.weight :: awq_p2.0 bpw=3.9600 rel_err=0.2320 wrel_err=0.1928 t=12.24s [414/980] ETA=1.82h
2026-08-18 02:55:51 SKIP cached model.layers.11.mlp.up_proj.weight :: rtn4
2026-08-18 02:56:46 FIT model.layers.11.mlp.down_proj.weight :: seed_only bpw=3.0000 rel_err=0.2607 wrel_err=0.1813 t=54.24s [416/980] ETA=1.83h
2026-08-18 02:56:50 FIT model.layers.11.mlp.down_proj.weight :: awq_p0.5 bpw=3.2400 rel_err=0.2573 wrel_err=0.1782 t=4.20s [417/980] ETA=1.83h
2026-08-18 02:56:57 FIT model.layers.11.mlp.down_proj.weight :: awq_p1.0 bpw=3.4800 rel_err=0.2542 wrel_err=0.1756 t=7.13s [418/980] ETA=1.82h
2026-08-18 02:57:10 FIT model.layers.11.mlp.down_proj.weight :: awq_p2.0 bpw=3.9600 rel_err=0.2479 wrel_err=0.1703 t=12.51s [419/980] ETA=1.82h
2026-08-18 02:57:10 SKIP cached model.layers.11.mlp.down_proj.weight :: rtn4
2026-08-18 02:57:29 FIT model.layers.12.self_attn.q_proj.weight :: seed_only bpw=3.0000 rel_err=0.2797 wrel_err=0.1412 t=18.94s [421/980] ETA=1.82h
2026-08-18 02:57:31 FIT model.layers.12.self_attn.q_proj.weight :: awq_p0.5 bpw=3.2400 rel_err=0.2730 wrel_err=0.1368 t=2.13s [422/980] ETA=1.81h
2026-08-18 02:57:34 FIT model.layers.12.self_attn.q_proj.weight :: awq_p1.0 bpw=3.4800 rel_err=0.2667 wrel_err=0.1330 t=2.89s [423/980] ETA=1.80h
2026-08-18 02:57:39 FIT model.layers.12.self_attn.q_proj.weight :: awq_p2.0 bpw=3.9600 rel_err=0.2563 wrel_err=0.1269 t=4.29s [424/980] ETA=1.79h
2026-08-18 02:57:39 SKIP cached model.layers.12.self_attn.q_proj.weight :: rtn4
2026-08-18 02:57:49 FIT model.layers.12.self_attn.k_proj.weight :: seed_only bpw=3.0000 rel_err=0.2816 wrel_err=0.1308 t=9.89s [426/980] ETA=1.79h
2026-08-18 02:57:50 FIT model.layers.12.self_attn.k_proj.weight :: awq_p0.5 bpw=3.2400 rel_err=0.2764 wrel_err=0.1274 t=1.41s [427/980] ETA=1.78h
2026-08-18 02:57:52 FIT model.layers.12.self_attn.k_proj.weight :: awq_p1.0 bpw=3.4800 rel_err=0.2712 wrel_err=0.1245 t=2.12s [428/980] ETA=1.77h
2026-08-18 02:57:55 FIT model.layers.12.self_attn.k_proj.weight :: awq_p2.0 bpw=3.9600 rel_err=0.2615 wrel_err=0.1190 t=2.83s [429/980] ETA=1.77h
2026-08-18 02:57:56 SKIP cached model.layers.12.self_attn.k_proj.weight :: rtn4
2026-08-18 02:58:06 FIT model.layers.12.self_attn.v_proj.weight :: seed_only bpw=3.0000 rel_err=0.2811 wrel_err=0.1969 t=9.88s [431/980] ETA=1.76h
2026-08-18 02:58:07 FIT model.layers.12.self_attn.v_proj.weight :: awq_p0.5 bpw=3.2400 rel_err=0.2766 wrel_err=0.1928 t=1.63s [432/980] ETA=1.75h
2026-08-18 02:58:09 FIT model.layers.12.self_attn.v_proj.weight :: awq_p1.0 bpw=3.4800 rel_err=0.2723 wrel_err=0.1890 t=2.08s [433/980] ETA=1.74h
2026-08-18 02:58:12 FIT model.layers.12.self_attn.v_proj.weight :: awq_p2.0 bpw=3.9600 rel_err=0.2644 wrel_err=0.1823 t=2.86s [434/980] ETA=1.74h
2026-08-18 02:58:12 SKIP cached model.layers.12.self_attn.v_proj.weight :: rtn4
2026-08-18 02:58:32 FIT model.layers.12.self_attn.o_proj.weight :: seed_only bpw=3.0000 rel_err=0.2606 wrel_err=0.1718 t=18.94s [436/980] ETA=1.73h
2026-08-18 02:58:33 FIT model.layers.12.self_attn.o_proj.weight :: awq_p0.5 bpw=3.2400 rel_err=0.2564 wrel_err=0.1633 t=1.66s [437/980] ETA=1.73h
2026-08-18 02:58:36 FIT model.layers.12.self_attn.o_proj.weight :: awq_p1.0 bpw=3.4800 rel_err=0.2537 wrel_err=0.1582 t=2.55s [438/980] ETA=1.72h
2026-08-18 02:58:40 FIT model.layers.12.self_attn.o_proj.weight :: awq_p2.0 bpw=3.9600 rel_err=0.2489 wrel_err=0.1499 t=4.08s [439/980] ETA=1.71h
2026-08-18 02:58:40 SKIP cached model.layers.12.self_attn.o_proj.weight :: rtn4
2026-08-18 02:59:35 FIT model.layers.12.mlp.gate_proj.weight :: seed_only bpw=3.0000 rel_err=0.2533 wrel_err=0.1960 t=54.22s [441/980] ETA=1.72h
2026-08-18 02:59:39 FIT model.layers.12.mlp.gate_proj.weight :: awq_p0.5 bpw=3.2400 rel_err=0.2490 wrel_err=0.1918 t=4.15s [442/980] ETA=1.72h
2026-08-18 02:59:46 FIT model.layers.12.mlp.gate_proj.weight :: awq_p1.0 bpw=3.4800 rel_err=0.2433 wrel_err=0.1869 t=6.79s [443/980] ETA=1.71h
2026-08-18 02:59:58 FIT model.layers.12.mlp.gate_proj.weight :: awq_p2.0 bpw=3.9600 rel_err=0.2334 wrel_err=0.1785 t=11.76s [444/980] ETA=1.71h
2026-08-18 02:59:59 SKIP cached model.layers.12.mlp.gate_proj.weight :: rtn4
2026-08-18 03:00:53 FIT model.layers.12.mlp.up_proj.weight :: seed_only bpw=3.0000 rel_err=0.2533 wrel_err=0.2114 t=54.25s [446/980] ETA=1.72h
2026-08-18 03:00:57 FIT model.layers.12.mlp.up_proj.weight :: awq_p0.5 bpw=3.2400 rel_err=0.2480 wrel_err=0.2063 t=4.10s [447/980] ETA=1.72h
2026-08-18 03:01:05 FIT model.layers.12.mlp.up_proj.weight :: awq_p1.0 bpw=3.4800 rel_err=0.2427 wrel_err=0.2014 t=6.96s [448/980] ETA=1.71h
2026-08-18 03:01:17 FIT model.layers.12.mlp.up_proj.weight :: awq_p2.0 bpw=3.9600 rel_err=0.2335 wrel_err=0.1931 t=12.17s [449/980] ETA=1.71h
2026-08-18 03:01:17 SKIP cached model.layers.12.mlp.up_proj.weight :: rtn4
2026-08-18 03:02:12 FIT model.layers.12.mlp.down_proj.weight :: seed_only bpw=3.0000 rel_err=0.2639 wrel_err=0.1859 t=54.24s [451/980] ETA=1.72h
2026-08-18 03:02:16 FIT model.layers.12.mlp.down_proj.weight :: awq_p0.5 bpw=3.2400 rel_err=0.2605 wrel_err=0.1828 t=4.17s [452/980] ETA=1.71h
2026-08-18 03:02:23 FIT model.layers.12.mlp.down_proj.weight :: awq_p1.0 bpw=3.4800 rel_err=0.2579 wrel_err=0.1804 t=7.10s [453/980] ETA=1.71h
2026-08-18 03:02:36 FIT model.layers.12.mlp.down_proj.weight :: awq_p2.0 bpw=3.9600 rel_err=0.2524 wrel_err=0.1755 t=12.45s [454/980] ETA=1.71h
2026-08-18 03:02:36 SKIP cached model.layers.12.mlp.down_proj.weight :: rtn4
2026-08-18 03:02:55 FIT model.layers.13.self_attn.q_proj.weight :: seed_only bpw=3.0000 rel_err=0.2828 wrel_err=0.1346 t=18.94s [456/980] ETA=1.70h
2026-08-18 03:02:58 FIT model.layers.13.self_attn.q_proj.weight :: awq_p0.5 bpw=3.2400 rel_err=0.2751 wrel_err=0.1298 t=2.13s [457/980] ETA=1.69h
2026-08-18 03:03:01 FIT model.layers.13.self_attn.q_proj.weight :: awq_p1.0 bpw=3.4800 rel_err=0.2671 wrel_err=0.1254 t=2.89s [458/980] ETA=1.69h
2026-08-18 03:03:05 FIT model.layers.13.self_attn.q_proj.weight :: awq_p2.0 bpw=3.9600 rel_err=0.2547 wrel_err=0.1186 t=4.16s [459/980] ETA=1.68h
2026-08-18 03:03:05 SKIP cached model.layers.13.self_attn.q_proj.weight :: rtn4
2026-08-18 03:03:15 FIT model.layers.13.self_attn.k_proj.weight :: seed_only bpw=3.0000 rel_err=0.2867 wrel_err=0.1186 t=9.89s [461/980] ETA=1.67h
2026-08-18 03:03:16 FIT model.layers.13.self_attn.k_proj.weight :: awq_p0.5 bpw=3.2400 rel_err=0.2825 wrel_err=0.1160 t=1.26s [462/980] ETA=1.67h
2026-08-18 03:03:18 FIT model.layers.13.self_attn.k_proj.weight :: awq_p1.0 bpw=3.4800 rel_err=0.2784 wrel_err=0.1138 t=2.10s [463/980] ETA=1.66h
2026-08-18 03:03:21 FIT model.layers.13.self_attn.k_proj.weight :: awq_p2.0 bpw=3.9600 rel_err=0.2695 wrel_err=0.1090 t=2.87s [464/980] ETA=1.65h
2026-08-18 03:03:21 SKIP cached model.layers.13.self_attn.k_proj.weight :: rtn4
2026-08-18 03:03:31 FIT model.layers.13.self_attn.v_proj.weight :: seed_only bpw=3.0000 rel_err=0.2834 wrel_err=0.1923 t=9.89s [466/980] ETA=1.65h
2026-08-18 03:03:33 FIT model.layers.13.self_attn.v_proj.weight :: awq_p0.5 bpw=3.2400 rel_err=0.2795 wrel_err=0.1888 t=1.64s [467/980] ETA=1.64h
2026-08-18 03:03:35 FIT model.layers.13.self_attn.v_proj.weight :: awq_p1.0 bpw=3.4800 rel_err=0.2751 wrel_err=0.1853 t=2.08s [468/980] ETA=1.63h
2026-08-18 03:03:38 FIT model.layers.13.self_attn.v_proj.weight :: awq_p2.0 bpw=3.9600 rel_err=0.2674 wrel_err=0.1789 t=2.86s [469/980] ETA=1.63h
2026-08-18 03:03:38 SKIP cached model.layers.13.self_attn.v_proj.weight :: rtn4
2026-08-18 03:03:57 FIT model.layers.13.self_attn.o_proj.weight :: seed_only bpw=3.0000 rel_err=0.2611 wrel_err=0.1709 t=18.94s [471/980] ETA=1.62h
2026-08-18 03:03:59 FIT model.layers.13.self_attn.o_proj.weight :: awq_p0.5 bpw=3.2400 rel_err=0.2577 wrel_err=0.1663 t=1.76s [472/980] ETA=1.62h
2026-08-18 03:04:02 FIT model.layers.13.self_attn.o_proj.weight :: awq_p1.0 bpw=3.4800 rel_err=0.2549 wrel_err=0.1628 t=2.79s [473/980] ETA=1.61h
2026-08-18 03:04:06 FIT model.layers.13.self_attn.o_proj.weight :: awq_p2.0 bpw=3.9600 rel_err=0.2492 wrel_err=0.1558 t=4.39s [474/980] ETA=1.60h
2026-08-18 03:04:06 SKIP cached model.layers.13.self_attn.o_proj.weight :: rtn4
2026-08-18 03:05:01 FIT model.layers.13.mlp.gate_proj.weight :: seed_only bpw=3.0000 rel_err=0.2552 wrel_err=0.1960 t=54.24s [476/980] ETA=1.61h
2026-08-18 03:05:05 FIT model.layers.13.mlp.gate_proj.weight :: awq_p0.5 bpw=3.2400 rel_err=0.2505 wrel_err=0.1915 t=4.12s [477/980] ETA=1.61h
2026-08-18 03:05:12 FIT model.layers.13.mlp.gate_proj.weight :: awq_p1.0 bpw=3.4800 rel_err=0.2446 wrel_err=0.1865 t=6.72s [478/980] ETA=1.60h
2026-08-18 03:05:24 FIT model.layers.13.mlp.gate_proj.weight :: awq_p2.0 bpw=3.9600 rel_err=0.2345 wrel_err=0.1780 t=11.64s [479/980] ETA=1.60h
2026-08-18 03:05:24 SKIP cached model.layers.13.mlp.gate_proj.weight :: rtn4
2026-08-18 03:06:19 FIT model.layers.13.mlp.up_proj.weight :: seed_only bpw=3.0000 rel_err=0.2546 wrel_err=0.2104 t=54.24s [481/980] ETA=1.61h
2026-08-18 03:06:23 FIT model.layers.13.mlp.up_proj.weight :: awq_p0.5 bpw=3.2400 rel_err=0.2496 wrel_err=0.2055 t=4.09s [482/980] ETA=1.60h
2026-08-18 03:06:30 FIT model.layers.13.mlp.up_proj.weight :: awq_p1.0 bpw=3.4800 rel_err=0.2443 wrel_err=0.2006 t=6.94s [483/980] ETA=1.60h
2026-08-18 03:06:42 FIT model.layers.13.mlp.up_proj.weight :: awq_p2.0 bpw=3.9600 rel_err=0.2351 wrel_err=0.1923 t=12.12s [484/980] ETA=1.60h
2026-08-18 03:06:42 SKIP cached model.layers.13.mlp.up_proj.weight :: rtn4
2026-08-18 03:07:37 FIT model.layers.13.mlp.down_proj.weight :: seed_only bpw=3.0000 rel_err=0.2658 wrel_err=0.1850 t=54.24s [486/980] ETA=1.60h
2026-08-18 03:07:41 FIT model.layers.13.mlp.down_proj.weight :: awq_p0.5 bpw=3.2400 rel_err=0.2621 wrel_err=0.1815 t=4.13s [487/980] ETA=1.60h
2026-08-18 03:07:48 FIT model.layers.13.mlp.down_proj.weight :: awq_p1.0 bpw=3.4800 rel_err=0.2593 wrel_err=0.1790 t=7.05s [488/980] ETA=1.59h
2026-08-18 03:08:01 FIT model.layers.13.mlp.down_proj.weight :: awq_p2.0 bpw=3.9600 rel_err=0.2537 wrel_err=0.1742 t=12.38s [489/980] ETA=1.59h
2026-08-18 03:08:01 SKIP cached model.layers.13.mlp.down_proj.weight :: rtn4
2026-08-18 03:08:20 FIT model.layers.14.self_attn.q_proj.weight :: seed_only bpw=3.0000 rel_err=0.2853 wrel_err=0.1395 t=18.95s [491/980] ETA=1.59h
2026-08-18 03:08:23 FIT model.layers.14.self_attn.q_proj.weight :: awq_p0.5 bpw=3.2400 rel_err=0.2782 wrel_err=0.1349 t=2.14s [492/980] ETA=1.58h
2026-08-18 03:08:25 FIT model.layers.14.self_attn.q_proj.weight :: awq_p1.0 bpw=3.4800 rel_err=0.2707 wrel_err=0.1305 t=2.90s [493/980] ETA=1.57h
2026-08-18 03:08:30 FIT model.layers.14.self_attn.q_proj.weight :: awq_p2.0 bpw=3.9600 rel_err=0.2588 wrel_err=0.1238 t=4.20s [494/980] ETA=1.57h
2026-08-18 03:08:30 SKIP cached model.layers.14.self_attn.q_proj.weight :: rtn4
2026-08-18 03:08:40 FIT model.layers.14.self_attn.k_proj.weight :: seed_only bpw=3.0000 rel_err=0.2875 wrel_err=0.1246 t=9.89s [496/980] ETA=1.56h
2026-08-18 03:08:41 FIT model.layers.14.self_attn.k_proj.weight :: awq_p0.5 bpw=3.2400 rel_err=0.2822 wrel_err=0.1213 t=1.49s [497/980] ETA=1.56h
2026-08-18 03:08:44 FIT model.layers.14.self_attn.k_proj.weight :: awq_p1.0 bpw=3.4800 rel_err=0.2770 wrel_err=0.1184 t=2.10s [498/980] ETA=1.55h
2026-08-18 03:08:46 FIT model.layers.14.self_attn.k_proj.weight :: awq_p2.0 bpw=3.9600 rel_err=0.2669 wrel_err=0.1131 t=2.81s [499/980] ETA=1.54h
2026-08-18 03:08:46 SKIP cached model.layers.14.self_attn.k_proj.weight :: rtn4
2026-08-18 03:08:56 FIT model.layers.14.self_attn.v_proj.weight :: seed_only bpw=3.0000 rel_err=0.2829 wrel_err=0.1988 t=9.89s [501/980] ETA=1.54h
2026-08-18 03:08:58 FIT model.layers.14.self_attn.v_proj.weight :: awq_p0.5 bpw=3.2400 rel_err=0.2785 wrel_err=0.1948 t=1.66s [502/980] ETA=1.53h
2026-08-18 03:09:00 FIT model.layers.14.self_attn.v_proj.weight :: awq_p1.0 bpw=3.4800 rel_err=0.2741 wrel_err=0.1910 t=2.10s [503/980] ETA=1.52h
2026-08-18 03:09:03 FIT model.layers.14.self_attn.v_proj.weight :: awq_p2.0 bpw=3.9600 rel_err=0.2658 wrel_err=0.1843 t=2.87s [504/980] ETA=1.52h
2026-08-18 03:09:03 SKIP cached model.layers.14.self_attn.v_proj.weight :: rtn4
2026-08-18 03:09:22 FIT model.layers.14.self_attn.o_proj.weight :: seed_only bpw=3.0000 rel_err=0.2614 wrel_err=0.1762 t=18.94s [506/980] ETA=1.51h
2026-08-18 03:09:24 FIT model.layers.14.self_attn.o_proj.weight :: awq_p0.5 bpw=3.2400 rel_err=0.2574 wrel_err=0.1698 t=1.67s [507/980] ETA=1.51h
2026-08-18 03:09:27 FIT model.layers.14.self_attn.o_proj.weight :: awq_p1.0 bpw=3.4800 rel_err=0.2540 wrel_err=0.1645 t=2.60s [508/980] ETA=1.50h
2026-08-18 03:09:31 FIT model.layers.14.self_attn.o_proj.weight :: awq_p2.0 bpw=3.9600 rel_err=0.2476 wrel_err=0.1551 t=4.09s [509/980] ETA=1.50h
2026-08-18 03:09:31 SKIP cached model.layers.14.self_attn.o_proj.weight :: rtn4
2026-08-18 03:10:26 FIT model.layers.14.mlp.gate_proj.weight :: seed_only bpw=3.0000 rel_err=0.2502 wrel_err=0.1946 t=54.24s [511/980] ETA=1.50h
2026-08-18 03:10:30 FIT model.layers.14.mlp.gate_proj.weight :: awq_p0.5 bpw=3.2400 rel_err=0.2455 wrel_err=0.1901 t=4.14s [512/980] ETA=1.50h
2026-08-18 03:10:37 FIT model.layers.14.mlp.gate_proj.weight :: awq_p1.0 bpw=3.4800 rel_err=0.2398 wrel_err=0.1852 t=6.77s [513/980] ETA=1.49h
2026-08-18 03:10:49 FIT model.layers.14.mlp.gate_proj.weight :: awq_p2.0 bpw=3.9600 rel_err=0.2296 wrel_err=0.1767 t=11.66s [514/980] ETA=1.49h
2026-08-18 03:10:49 SKIP cached model.layers.14.mlp.gate_proj.weight :: rtn4
2026-08-18 03:11:44 FIT model.layers.14.mlp.up_proj.weight :: seed_only bpw=3.0000 rel_err=0.2497 wrel_err=0.2108 t=54.24s [516/980] ETA=1.50h
2026-08-18 03:11:48 FIT model.layers.14.mlp.up_proj.weight :: awq_p0.5 bpw=3.2400 rel_err=0.2450 wrel_err=0.2062 t=4.11s [517/980] ETA=1.49h
2026-08-18 03:11:55 FIT model.layers.14.mlp.up_proj.weight :: awq_p1.0 bpw=3.4800 rel_err=0.2397 wrel_err=0.2013 t=6.93s [518/980] ETA=1.49h
2026-08-18 03:12:08 FIT model.layers.14.mlp.up_proj.weight :: awq_p2.0 bpw=3.9600 rel_err=0.2305 wrel_err=0.1929 t=12.11s [519/980] ETA=1.48h
2026-08-18 03:12:08 SKIP cached model.layers.14.mlp.up_proj.weight :: rtn4
2026-08-18 03:13:02 FIT model.layers.14.mlp.down_proj.weight :: seed_only bpw=3.0000 rel_err=0.2726 wrel_err=0.1720 t=54.24s [521/980] ETA=1.49h
2026-08-18 03:13:07 FIT model.layers.14.mlp.down_proj.weight :: awq_p0.5 bpw=3.2400 rel_err=0.2690 wrel_err=0.1690 t=4.11s [522/980] ETA=1.48h
2026-08-18 03:13:14 FIT model.layers.14.mlp.down_proj.weight :: awq_p1.0 bpw=3.4800 rel_err=0.2665 wrel_err=0.1669 t=7.13s [523/980] ETA=1.48h
2026-08-18 03:13:27 FIT model.layers.14.mlp.down_proj.weight :: awq_p2.0 bpw=3.9600 rel_err=0.2616 wrel_err=0.1628 t=12.49s [524/980] ETA=1.48h
2026-08-18 03:13:27 SKIP cached model.layers.14.mlp.down_proj.weight :: rtn4
2026-08-18 03:13:46 FIT model.layers.15.self_attn.q_proj.weight :: seed_only bpw=3.0000 rel_err=0.2645 wrel_err=0.1385 t=18.94s [526/980] ETA=1.47h
2026-08-18 03:13:48 FIT model.layers.15.self_attn.q_proj.weight :: awq_p0.5 bpw=3.2400 rel_err=0.2580 wrel_err=0.1341 t=2.15s [527/980] ETA=1.47h
2026-08-18 03:13:51 FIT model.layers.15.self_attn.q_proj.weight :: awq_p1.0 bpw=3.4800 rel_err=0.2499 wrel_err=0.1293 t=2.89s [528/980] ETA=1.46h
2026-08-18 03:13:55 FIT model.layers.15.self_attn.q_proj.weight :: awq_p2.0 bpw=3.9600 rel_err=0.2373 wrel_err=0.1221 t=4.15s [529/980] ETA=1.46h
2026-08-18 03:13:55 SKIP cached model.layers.15.self_attn.q_proj.weight :: rtn4
2026-08-18 03:14:05 FIT model.layers.15.self_attn.k_proj.weight :: seed_only bpw=3.0000 rel_err=0.2644 wrel_err=0.1194 t=9.89s [531/980] ETA=1.45h
2026-08-18 03:14:07 FIT model.layers.15.self_attn.k_proj.weight :: awq_p0.5 bpw=3.2400 rel_err=0.2609 wrel_err=0.1171 t=1.15s [532/980] ETA=1.44h
2026-08-18 03:14:09 FIT model.layers.15.self_attn.k_proj.weight :: awq_p1.0 bpw=3.4800 rel_err=0.2568 wrel_err=0.1149 t=2.15s [533/980] ETA=1.44h
2026-08-18 03:14:12 FIT model.layers.15.self_attn.k_proj.weight :: awq_p2.0 bpw=3.9600 rel_err=0.2470 wrel_err=0.1097 t=2.88s [534/980] ETA=1.43h
2026-08-18 03:14:12 SKIP cached model.layers.15.self_attn.k_proj.weight :: rtn4
2026-08-18 03:14:22 FIT model.layers.15.self_attn.v_proj.weight :: seed_only bpw=3.0000 rel_err=0.2670 wrel_err=0.2119 t=9.89s [536/980] ETA=1.42h
2026-08-18 03:14:24 FIT model.layers.15.self_attn.v_proj.weight :: awq_p0.5 bpw=3.2400 rel_err=0.2617 wrel_err=0.2068 t=1.69s [537/980] ETA=1.42h
2026-08-18 03:14:26 FIT model.layers.15.self_attn.v_proj.weight :: awq_p1.0 bpw=3.4800 rel_err=0.2560 wrel_err=0.2018 t=2.10s [538/980] ETA=1.41h
2026-08-18 03:14:29 FIT model.layers.15.self_attn.v_proj.weight :: awq_p2.0 bpw=3.9600 rel_err=0.2465 wrel_err=0.1935 t=2.87s [539/980] ETA=1.41h
2026-08-18 03:14:29 SKIP cached model.layers.15.self_attn.v_proj.weight :: rtn4
2026-08-18 03:14:48 FIT model.layers.15.self_attn.o_proj.weight :: seed_only bpw=3.0000 rel_err=0.2600 wrel_err=0.1796 t=18.94s [541/980] ETA=1.40h
2026-08-18 03:14:50 FIT model.layers.15.self_attn.o_proj.weight :: awq_p0.5 bpw=3.2400 rel_err=0.2564 wrel_err=0.1698 t=1.59s [542/980] ETA=1.40h
2026-08-18 03:14:52 FIT model.layers.15.self_attn.o_proj.weight :: awq_p1.0 bpw=3.4800 rel_err=0.2540 wrel_err=0.1641 t=2.59s [543/980] ETA=1.39h
2026-08-18 03:14:57 FIT model.layers.15.self_attn.o_proj.weight :: awq_p2.0 bpw=3.9600 rel_err=0.2493 wrel_err=0.1552 t=4.13s [544/980] ETA=1.39h
2026-08-18 03:14:57 SKIP cached model.layers.15.self_attn.o_proj.weight :: rtn4
2026-08-18 03:15:51 FIT model.layers.15.mlp.gate_proj.weight :: seed_only bpw=3.0000 rel_err=0.2486 wrel_err=0.1900 t=54.25s [546/980] ETA=1.39h
2026-08-18 03:15:56 FIT model.layers.15.mlp.gate_proj.weight :: awq_p0.5 bpw=3.2400 rel_err=0.2438 wrel_err=0.1855 t=4.15s [547/980] ETA=1.39h
2026-08-18 03:16:03 FIT model.layers.15.mlp.gate_proj.weight :: awq_p1.0 bpw=3.4800 rel_err=0.2383 wrel_err=0.1810 t=6.80s [548/980] ETA=1.38h
2026-08-18 03:16:15 FIT model.layers.15.mlp.gate_proj.weight :: awq_p2.0 bpw=3.9600 rel_err=0.2284 wrel_err=0.1729 t=11.71s [549/980] ETA=1.38h
2026-08-18 03:16:15 SKIP cached model.layers.15.mlp.gate_proj.weight :: rtn4
2026-08-18 03:17:09 FIT model.layers.15.mlp.up_proj.weight :: seed_only bpw=3.0000 rel_err=0.2480 wrel_err=0.2072 t=54.24s [551/980] ETA=1.38h
2026-08-18 03:17:14 FIT model.layers.15.mlp.up_proj.weight :: awq_p0.5 bpw=3.2400 rel_err=0.2439 wrel_err=0.2032 t=4.12s [552/980] ETA=1.38h
2026-08-18 03:17:21 FIT model.layers.15.mlp.up_proj.weight :: awq_p1.0 bpw=3.4800 rel_err=0.2390 wrel_err=0.1986 t=6.90s [553/980] ETA=1.37h
2026-08-18 03:17:33 FIT model.layers.15.mlp.up_proj.weight :: awq_p2.0 bpw=3.9600 rel_err=0.2298 wrel_err=0.1904 t=12.06s [554/980] ETA=1.37h
2026-08-18 03:17:33 SKIP cached model.layers.15.mlp.up_proj.weight :: rtn4
2026-08-18 03:18:28 FIT model.layers.15.mlp.down_proj.weight :: seed_only bpw=3.0000 rel_err=0.2777 wrel_err=0.1689 t=54.24s [556/980] ETA=1.38h
2026-08-18 03:18:32 FIT model.layers.15.mlp.down_proj.weight :: awq_p0.5 bpw=3.2400 rel_err=0.2742 wrel_err=0.1659 t=4.14s [557/980] ETA=1.37h
2026-08-18 03:18:39 FIT model.layers.15.mlp.down_proj.weight :: awq_p1.0 bpw=3.4800 rel_err=0.2716 wrel_err=0.1637 t=7.08s [558/980] ETA=1.37h
2026-08-18 03:18:52 FIT model.layers.15.mlp.down_proj.weight :: awq_p2.0 bpw=3.9600 rel_err=0.2667 wrel_err=0.1597 t=12.40s [559/980] ETA=1.36h
2026-08-18 03:18:52 SKIP cached model.layers.15.mlp.down_proj.weight :: rtn4
2026-08-18 03:19:11 FIT model.layers.16.self_attn.q_proj.weight :: seed_only bpw=3.0000 rel_err=0.2594 wrel_err=0.1372 t=18.94s [561/980] ETA=1.36h
2026-08-18 03:19:14 FIT model.layers.16.self_attn.q_proj.weight :: awq_p0.5 bpw=3.2400 rel_err=0.2530 wrel_err=0.1328 t=2.14s [562/980] ETA=1.35h
2026-08-18 03:19:17 FIT model.layers.16.self_attn.q_proj.weight :: awq_p1.0 bpw=3.4800 rel_err=0.2439 wrel_err=0.1274 t=2.89s [563/980] ETA=1.35h
2026-08-18 03:19:21 FIT model.layers.16.self_attn.q_proj.weight :: awq_p2.0 bpw=3.9600 rel_err=0.2289 wrel_err=0.1189 t=4.05s [564/980] ETA=1.34h
2026-08-18 03:19:21 SKIP cached model.layers.16.self_attn.q_proj.weight :: rtn4
2026-08-18 03:19:31 FIT model.layers.16.self_attn.k_proj.weight :: seed_only bpw=3.0000 rel_err=0.2605 wrel_err=0.1184 t=9.88s [566/980] ETA=1.34h
2026-08-18 03:19:32 FIT model.layers.16.self_attn.k_proj.weight :: awq_p0.5 bpw=3.2400 rel_err=0.2521 wrel_err=0.1138 t=1.45s [567/980] ETA=1.33h
2026-08-18 03:19:34 FIT model.layers.16.self_attn.k_proj.weight :: awq_p1.0 bpw=3.4800 rel_err=0.2465 wrel_err=0.1107 t=2.11s [568/980] ETA=1.32h
2026-08-18 03:19:37 FIT model.layers.16.self_attn.k_proj.weight :: awq_p2.0 bpw=3.9600 rel_err=0.2357 wrel_err=0.1053 t=2.81s [569/980] ETA=1.32h
2026-08-18 03:19:37 SKIP cached model.layers.16.self_attn.k_proj.weight :: rtn4
2026-08-18 03:19:47 FIT model.layers.16.self_attn.v_proj.weight :: seed_only bpw=3.0000 rel_err=0.2604 wrel_err=0.2002 t=9.89s [571/980] ETA=1.31h
2026-08-18 03:19:49 FIT model.layers.16.self_attn.v_proj.weight :: awq_p0.5 bpw=3.2400 rel_err=0.2576 wrel_err=0.1974 t=1.61s [572/980] ETA=1.31h
2026-08-18 03:19:51 FIT model.layers.16.self_attn.v_proj.weight :: awq_p1.0 bpw=3.4800 rel_err=0.2532 wrel_err=0.1935 t=2.12s [573/980] ETA=1.30h
2026-08-18 03:19:54 FIT model.layers.16.self_attn.v_proj.weight :: awq_p2.0 bpw=3.9600 rel_err=0.2444 wrel_err=0.1859 t=2.92s [574/980] ETA=1.30h
2026-08-18 03:19:54 SKIP cached model.layers.16.self_attn.v_proj.weight :: rtn4
2026-08-18 03:20:14 FIT model.layers.16.self_attn.o_proj.weight :: seed_only bpw=3.0000 rel_err=0.2729 wrel_err=0.1673 t=18.94s [576/980] ETA=1.29h
2026-08-18 03:20:15 FIT model.layers.16.self_attn.o_proj.weight :: awq_p0.5 bpw=3.2400 rel_err=0.2697 wrel_err=0.1627 t=1.69s [577/980] ETA=1.29h
2026-08-18 03:20:18 FIT model.layers.16.self_attn.o_proj.weight :: awq_p1.0 bpw=3.4800 rel_err=0.2665 wrel_err=0.1582 t=2.62s [578/980] ETA=1.28h
2026-08-18 03:20:22 FIT model.layers.16.self_attn.o_proj.weight :: awq_p2.0 bpw=3.9600 rel_err=0.2606 wrel_err=0.1494 t=4.09s [579/980] ETA=1.28h
2026-08-18 03:20:22 SKIP cached model.layers.16.self_attn.o_proj.weight :: rtn4
2026-08-18 03:21:17 FIT model.layers.16.mlp.gate_proj.weight :: seed_only bpw=3.0000 rel_err=0.2486 wrel_err=0.1867 t=54.24s [581/980] ETA=1.28h
2026-08-18 03:21:21 FIT model.layers.16.mlp.gate_proj.weight :: awq_p0.5 bpw=3.2400 rel_err=0.2432 wrel_err=0.1819 t=4.11s [582/980] ETA=1.27h
2026-08-18 03:21:28 FIT model.layers.16.mlp.gate_proj.weight :: awq_p1.0 bpw=3.4800 rel_err=0.2386 wrel_err=0.1780 t=6.85s [583/980] ETA=1.27h
2026-08-18 03:21:41 FIT model.layers.16.mlp.gate_proj.weight :: awq_p2.0 bpw=3.9600 rel_err=0.2296 wrel_err=0.1706 t=11.84s [584/980] ETA=1.27h
2026-08-18 03:21:41 SKIP cached model.layers.16.mlp.gate_proj.weight :: rtn4
2026-08-18 03:22:35 FIT model.layers.16.mlp.up_proj.weight :: seed_only bpw=3.0000 rel_err=0.2482 wrel_err=0.2039 t=54.24s [586/980] ETA=1.27h
2026-08-18 03:22:40 FIT model.layers.16.mlp.up_proj.weight :: awq_p0.5 bpw=3.2400 rel_err=0.2435 wrel_err=0.1995 t=4.12s [587/980] ETA=1.27h
2026-08-18 03:22:47 FIT model.layers.16.mlp.up_proj.weight :: awq_p1.0 bpw=3.4800 rel_err=0.2390 wrel_err=0.1954 t=6.91s [588/980] ETA=1.26h
2026-08-18 03:22:59 FIT model.layers.16.mlp.up_proj.weight :: awq_p2.0 bpw=3.9600 rel_err=0.2303 wrel_err=0.1876 t=12.13s [589/980] ETA=1.26h
2026-08-18 03:22:59 SKIP cached model.layers.16.mlp.up_proj.weight :: rtn4
2026-08-18 03:23:54 FIT model.layers.16.mlp.down_proj.weight :: seed_only bpw=3.0000 rel_err=0.2989 wrel_err=0.1330 t=54.24s [591/980] ETA=1.26h
2026-08-18 03:23:58 FIT model.layers.16.mlp.down_proj.weight :: awq_p0.5 bpw=3.2400 rel_err=0.2912 wrel_err=0.1285 t=4.04s [592/980] ETA=1.26h
2026-08-18 03:24:05 FIT model.layers.16.mlp.down_proj.weight :: awq_p1.0 bpw=3.4800 rel_err=0.2891 wrel_err=0.1271 t=7.04s [593/980] ETA=1.25h
2026-08-18 03:24:18 FIT model.layers.16.mlp.down_proj.weight :: awq_p2.0 bpw=3.9600 rel_err=0.2853 wrel_err=0.1245 t=12.47s [594/980] ETA=1.25h
2026-08-18 03:24:18 SKIP cached model.layers.16.mlp.down_proj.weight :: rtn4
2026-08-18 03:24:37 FIT model.layers.17.self_attn.q_proj.weight :: seed_only bpw=3.0000 rel_err=0.2630 wrel_err=0.1366 t=18.94s [596/980] ETA=1.25h
2026-08-18 03:24:40 FIT model.layers.17.self_attn.q_proj.weight :: awq_p0.5 bpw=3.2400 rel_err=0.2579 wrel_err=0.1330 t=2.15s [597/980] ETA=1.24h
2026-08-18 03:24:43 FIT model.layers.17.self_attn.q_proj.weight :: awq_p1.0 bpw=3.4800 rel_err=0.2500 wrel_err=0.1284 t=2.92s [598/980] ETA=1.23h
2026-08-18 03:24:47 FIT model.layers.17.self_attn.q_proj.weight :: awq_p2.0 bpw=3.9600 rel_err=0.2375 wrel_err=0.1213 t=4.17s [599/980] ETA=1.23h
2026-08-18 03:24:47 SKIP cached model.layers.17.self_attn.q_proj.weight :: rtn4
2026-08-18 03:24:57 FIT model.layers.17.self_attn.k_proj.weight :: seed_only bpw=3.0000 rel_err=0.2638 wrel_err=0.1061 t=9.89s [601/980] ETA=1.22h
2026-08-18 03:24:58 FIT model.layers.17.self_attn.k_proj.weight :: awq_p0.5 bpw=3.2400 rel_err=0.2593 wrel_err=0.1036 t=1.06s [602/980] ETA=1.22h
2026-08-18 03:25:00 FIT model.layers.17.self_attn.k_proj.weight :: awq_p1.0 bpw=3.4800 rel_err=0.2566 wrel_err=0.1021 t=2.00s [603/980] ETA=1.21h
2026-08-18 03:25:03 FIT model.layers.17.self_attn.k_proj.weight :: awq_p2.0 bpw=3.9600 rel_err=0.2482 wrel_err=0.0981 t=2.92s [604/980] ETA=1.21h
2026-08-18 03:25:03 SKIP cached model.layers.17.self_attn.k_proj.weight :: rtn4
2026-08-18 03:25:13 FIT model.layers.17.self_attn.v_proj.weight :: seed_only bpw=3.0000 rel_err=0.2639 wrel_err=0.2061 t=9.88s [606/980] ETA=1.20h
2026-08-18 03:25:15 FIT model.layers.17.self_attn.v_proj.weight :: awq_p0.5 bpw=3.2400 rel_err=0.2593 wrel_err=0.2017 t=1.66s [607/980] ETA=1.20h
2026-08-18 03:25:17 FIT model.layers.17.self_attn.v_proj.weight :: awq_p1.0 bpw=3.4800 rel_err=0.2543 wrel_err=0.1972 t=2.09s [608/980] ETA=1.19h
2026-08-18 03:25:20 FIT model.layers.17.self_attn.v_proj.weight :: awq_p2.0 bpw=3.9600 rel_err=0.2451 wrel_err=0.1891 t=2.88s [609/980] ETA=1.19h
2026-08-18 03:25:20 SKIP cached model.layers.17.self_attn.v_proj.weight :: rtn4
2026-08-18 03:25:39 FIT model.layers.17.self_attn.o_proj.weight :: seed_only bpw=3.0000 rel_err=0.2550 wrel_err=0.1942 t=18.94s [611/980] ETA=1.18h
2026-08-18 03:25:41 FIT model.layers.17.self_attn.o_proj.weight :: awq_p0.5 bpw=3.2400 rel_err=0.2496 wrel_err=0.1840 t=1.72s [612/980] ETA=1.18h
2026-08-18 03:25:44 FIT model.layers.17.self_attn.o_proj.weight :: awq_p1.0 bpw=3.4800 rel_err=0.2460 wrel_err=0.1779 t=2.57s [613/980] ETA=1.17h
2026-08-18 03:25:48 FIT model.layers.17.self_attn.o_proj.weight :: awq_p2.0 bpw=3.9600 rel_err=0.2397 wrel_err=0.1681 t=4.02s [614/980] ETA=1.17h
2026-08-18 03:25:48 SKIP cached model.layers.17.self_attn.o_proj.weight :: rtn4
2026-08-18 03:26:42 FIT model.layers.17.mlp.gate_proj.weight :: seed_only bpw=3.0000 rel_err=0.2508 wrel_err=0.1812 t=54.24s [616/980] ETA=1.17h
2026-08-18 03:26:46 FIT model.layers.17.mlp.gate_proj.weight :: awq_p0.5 bpw=3.2400 rel_err=0.2447 wrel_err=0.1762 t=4.08s [617/980] ETA=1.16h
2026-08-18 03:26:53 FIT model.layers.17.mlp.gate_proj.weight :: awq_p1.0 bpw=3.4800 rel_err=0.2403 wrel_err=0.1726 t=6.88s [618/980] ETA=1.16h
2026-08-18 03:27:05 FIT model.layers.17.mlp.gate_proj.weight :: awq_p2.0 bpw=3.9600 rel_err=0.2321 wrel_err=0.1659 t=11.94s [619/980] ETA=1.16h
2026-08-18 03:27:06 SKIP cached model.layers.17.mlp.gate_proj.weight :: rtn4
2026-08-18 03:28:00 FIT model.layers.17.mlp.up_proj.weight :: seed_only bpw=3.0000 rel_err=0.2499 wrel_err=0.1988 t=54.24s [621/980] ETA=1.16h
2026-08-18 03:28:04 FIT model.layers.17.mlp.up_proj.weight :: awq_p0.5 bpw=3.2400 rel_err=0.2464 wrel_err=0.1954 t=4.14s [622/980] ETA=1.15h
2026-08-18 03:28:12 FIT model.layers.17.mlp.up_proj.weight :: awq_p1.0 bpw=3.4800 rel_err=0.2423 wrel_err=0.1917 t=6.95s [623/980] ETA=1.15h
2026-08-18 03:28:24 FIT model.layers.17.mlp.up_proj.weight :: awq_p2.0 bpw=3.9600 rel_err=0.2340 wrel_err=0.1845 t=12.15s [624/980] ETA=1.15h
2026-08-18 03:28:24 SKIP cached model.layers.17.mlp.up_proj.weight :: rtn4
2026-08-18 03:29:19 FIT model.layers.17.mlp.down_proj.weight :: seed_only bpw=3.0000 rel_err=0.2889 wrel_err=0.1503 t=54.24s [626/980] ETA=1.15h
2026-08-18 03:29:23 FIT model.layers.17.mlp.down_proj.weight :: awq_p0.5 bpw=3.2400 rel_err=0.2854 wrel_err=0.1477 t=4.06s [627/980] ETA=1.14h
2026-08-18 03:29:30 FIT model.layers.17.mlp.down_proj.weight :: awq_p1.0 bpw=3.4800 rel_err=0.2830 wrel_err=0.1459 t=7.03s [628/980] ETA=1.14h
2026-08-18 03:29:42 FIT model.layers.17.mlp.down_proj.weight :: awq_p2.0 bpw=3.9600 rel_err=0.2787 wrel_err=0.1427 t=12.37s [629/980] ETA=1.14h
2026-08-18 03:29:43 SKIP cached model.layers.17.mlp.down_proj.weight :: rtn4
2026-08-18 03:30:02 FIT model.layers.18.self_attn.q_proj.weight :: seed_only bpw=3.0000 rel_err=0.2598 wrel_err=0.1428 t=18.94s [631/980] ETA=1.13h
2026-08-18 03:30:04 FIT model.layers.18.self_attn.q_proj.weight :: awq_p0.5 bpw=3.2400 rel_err=0.2551 wrel_err=0.1392 t=2.12s [632/980] ETA=1.13h
2026-08-18 03:30:07 FIT model.layers.18.self_attn.q_proj.weight :: awq_p1.0 bpw=3.4800 rel_err=0.2477 wrel_err=0.1346 t=2.91s [633/980] ETA=1.12h
2026-08-18 03:30:11 FIT model.layers.18.self_attn.q_proj.weight :: awq_p2.0 bpw=3.9600 rel_err=0.2345 wrel_err=0.1269 t=4.13s [634/980] ETA=1.12h
2026-08-18 03:30:11 SKIP cached model.layers.18.self_attn.q_proj.weight :: rtn4
2026-08-18 03:30:21 FIT model.layers.18.self_attn.k_proj.weight :: seed_only bpw=3.0000 rel_err=0.2606 wrel_err=0.1265 t=9.89s [636/980] ETA=1.11h
2026-08-18 03:30:23 FIT model.layers.18.self_attn.k_proj.weight :: awq_p0.5 bpw=3.2400 rel_err=0.2565 wrel_err=0.1237 t=1.25s [637/980] ETA=1.10h
2026-08-18 03:30:25 FIT model.layers.18.self_attn.k_proj.weight :: awq_p1.0 bpw=3.4800 rel_err=0.2534 wrel_err=0.1217 t=2.04s [638/980] ETA=1.10h
2026-08-18 03:30:28 FIT model.layers.18.self_attn.k_proj.weight :: awq_p2.0 bpw=3.9600 rel_err=0.2456 wrel_err=0.1172 t=2.90s [639/980] ETA=1.10h
2026-08-18 03:30:28 SKIP cached model.layers.18.self_attn.k_proj.weight :: rtn4
2026-08-18 03:30:38 FIT model.layers.18.self_attn.v_proj.weight :: seed_only bpw=3.0000 rel_err=0.2623 wrel_err=0.1988 t=9.89s [641/980] ETA=1.09h
2026-08-18 03:30:39 FIT model.layers.18.self_attn.v_proj.weight :: awq_p0.5 bpw=3.2400 rel_err=0.2595 wrel_err=0.1959 t=1.55s [642/980] ETA=1.08h
2026-08-18 03:30:41 FIT model.layers.18.self_attn.v_proj.weight :: awq_p1.0 bpw=3.4800 rel_err=0.2562 wrel_err=0.1930 t=2.09s [643/980] ETA=1.08h
2026-08-18 03:30:44 FIT model.layers.18.self_attn.v_proj.weight :: awq_p2.0 bpw=3.9600 rel_err=0.2493 wrel_err=0.1869 t=2.93s [644/980] ETA=1.07h
2026-08-18 03:30:44 SKIP cached model.layers.18.self_attn.v_proj.weight :: rtn4
2026-08-18 03:31:04 FIT model.layers.18.self_attn.o_proj.weight :: seed_only bpw=3.0000 rel_err=0.2609 wrel_err=0.1896 t=18.94s [646/980] ETA=1.07h
2026-08-18 03:31:05 FIT model.layers.18.self_attn.o_proj.weight :: awq_p0.5 bpw=3.2400 rel_err=0.2560 wrel_err=0.1823 t=1.77s [647/980] ETA=1.06h
2026-08-18 03:31:08 FIT model.layers.18.self_attn.o_proj.weight :: awq_p1.0 bpw=3.4800 rel_err=0.2527 wrel_err=0.1779 t=2.73s [648/980] ETA=1.06h
2026-08-18 03:31:13 FIT model.layers.18.self_attn.o_proj.weight :: awq_p2.0 bpw=3.9600 rel_err=0.2466 wrel_err=0.1700 t=4.33s [649/980] ETA=1.05h
2026-08-18 03:31:13 SKIP cached model.layers.18.self_attn.o_proj.weight :: rtn4
2026-08-18 03:32:07 FIT model.layers.18.mlp.gate_proj.weight :: seed_only bpw=3.0000 rel_err=0.2483 wrel_err=0.1843 t=54.24s [651/980] ETA=1.06h
2026-08-18 03:32:11 FIT model.layers.18.mlp.gate_proj.weight :: awq_p0.5 bpw=3.2400 rel_err=0.2423 wrel_err=0.1791 t=4.09s [652/980] ETA=1.05h
2026-08-18 03:32:18 FIT model.layers.18.mlp.gate_proj.weight :: awq_p1.0 bpw=3.4800 rel_err=0.2377 wrel_err=0.1752 t=6.90s [653/980] ETA=1.05h
2026-08-18 03:32:30 FIT model.layers.18.mlp.gate_proj.weight :: awq_p2.0 bpw=3.9600 rel_err=0.2291 wrel_err=0.1681 t=11.95s [654/980] ETA=1.04h
2026-08-18 03:32:31 SKIP cached model.layers.18.mlp.gate_proj.weight :: rtn4
2026-08-18 03:33:25 FIT model.layers.18.mlp.up_proj.weight :: seed_only bpw=3.0000 rel_err=0.2476 wrel_err=0.2002 t=54.24s [656/980] ETA=1.05h
2026-08-18 03:33:29 FIT model.layers.18.mlp.up_proj.weight :: awq_p0.5 bpw=3.2400 rel_err=0.2437 wrel_err=0.1963 t=4.13s [657/980] ETA=1.04h
2026-08-18 03:33:37 FIT model.layers.18.mlp.up_proj.weight :: awq_p1.0 bpw=3.4800 rel_err=0.2393 wrel_err=0.1924 t=6.94s [658/980] ETA=1.04h
2026-08-18 03:33:49 FIT model.layers.18.mlp.up_proj.weight :: awq_p2.0 bpw=3.9600 rel_err=0.2308 wrel_err=0.1849 t=12.13s [659/980] ETA=1.03h
2026-08-18 03:33:49 SKIP cached model.layers.18.mlp.up_proj.weight :: rtn4
2026-08-18 03:34:44 FIT model.layers.18.mlp.down_proj.weight :: seed_only bpw=3.0000 rel_err=0.3059 wrel_err=0.1455 t=54.25s [661/980] ETA=1.03h
2026-08-18 03:34:48 FIT model.layers.18.mlp.down_proj.weight :: awq_p0.5 bpw=3.2400 rel_err=0.3024 wrel_err=0.1430 t=4.09s [662/980] ETA=1.03h
2026-08-18 03:34:55 FIT model.layers.18.mlp.down_proj.weight :: awq_p1.0 bpw=3.4800 rel_err=0.3001 wrel_err=0.1413 t=7.12s [663/980] ETA=1.03h
2026-08-18 03:35:08 FIT model.layers.18.mlp.down_proj.weight :: awq_p2.0 bpw=3.9600 rel_err=0.2959 wrel_err=0.1381 t=12.52s [664/980] ETA=1.02h
2026-08-18 03:35:08 SKIP cached model.layers.18.mlp.down_proj.weight :: rtn4
2026-08-18 03:35:27 FIT model.layers.19.self_attn.q_proj.weight :: seed_only bpw=3.0000 rel_err=0.2546 wrel_err=0.1552 t=18.95s [666/980] ETA=1.02h
2026-08-18 03:35:29 FIT model.layers.19.self_attn.q_proj.weight :: awq_p0.5 bpw=3.2400 rel_err=0.2495 wrel_err=0.1509 t=2.09s [667/980] ETA=1.01h
2026-08-18 03:35:32 FIT model.layers.19.self_attn.q_proj.weight :: awq_p1.0 bpw=3.4800 rel_err=0.2408 wrel_err=0.1450 t=2.88s [668/980] ETA=1.01h
2026-08-18 03:35:37 FIT model.layers.19.self_attn.q_proj.weight :: awq_p2.0 bpw=3.9600 rel_err=0.2256 wrel_err=0.1354 t=4.05s [669/980] ETA=1.00h
2026-08-18 03:35:37 SKIP cached model.layers.19.self_attn.q_proj.weight :: rtn4
2026-08-18 03:35:47 FIT model.layers.19.self_attn.k_proj.weight :: seed_only bpw=3.0000 rel_err=0.2552 wrel_err=0.1317 t=9.89s [671/980] ETA=1.00h
2026-08-18 03:35:48 FIT model.layers.19.self_attn.k_proj.weight :: awq_p0.5 bpw=3.2400 rel_err=0.2503 wrel_err=0.1285 t=1.15s [672/980] ETA=0.99h
2026-08-18 03:35:50 FIT model.layers.19.self_attn.k_proj.weight :: awq_p1.0 bpw=3.4800 rel_err=0.2475 wrel_err=0.1265 t=1.97s [673/980] ETA=0.99h
2026-08-18 03:35:53 FIT model.layers.19.self_attn.k_proj.weight :: awq_p2.0 bpw=3.9600 rel_err=0.2402 wrel_err=0.1220 t=2.93s [674/980] ETA=0.98h
2026-08-18 03:35:53 SKIP cached model.layers.19.self_attn.k_proj.weight :: rtn4
2026-08-18 03:36:03 FIT model.layers.19.self_attn.v_proj.weight :: seed_only bpw=3.0000 rel_err=0.2572 wrel_err=0.2064 t=9.89s [676/980] ETA=0.98h
2026-08-18 03:36:05 FIT model.layers.19.self_attn.v_proj.weight :: awq_p0.5 bpw=3.2400 rel_err=0.2515 wrel_err=0.2011 t=1.56s [677/980] ETA=0.97h
2026-08-18 03:36:07 FIT model.layers.19.self_attn.v_proj.weight :: awq_p1.0 bpw=3.4800 rel_err=0.2466 wrel_err=0.1967 t=2.11s [678/980] ETA=0.97h
2026-08-18 03:36:10 FIT model.layers.19.self_attn.v_proj.weight :: awq_p2.0 bpw=3.9600 rel_err=0.2379 wrel_err=0.1890 t=2.92s [679/980] ETA=0.96h
2026-08-18 03:36:10 SKIP cached model.layers.19.self_attn.v_proj.weight :: rtn4
2026-08-18 03:36:29 FIT model.layers.19.self_attn.o_proj.weight :: seed_only bpw=3.0000 rel_err=0.2828 wrel_err=0.1936 t=18.94s [681/980] ETA=0.96h
2026-08-18 03:36:31 FIT model.layers.19.self_attn.o_proj.weight :: awq_p0.5 bpw=3.2400 rel_err=0.2786 wrel_err=0.1833 t=1.70s [682/980] ETA=0.95h
2026-08-18 03:36:34 FIT model.layers.19.self_attn.o_proj.weight :: awq_p1.0 bpw=3.4800 rel_err=0.2758 wrel_err=0.1772 t=2.56s [683/980] ETA=0.95h
2026-08-18 03:36:38 FIT model.layers.19.self_attn.o_proj.weight :: awq_p2.0 bpw=3.9600 rel_err=0.2708 wrel_err=0.1675 t=3.95s [684/980] ETA=0.94h
2026-08-18 03:36:38 SKIP cached model.layers.19.self_attn.o_proj.weight :: rtn4
2026-08-18 03:37:32 FIT model.layers.19.mlp.gate_proj.weight :: seed_only bpw=3.0000 rel_err=0.2496 wrel_err=0.1848 t=54.25s [686/980] ETA=0.94h
2026-08-18 03:37:36 FIT model.layers.19.mlp.gate_proj.weight :: awq_p0.5 bpw=3.2400 rel_err=0.2425 wrel_err=0.1788 t=4.02s [687/980] ETA=0.94h
2026-08-18 03:37:44 FIT model.layers.19.mlp.gate_proj.weight :: awq_p1.0 bpw=3.4800 rel_err=0.2378 wrel_err=0.1748 t=6.89s [688/980] ETA=0.94h
2026-08-18 03:37:56 FIT model.layers.19.mlp.gate_proj.weight :: awq_p2.0 bpw=3.9600 rel_err=0.2294 wrel_err=0.1679 t=11.88s [689/980] ETA=0.93h
2026-08-18 03:37:56 SKIP cached model.layers.19.mlp.gate_proj.weight :: rtn4
2026-08-18 03:38:50 FIT model.layers.19.mlp.up_proj.weight :: seed_only bpw=3.0000 rel_err=0.2485 wrel_err=0.2013 t=54.24s [691/980] ETA=0.93h
2026-08-18 03:38:55 FIT model.layers.19.mlp.up_proj.weight :: awq_p0.5 bpw=3.2400 rel_err=0.2435 wrel_err=0.1966 t=4.12s [692/980] ETA=0.93h
2026-08-18 03:39:02 FIT model.layers.19.mlp.up_proj.weight :: awq_p1.0 bpw=3.4800 rel_err=0.2393 wrel_err=0.1927 t=6.92s [693/980] ETA=0.92h
2026-08-18 03:39:14 FIT model.layers.19.mlp.up_proj.weight :: awq_p2.0 bpw=3.9600 rel_err=0.2310 wrel_err=0.1854 t=12.09s [694/980] ETA=0.92h
2026-08-18 03:39:14 SKIP cached model.layers.19.mlp.up_proj.weight :: rtn4
2026-08-18 03:40:09 FIT model.layers.19.mlp.down_proj.weight :: seed_only bpw=3.0000 rel_err=0.3297 wrel_err=0.1335 t=54.24s [696/980] ETA=0.92h
2026-08-18 03:40:13 FIT model.layers.19.mlp.down_proj.weight :: awq_p0.5 bpw=3.2400 rel_err=0.3253 wrel_err=0.1307 t=4.03s [697/980] ETA=0.92h
2026-08-18 03:40:20 FIT model.layers.19.mlp.down_proj.weight :: awq_p1.0 bpw=3.4800 rel_err=0.3230 wrel_err=0.1291 t=7.02s [698/980] ETA=0.91h
2026-08-18 03:40:33 FIT model.layers.19.mlp.down_proj.weight :: awq_p2.0 bpw=3.9600 rel_err=0.3188 wrel_err=0.1263 t=12.40s [699/980] ETA=0.91h
2026-08-18 03:40:33 SKIP cached model.layers.19.mlp.down_proj.weight :: rtn4
2026-08-18 03:40:52 FIT model.layers.20.self_attn.q_proj.weight :: seed_only bpw=3.0000 rel_err=0.2610 wrel_err=0.1555 t=18.94s [701/980] ETA=0.90h
2026-08-18 03:40:54 FIT model.layers.20.self_attn.q_proj.weight :: awq_p0.5 bpw=3.2400 rel_err=0.2558 wrel_err=0.1512 t=2.08s [702/980] ETA=0.90h
2026-08-18 03:40:57 FIT model.layers.20.self_attn.q_proj.weight :: awq_p1.0 bpw=3.4800 rel_err=0.2481 wrel_err=0.1460 t=2.90s [703/980] ETA=0.90h
2026-08-18 03:41:01 FIT model.layers.20.self_attn.q_proj.weight :: awq_p2.0 bpw=3.9600 rel_err=0.2336 wrel_err=0.1369 t=4.09s [704/980] ETA=0.89h
2026-08-18 03:41:01 SKIP cached model.layers.20.self_attn.q_proj.weight :: rtn4
2026-08-18 03:41:11 FIT model.layers.20.self_attn.k_proj.weight :: seed_only bpw=3.0000 rel_err=0.2615 wrel_err=0.1359 t=9.89s [706/980] ETA=0.88h
2026-08-18 03:41:13 FIT model.layers.20.self_attn.k_proj.weight :: awq_p0.5 bpw=3.2400 rel_err=0.2556 wrel_err=0.1319 t=1.34s [707/980] ETA=0.88h
2026-08-18 03:41:15 FIT model.layers.20.self_attn.k_proj.weight :: awq_p1.0 bpw=3.4800 rel_err=0.2526 wrel_err=0.1298 t=2.02s [708/980] ETA=0.88h
2026-08-18 03:41:18 FIT model.layers.20.self_attn.k_proj.weight :: awq_p2.0 bpw=3.9600 rel_err=0.2462 wrel_err=0.1258 t=2.90s [709/980] ETA=0.87h
2026-08-18 03:41:18 SKIP cached model.layers.20.self_attn.k_proj.weight :: rtn4
2026-08-18 03:41:28 FIT model.layers.20.self_attn.v_proj.weight :: seed_only bpw=3.0000 rel_err=0.2638 wrel_err=0.1971 t=9.89s [711/980] ETA=0.86h
2026-08-18 03:41:29 FIT model.layers.20.self_attn.v_proj.weight :: awq_p0.5 bpw=3.2400 rel_err=0.2555 wrel_err=0.1902 t=1.58s [712/980] ETA=0.86h
2026-08-18 03:41:32 FIT model.layers.20.self_attn.v_proj.weight :: awq_p1.0 bpw=3.4800 rel_err=0.2501 wrel_err=0.1857 t=2.06s [713/980] ETA=0.86h
2026-08-18 03:41:35 FIT model.layers.20.self_attn.v_proj.weight :: awq_p2.0 bpw=3.9600 rel_err=0.2420 wrel_err=0.1786 t=2.91s [714/980] ETA=0.85h
2026-08-18 03:41:35 SKIP cached model.layers.20.self_attn.v_proj.weight :: rtn4
2026-08-18 03:41:54 FIT model.layers.20.self_attn.o_proj.weight :: seed_only bpw=3.0000 rel_err=0.2721 wrel_err=0.1885 t=18.94s [716/980] ETA=0.85h
2026-08-18 03:41:56 FIT model.layers.20.self_attn.o_proj.weight :: awq_p0.5 bpw=3.2400 rel_err=0.2666 wrel_err=0.1792 t=1.78s [717/980] ETA=0.84h
2026-08-18 03:41:58 FIT model.layers.20.self_attn.o_proj.weight :: awq_p1.0 bpw=3.4800 rel_err=0.2632 wrel_err=0.1746 t=2.73s [718/980] ETA=0.84h
2026-08-18 03:42:03 FIT model.layers.20.self_attn.o_proj.weight :: awq_p2.0 bpw=3.9600 rel_err=0.2573 wrel_err=0.1671 t=4.34s [719/980] ETA=0.83h
2026-08-18 03:42:03 SKIP cached model.layers.20.self_attn.o_proj.weight :: rtn4
2026-08-18 03:42:57 FIT model.layers.20.mlp.gate_proj.weight :: seed_only bpw=3.0000 rel_err=0.2476 wrel_err=0.1863 t=54.24s [721/980] ETA=0.83h
2026-08-18 03:43:02 FIT model.layers.20.mlp.gate_proj.weight :: awq_p0.5 bpw=3.2400 rel_err=0.2416 wrel_err=0.1811 t=4.07s [722/980] ETA=0.83h
2026-08-18 03:43:09 FIT model.layers.20.mlp.gate_proj.weight :: awq_p1.0 bpw=3.4800 rel_err=0.2371 wrel_err=0.1772 t=6.94s [723/980] ETA=0.82h
2026-08-18 03:43:21 FIT model.layers.20.mlp.gate_proj.weight :: awq_p2.0 bpw=3.9600 rel_err=0.2289 wrel_err=0.1704 t=12.02s [724/980] ETA=0.82h
2026-08-18 03:43:21 SKIP cached model.layers.20.mlp.gate_proj.weight :: rtn4
2026-08-18 03:44:16 FIT model.layers.20.mlp.up_proj.weight :: seed_only bpw=3.0000 rel_err=0.2467 wrel_err=0.2035 t=54.24s [726/980] ETA=0.82h
2026-08-18 03:44:20 FIT model.layers.20.mlp.up_proj.weight :: awq_p0.5 bpw=3.2400 rel_err=0.2421 wrel_err=0.1990 t=4.13s [727/980] ETA=0.82h
2026-08-18 03:44:27 FIT model.layers.20.mlp.up_proj.weight :: awq_p1.0 bpw=3.4800 rel_err=0.2380 wrel_err=0.1952 t=6.97s [728/980] ETA=0.81h
2026-08-18 03:44:40 FIT model.layers.20.mlp.up_proj.weight :: awq_p2.0 bpw=3.9600 rel_err=0.2300 wrel_err=0.1880 t=12.19s [729/980] ETA=0.81h
2026-08-18 03:44:40 SKIP cached model.layers.20.mlp.up_proj.weight :: rtn4
2026-08-18 03:45:34 FIT model.layers.20.mlp.down_proj.weight :: seed_only bpw=3.0000 rel_err=0.3384 wrel_err=0.1306 t=54.25s [731/980] ETA=0.81h
2026-08-18 03:45:39 FIT model.layers.20.mlp.down_proj.weight :: awq_p0.5 bpw=3.2400 rel_err=0.3345 wrel_err=0.1282 t=4.05s [732/980] ETA=0.80h
2026-08-18 03:45:46 FIT model.layers.20.mlp.down_proj.weight :: awq_p1.0 bpw=3.4800 rel_err=0.3320 wrel_err=0.1266 t=7.05s [733/980] ETA=0.80h
2026-08-18 03:45:58 FIT model.layers.20.mlp.down_proj.weight :: awq_p2.0 bpw=3.9600 rel_err=0.3274 wrel_err=0.1237 t=12.45s [734/980] ETA=0.80h
2026-08-18 03:45:59 SKIP cached model.layers.20.mlp.down_proj.weight :: rtn4
2026-08-18 03:46:18 FIT model.layers.21.self_attn.q_proj.weight :: seed_only bpw=3.0000 rel_err=0.2578 wrel_err=0.1594 t=18.95s [736/980] ETA=0.79h
2026-08-18 03:46:20 FIT model.layers.21.self_attn.q_proj.weight :: awq_p0.5 bpw=3.2400 rel_err=0.2538 wrel_err=0.1559 t=2.04s [737/980] ETA=0.79h
2026-08-18 03:46:23 FIT model.layers.21.self_attn.q_proj.weight :: awq_p1.0 bpw=3.4800 rel_err=0.2476 wrel_err=0.1515 t=2.97s [738/980] ETA=0.78h
2026-08-18 03:46:27 FIT model.layers.21.self_attn.q_proj.weight :: awq_p2.0 bpw=3.9600 rel_err=0.2346 wrel_err=0.1430 t=4.30s [739/980] ETA=0.78h
2026-08-18 03:46:27 SKIP cached model.layers.21.self_attn.q_proj.weight :: rtn4
2026-08-18 03:46:37 FIT model.layers.21.self_attn.k_proj.weight :: seed_only bpw=3.0000 rel_err=0.2579 wrel_err=0.1447 t=9.89s [741/980] ETA=0.77h
2026-08-18 03:46:39 FIT model.layers.21.self_attn.k_proj.weight :: awq_p0.5 bpw=3.2400 rel_err=0.2534 wrel_err=0.1413 t=1.28s [742/980] ETA=0.77h
2026-08-18 03:46:41 FIT model.layers.21.self_attn.k_proj.weight :: awq_p1.0 bpw=3.4800 rel_err=0.2503 wrel_err=0.1390 t=2.06s [743/980] ETA=0.76h
2026-08-18 03:46:44 FIT model.layers.21.self_attn.k_proj.weight :: awq_p2.0 bpw=3.9600 rel_err=0.2427 wrel_err=0.1339 t=2.90s [744/980] ETA=0.76h
2026-08-18 03:46:44 SKIP cached model.layers.21.self_attn.k_proj.weight :: rtn4
2026-08-18 03:46:54 FIT model.layers.21.self_attn.v_proj.weight :: seed_only bpw=3.0000 rel_err=0.2601 wrel_err=0.2020 t=9.89s [746/980] ETA=0.75h
2026-08-18 03:46:56 FIT model.layers.21.self_attn.v_proj.weight :: awq_p0.5 bpw=3.2400 rel_err=0.2527 wrel_err=0.1957 t=1.61s [747/980] ETA=0.75h
2026-08-18 03:46:58 FIT model.layers.21.self_attn.v_proj.weight :: awq_p1.0 bpw=3.4800 rel_err=0.2466 wrel_err=0.1905 t=2.09s [748/980] ETA=0.74h
2026-08-18 03:47:01 FIT model.layers.21.self_attn.v_proj.weight :: awq_p2.0 bpw=3.9600 rel_err=0.2365 wrel_err=0.1820 t=2.83s [749/980] ETA=0.74h
2026-08-18 03:47:01 SKIP cached model.layers.21.self_attn.v_proj.weight :: rtn4
2026-08-18 03:47:20 FIT model.layers.21.self_attn.o_proj.weight :: seed_only bpw=3.0000 rel_err=0.2650 wrel_err=0.1806 t=18.94s [751/980] ETA=0.73h
2026-08-18 03:47:21 FIT model.layers.21.self_attn.o_proj.weight :: awq_p0.5 bpw=3.2400 rel_err=0.2602 wrel_err=0.1708 t=1.45s [752/980] ETA=0.73h
2026-08-18 03:47:24 FIT model.layers.21.self_attn.o_proj.weight :: awq_p1.0 bpw=3.4800 rel_err=0.2566 wrel_err=0.1651 t=2.29s [753/980] ETA=0.73h
2026-08-18 03:47:28 FIT model.layers.21.self_attn.o_proj.weight :: awq_p2.0 bpw=3.9600 rel_err=0.2499 wrel_err=0.1559 t=3.63s [754/980] ETA=0.72h
2026-08-18 03:47:28 SKIP cached model.layers.21.self_attn.o_proj.weight :: rtn4
2026-08-18 03:48:22 FIT model.layers.21.mlp.gate_proj.weight :: seed_only bpw=3.0000 rel_err=0.2462 wrel_err=0.1876 t=54.23s [756/980] ETA=0.72h
2026-08-18 03:48:27 FIT model.layers.21.mlp.gate_proj.weight :: awq_p0.5 bpw=3.2400 rel_err=0.2420 wrel_err=0.1837 t=4.17s [757/980] ETA=0.72h
2026-08-18 03:48:34 FIT model.layers.21.mlp.gate_proj.weight :: awq_p1.0 bpw=3.4800 rel_err=0.2375 wrel_err=0.1799 t=7.02s [758/980] ETA=0.71h
2026-08-18 03:48:46 FIT model.layers.21.mlp.gate_proj.weight :: awq_p2.0 bpw=3.9600 rel_err=0.2289 wrel_err=0.1728 t=12.21s [759/980] ETA=0.71h
2026-08-18 03:48:46 SKIP cached model.layers.21.mlp.gate_proj.weight :: rtn4
2026-08-18 03:49:41 FIT model.layers.21.mlp.up_proj.weight :: seed_only bpw=3.0000 rel_err=0.2458 wrel_err=0.2066 t=54.24s [761/980] ETA=0.71h
2026-08-18 03:49:45 FIT model.layers.21.mlp.up_proj.weight :: awq_p0.5 bpw=3.2400 rel_err=0.2414 wrel_err=0.2024 t=4.15s [762/980] ETA=0.70h
2026-08-18 03:49:53 FIT model.layers.21.mlp.up_proj.weight :: awq_p1.0 bpw=3.4800 rel_err=0.2371 wrel_err=0.1983 t=6.98s [763/980] ETA=0.70h
2026-08-18 03:50:05 FIT model.layers.21.mlp.up_proj.weight :: awq_p2.0 bpw=3.9600 rel_err=0.2288 wrel_err=0.1909 t=12.30s [764/980] ETA=0.70h
2026-08-18 03:50:05 SKIP cached model.layers.21.mlp.up_proj.weight :: rtn4
2026-08-18 03:51:00 FIT model.layers.21.mlp.down_proj.weight :: seed_only bpw=3.0000 rel_err=0.3518 wrel_err=0.1085 t=54.25s [766/980] ETA=0.69h
2026-08-18 03:51:04 FIT model.layers.21.mlp.down_proj.weight :: awq_p0.5 bpw=3.2400 rel_err=0.3484 wrel_err=0.1066 t=3.86s [767/980] ETA=0.69h
2026-08-18 03:51:11 FIT model.layers.21.mlp.down_proj.weight :: awq_p1.0 bpw=3.4800 rel_err=0.3463 wrel_err=0.1053 t=6.90s [768/980] ETA=0.69h
2026-08-18 03:51:24 FIT model.layers.21.mlp.down_proj.weight :: awq_p2.0 bpw=3.9600 rel_err=0.3421 wrel_err=0.1029 t=12.24s [769/980] ETA=0.68h
2026-08-18 03:51:24 SKIP cached model.layers.21.mlp.down_proj.weight :: rtn4
2026-08-18 03:51:43 FIT model.layers.22.self_attn.q_proj.weight :: seed_only bpw=3.0000 rel_err=0.2604 wrel_err=0.1606 t=18.95s [771/980] ETA=0.68h
2026-08-18 03:51:45 FIT model.layers.22.self_attn.q_proj.weight :: awq_p0.5 bpw=3.2400 rel_err=0.2569 wrel_err=0.1575 t=2.07s [772/980] ETA=0.67h
2026-08-18 03:51:48 FIT model.layers.22.self_attn.q_proj.weight :: awq_p1.0 bpw=3.4800 rel_err=0.2513 wrel_err=0.1534 t=2.98s [773/980] ETA=0.67h
2026-08-18 03:51:52 FIT model.layers.22.self_attn.q_proj.weight :: awq_p2.0 bpw=3.9600 rel_err=0.2391 wrel_err=0.1453 t=4.30s [774/980] ETA=0.66h
2026-08-18 03:51:53 SKIP cached model.layers.22.self_attn.q_proj.weight :: rtn4
2026-08-18 03:52:03 FIT model.layers.22.self_attn.k_proj.weight :: seed_only bpw=3.0000 rel_err=0.2606 wrel_err=0.1368 t=9.89s [776/980] ETA=0.66h
2026-08-18 03:52:04 FIT model.layers.22.self_attn.k_proj.weight :: awq_p0.5 bpw=3.2400 rel_err=0.2565 wrel_err=0.1339 t=1.21s [777/980] ETA=0.65h
2026-08-18 03:52:06 FIT model.layers.22.self_attn.k_proj.weight :: awq_p1.0 bpw=3.4800 rel_err=0.2538 wrel_err=0.1319 t=2.01s [778/980] ETA=0.65h
2026-08-18 03:52:09 FIT model.layers.22.self_attn.k_proj.weight :: awq_p2.0 bpw=3.9600 rel_err=0.2464 wrel_err=0.1273 t=2.90s [779/980] ETA=0.65h
2026-08-18 03:52:09 SKIP cached model.layers.22.self_attn.k_proj.weight :: rtn4
2026-08-18 03:52:19 FIT model.layers.22.self_attn.v_proj.weight :: seed_only bpw=3.0000 rel_err=0.2622 wrel_err=0.2000 t=9.89s [781/980] ETA=0.64h
2026-08-18 03:52:20 FIT model.layers.22.self_attn.v_proj.weight :: awq_p0.5 bpw=3.2400 rel_err=0.2549 wrel_err=0.1936 t=1.49s [782/980] ETA=0.64h
2026-08-18 03:52:23 FIT model.layers.22.self_attn.v_proj.weight :: awq_p1.0 bpw=3.4800 rel_err=0.2508 wrel_err=0.1900 t=2.05s [783/980] ETA=0.63h
2026-08-18 03:52:26 FIT model.layers.22.self_attn.v_proj.weight :: awq_p2.0 bpw=3.9600 rel_err=0.2440 wrel_err=0.1839 t=2.93s [784/980] ETA=0.63h
2026-08-18 03:52:26 SKIP cached model.layers.22.self_attn.v_proj.weight :: rtn4
2026-08-18 03:52:45 FIT model.layers.22.self_attn.o_proj.weight :: seed_only bpw=3.0000 rel_err=0.2604 wrel_err=0.1929 t=18.93s [786/980] ETA=0.62h
2026-08-18 03:52:46 FIT model.layers.22.self_attn.o_proj.weight :: awq_p0.5 bpw=3.2400 rel_err=0.2563 wrel_err=0.1822 t=1.57s [787/980] ETA=0.62h
2026-08-18 03:52:49 FIT model.layers.22.self_attn.o_proj.weight :: awq_p1.0 bpw=3.4800 rel_err=0.2529 wrel_err=0.1760 t=2.40s [788/980] ETA=0.61h
2026-08-18 03:52:53 FIT model.layers.22.self_attn.o_proj.weight :: awq_p2.0 bpw=3.9600 rel_err=0.2468 wrel_err=0.1665 t=3.71s [789/980] ETA=0.61h
2026-08-18 03:52:53 SKIP cached model.layers.22.self_attn.o_proj.weight :: rtn4
2026-08-18 03:53:47 FIT model.layers.22.mlp.gate_proj.weight :: seed_only bpw=3.0000 rel_err=0.2453 wrel_err=0.1891 t=54.23s [791/980] ETA=0.61h
2026-08-18 03:53:52 FIT model.layers.22.mlp.gate_proj.weight :: awq_p0.5 bpw=3.2400 rel_err=0.2415 wrel_err=0.1855 t=4.19s [792/980] ETA=0.60h
2026-08-18 03:53:59 FIT model.layers.22.mlp.gate_proj.weight :: awq_p1.0 bpw=3.4800 rel_err=0.2375 wrel_err=0.1820 t=7.06s [793/980] ETA=0.60h
2026-08-18 03:54:11 FIT model.layers.22.mlp.gate_proj.weight :: awq_p2.0 bpw=3.9600 rel_err=0.2292 wrel_err=0.1751 t=12.28s [794/980] ETA=0.60h
2026-08-18 03:54:11 SKIP cached model.layers.22.mlp.gate_proj.weight :: rtn4
2026-08-18 03:55:06 FIT model.layers.22.mlp.up_proj.weight :: seed_only bpw=3.0000 rel_err=0.2449 wrel_err=0.2084 t=54.23s [796/980] ETA=0.59h
2026-08-18 03:55:10 FIT model.layers.22.mlp.up_proj.weight :: awq_p0.5 bpw=3.2400 rel_err=0.2409 wrel_err=0.2044 t=4.17s [797/980] ETA=0.59h
2026-08-18 03:55:18 FIT model.layers.22.mlp.up_proj.weight :: awq_p1.0 bpw=3.4800 rel_err=0.2367 wrel_err=0.2004 t=7.01s [798/980] ETA=0.59h
2026-08-18 03:55:30 FIT model.layers.22.mlp.up_proj.weight :: awq_p2.0 bpw=3.9600 rel_err=0.2287 wrel_err=0.1930 t=12.35s [799/980] ETA=0.58h
2026-08-18 03:55:30 SKIP cached model.layers.22.mlp.up_proj.weight :: rtn4
2026-08-18 03:56:25 FIT model.layers.22.mlp.down_proj.weight :: seed_only bpw=3.0000 rel_err=0.3510 wrel_err=0.1089 t=54.25s [801/980] ETA=0.58h
2026-08-18 03:56:29 FIT model.layers.22.mlp.down_proj.weight :: awq_p0.5 bpw=3.2400 rel_err=0.3479 wrel_err=0.1073 t=3.90s [802/980] ETA=0.58h
2026-08-18 03:56:36 FIT model.layers.22.mlp.down_proj.weight :: awq_p1.0 bpw=3.4800 rel_err=0.3457 wrel_err=0.1060 t=7.02s [803/980] ETA=0.57h
2026-08-18 03:56:49 FIT model.layers.22.mlp.down_proj.weight :: awq_p2.0 bpw=3.9600 rel_err=0.3412 wrel_err=0.1037 t=12.50s [804/980] ETA=0.57h
2026-08-18 03:56:49 SKIP cached model.layers.22.mlp.down_proj.weight :: rtn4
2026-08-18 03:57:08 FIT model.layers.23.self_attn.q_proj.weight :: seed_only bpw=3.0000 rel_err=0.2611 wrel_err=0.1482 t=18.94s [806/980] ETA=0.56h
2026-08-18 03:57:10 FIT model.layers.23.self_attn.q_proj.weight :: awq_p0.5 bpw=3.2400 rel_err=0.2555 wrel_err=0.1440 t=2.04s [807/980] ETA=0.56h
2026-08-18 03:57:13 FIT model.layers.23.self_attn.q_proj.weight :: awq_p1.0 bpw=3.4800 rel_err=0.2503 wrel_err=0.1405 t=3.00s [808/980] ETA=0.56h
2026-08-18 03:57:18 FIT model.layers.23.self_attn.q_proj.weight :: awq_p2.0 bpw=3.9600 rel_err=0.2409 wrel_err=0.1346 t=4.43s [809/980] ETA=0.55h
2026-08-18 03:57:18 SKIP cached model.layers.23.self_attn.q_proj.weight :: rtn4
2026-08-18 03:57:28 FIT model.layers.23.self_attn.k_proj.weight :: seed_only bpw=3.0000 rel_err=0.2620 wrel_err=0.1298 t=9.89s [811/980] ETA=0.55h
2026-08-18 03:57:29 FIT model.layers.23.self_attn.k_proj.weight :: awq_p0.5 bpw=3.2400 rel_err=0.2551 wrel_err=0.1256 t=1.36s [812/980] ETA=0.54h
2026-08-18 03:57:31 FIT model.layers.23.self_attn.k_proj.weight :: awq_p1.0 bpw=3.4800 rel_err=0.2519 wrel_err=0.1235 t=1.96s [813/980] ETA=0.54h
2026-08-18 03:57:34 FIT model.layers.23.self_attn.k_proj.weight :: awq_p2.0 bpw=3.9600 rel_err=0.2462 wrel_err=0.1199 t=2.90s [814/980] ETA=0.53h
2026-08-18 03:57:34 SKIP cached model.layers.23.self_attn.k_proj.weight :: rtn4
2026-08-18 03:57:44 FIT model.layers.23.self_attn.v_proj.weight :: seed_only bpw=3.0000 rel_err=0.2633 wrel_err=0.1957 t=9.88s [816/980] ETA=0.53h
2026-08-18 03:57:46 FIT model.layers.23.self_attn.v_proj.weight :: awq_p0.5 bpw=3.2400 rel_err=0.2541 wrel_err=0.1883 t=1.39s [817/980] ETA=0.52h
2026-08-18 03:57:48 FIT model.layers.23.self_attn.v_proj.weight :: awq_p1.0 bpw=3.4800 rel_err=0.2504 wrel_err=0.1851 t=1.97s [818/980] ETA=0.52h
2026-08-18 03:57:51 FIT model.layers.23.self_attn.v_proj.weight :: awq_p2.0 bpw=3.9600 rel_err=0.2444 wrel_err=0.1798 t=2.88s [819/980] ETA=0.52h
2026-08-18 03:57:51 SKIP cached model.layers.23.self_attn.v_proj.weight :: rtn4
2026-08-18 03:58:10 FIT model.layers.23.self_attn.o_proj.weight :: seed_only bpw=3.0000 rel_err=0.2634 wrel_err=0.1839 t=18.94s [821/980] ETA=0.51h
2026-08-18 03:58:12 FIT model.layers.23.self_attn.o_proj.weight :: awq_p0.5 bpw=3.2400 rel_err=0.2595 wrel_err=0.1755 t=1.53s [822/980] ETA=0.51h
2026-08-18 03:58:14 FIT model.layers.23.self_attn.o_proj.weight :: awq_p1.0 bpw=3.4800 rel_err=0.2565 wrel_err=0.1693 t=2.38s [823/980] ETA=0.50h
2026-08-18 03:58:18 FIT model.layers.23.self_attn.o_proj.weight :: awq_p2.0 bpw=3.9600 rel_err=0.2511 wrel_err=0.1593 t=3.78s [824/980] ETA=0.50h
2026-08-18 03:58:18 SKIP cached model.layers.23.self_attn.o_proj.weight :: rtn4
2026-08-18 03:59:13 FIT model.layers.23.mlp.gate_proj.weight :: seed_only bpw=3.0000 rel_err=0.2452 wrel_err=0.1889 t=54.24s [826/980] ETA=0.49h
2026-08-18 03:59:17 FIT model.layers.23.mlp.gate_proj.weight :: awq_p0.5 bpw=3.2400 rel_err=0.2420 wrel_err=0.1857 t=4.18s [827/980] ETA=0.49h
2026-08-18 03:59:24 FIT model.layers.23.mlp.gate_proj.weight :: awq_p1.0 bpw=3.4800 rel_err=0.2382 wrel_err=0.1823 t=7.08s [828/980] ETA=0.49h
2026-08-18 03:59:36 FIT model.layers.23.mlp.gate_proj.weight :: awq_p2.0 bpw=3.9600 rel_err=0.2302 wrel_err=0.1755 t=12.32s [829/980] ETA=0.48h
2026-08-18 03:59:37 SKIP cached model.layers.23.mlp.gate_proj.weight :: rtn4
2026-08-18 04:00:31 FIT model.layers.23.mlp.up_proj.weight :: seed_only bpw=3.0000 rel_err=0.2450 wrel_err=0.2079 t=54.25s [831/980] ETA=0.48h
2026-08-18 04:00:35 FIT model.layers.23.mlp.up_proj.weight :: awq_p0.5 bpw=3.2400 rel_err=0.2412 wrel_err=0.2040 t=4.18s [832/980] ETA=0.48h
2026-08-18 04:00:42 FIT model.layers.23.mlp.up_proj.weight :: awq_p1.0 bpw=3.4800 rel_err=0.2369 wrel_err=0.2001 t=7.02s [833/980] ETA=0.47h
2026-08-18 04:00:55 FIT model.layers.23.mlp.up_proj.weight :: awq_p2.0 bpw=3.9600 rel_err=0.2290 wrel_err=0.1928 t=12.36s [834/980] ETA=0.47h
2026-08-18 04:00:55 SKIP cached model.layers.23.mlp.up_proj.weight :: rtn4
2026-08-18 04:01:50 FIT model.layers.23.mlp.down_proj.weight :: seed_only bpw=3.0000 rel_err=0.3509 wrel_err=0.0935 t=54.24s [836/980] ETA=0.47h
2026-08-18 04:01:54 FIT model.layers.23.mlp.down_proj.weight :: awq_p0.5 bpw=3.2400 rel_err=0.3477 wrel_err=0.0919 t=3.96s [837/980] ETA=0.46h
2026-08-18 04:02:01 FIT model.layers.23.mlp.down_proj.weight :: awq_p1.0 bpw=3.4800 rel_err=0.3453 wrel_err=0.0908 t=7.00s [838/980] ETA=0.46h
2026-08-18 04:02:13 FIT model.layers.23.mlp.down_proj.weight :: awq_p2.0 bpw=3.9600 rel_err=0.3410 wrel_err=0.0888 t=12.42s [839/980] ETA=0.46h
2026-08-18 04:02:13 SKIP cached model.layers.23.mlp.down_proj.weight :: rtn4
2026-08-18 04:02:33 FIT model.layers.24.self_attn.q_proj.weight :: seed_only bpw=3.0000 rel_err=0.2652 wrel_err=0.1375 t=18.94s [841/980] ETA=0.45h
2026-08-18 04:02:35 FIT model.layers.24.self_attn.q_proj.weight :: awq_p0.5 bpw=3.2400 rel_err=0.2590 wrel_err=0.1333 t=1.93s [842/980] ETA=0.45h
2026-08-18 04:02:38 FIT model.layers.24.self_attn.q_proj.weight :: awq_p1.0 bpw=3.4800 rel_err=0.2541 wrel_err=0.1302 t=2.99s [843/980] ETA=0.44h
2026-08-18 04:02:42 FIT model.layers.24.self_attn.q_proj.weight :: awq_p2.0 bpw=3.9600 rel_err=0.2436 wrel_err=0.1241 t=4.45s [844/980] ETA=0.44h
2026-08-18 04:02:42 SKIP cached model.layers.24.self_attn.q_proj.weight :: rtn4
2026-08-18 04:02:52 FIT model.layers.24.self_attn.k_proj.weight :: seed_only bpw=3.0000 rel_err=0.2660 wrel_err=0.1224 t=9.89s [846/980] ETA=0.43h
2026-08-18 04:02:54 FIT model.layers.24.self_attn.k_proj.weight :: awq_p0.5 bpw=3.2400 rel_err=0.2590 wrel_err=0.1185 t=1.34s [847/980] ETA=0.43h
2026-08-18 04:02:56 FIT model.layers.24.self_attn.k_proj.weight :: awq_p1.0 bpw=3.4800 rel_err=0.2559 wrel_err=0.1166 t=1.95s [848/980] ETA=0.42h
2026-08-18 04:02:59 FIT model.layers.24.self_attn.k_proj.weight :: awq_p2.0 bpw=3.9600 rel_err=0.2504 wrel_err=0.1133 t=2.92s [849/980] ETA=0.42h
2026-08-18 04:02:59 SKIP cached model.layers.24.self_attn.k_proj.weight :: rtn4
2026-08-18 04:03:09 FIT model.layers.24.self_attn.v_proj.weight :: seed_only bpw=3.0000 rel_err=0.2663 wrel_err=0.1852 t=9.88s [851/980] ETA=0.41h
2026-08-18 04:03:10 FIT model.layers.24.self_attn.v_proj.weight :: awq_p0.5 bpw=3.2400 rel_err=0.2591 wrel_err=0.1794 t=1.33s [852/980] ETA=0.41h
2026-08-18 04:03:12 FIT model.layers.24.self_attn.v_proj.weight :: awq_p1.0 bpw=3.4800 rel_err=0.2559 wrel_err=0.1766 t=1.91s [853/980] ETA=0.41h
2026-08-18 04:03:15 FIT model.layers.24.self_attn.v_proj.weight :: awq_p2.0 bpw=3.9600 rel_err=0.2511 wrel_err=0.1724 t=2.89s [854/980] ETA=0.40h
2026-08-18 04:03:15 SKIP cached model.layers.24.self_attn.v_proj.weight :: rtn4
2026-08-18 04:03:34 FIT model.layers.24.self_attn.o_proj.weight :: seed_only bpw=3.0000 rel_err=0.2728 wrel_err=0.1792 t=18.93s [856/980] ETA=0.40h
2026-08-18 04:03:36 FIT model.layers.24.self_attn.o_proj.weight :: awq_p0.5 bpw=3.2400 rel_err=0.2686 wrel_err=0.1688 t=1.40s [857/980] ETA=0.39h
2026-08-18 04:03:38 FIT model.layers.24.self_attn.o_proj.weight :: awq_p1.0 bpw=3.4800 rel_err=0.2657 wrel_err=0.1611 t=2.26s [858/980] ETA=0.39h
2026-08-18 04:03:42 FIT model.layers.24.self_attn.o_proj.weight :: awq_p2.0 bpw=3.9600 rel_err=0.2607 wrel_err=0.1493 t=3.49s [859/980] ETA=0.39h
2026-08-18 04:03:42 SKIP cached model.layers.24.self_attn.o_proj.weight :: rtn4
2026-08-18 04:04:36 FIT model.layers.24.mlp.gate_proj.weight :: seed_only bpw=3.0000 rel_err=0.2479 wrel_err=0.1871 t=54.22s [861/980] ETA=0.38h
2026-08-18 04:04:41 FIT model.layers.24.mlp.gate_proj.weight :: awq_p0.5 bpw=3.2400 rel_err=0.2445 wrel_err=0.1838 t=4.18s [862/980] ETA=0.38h
2026-08-18 04:04:48 FIT model.layers.24.mlp.gate_proj.weight :: awq_p1.0 bpw=3.4800 rel_err=0.2410 wrel_err=0.1807 t=7.12s [863/980] ETA=0.38h
2026-08-18 04:05:01 FIT model.layers.24.mlp.gate_proj.weight :: awq_p2.0 bpw=3.9600 rel_err=0.2336 wrel_err=0.1744 t=12.44s [864/980] ETA=0.37h
2026-08-18 04:05:01 SKIP cached model.layers.24.mlp.gate_proj.weight :: rtn4
2026-08-18 04:05:55 FIT model.layers.24.mlp.up_proj.weight :: seed_only bpw=3.0000 rel_err=0.2476 wrel_err=0.2048 t=54.24s [866/980] ETA=0.37h
2026-08-18 04:06:00 FIT model.layers.24.mlp.up_proj.weight :: awq_p0.5 bpw=3.2400 rel_err=0.2440 wrel_err=0.2012 t=4.20s [867/980] ETA=0.36h
2026-08-18 04:06:07 FIT model.layers.24.mlp.up_proj.weight :: awq_p1.0 bpw=3.4800 rel_err=0.2401 wrel_err=0.1976 t=7.06s [868/980] ETA=0.36h
2026-08-18 04:06:20 FIT model.layers.24.mlp.up_proj.weight :: awq_p2.0 bpw=3.9600 rel_err=0.2326 wrel_err=0.1907 t=12.47s [869/980] ETA=0.36h
2026-08-18 04:06:20 SKIP cached model.layers.24.mlp.up_proj.weight :: rtn4
2026-08-18 04:07:14 FIT model.layers.24.mlp.down_proj.weight :: seed_only bpw=3.0000 rel_err=0.3455 wrel_err=0.0998 t=54.24s [871/980] ETA=0.35h
2026-08-18 04:07:19 FIT model.layers.24.mlp.down_proj.weight :: awq_p0.5 bpw=3.2400 rel_err=0.3426 wrel_err=0.0983 t=3.89s [872/980] ETA=0.35h
2026-08-18 04:07:26 FIT model.layers.24.mlp.down_proj.weight :: awq_p1.0 bpw=3.4800 rel_err=0.3403 wrel_err=0.0971 t=7.01s [873/980] ETA=0.35h
2026-08-18 04:07:39 FIT model.layers.24.mlp.down_proj.weight :: awq_p2.0 bpw=3.9600 rel_err=0.3361 wrel_err=0.0950 t=12.47s [874/980] ETA=0.34h
2026-08-18 04:07:39 SKIP cached model.layers.24.mlp.down_proj.weight :: rtn4
2026-08-18 04:07:58 FIT model.layers.25.self_attn.q_proj.weight :: seed_only bpw=3.0000 rel_err=0.2687 wrel_err=0.1332 t=18.94s [876/980] ETA=0.34h
2026-08-18 04:08:00 FIT model.layers.25.self_attn.q_proj.weight :: awq_p0.5 bpw=3.2400 rel_err=0.2625 wrel_err=0.1291 t=1.95s [877/980] ETA=0.33h
2026-08-18 04:08:03 FIT model.layers.25.self_attn.q_proj.weight :: awq_p1.0 bpw=3.4800 rel_err=0.2583 wrel_err=0.1264 t=2.99s [878/980] ETA=0.33h
2026-08-18 04:08:07 FIT model.layers.25.self_attn.q_proj.weight :: awq_p2.0 bpw=3.9600 rel_err=0.2493 wrel_err=0.1213 t=4.55s [879/980] ETA=0.33h
2026-08-18 04:08:08 SKIP cached model.layers.25.self_attn.q_proj.weight :: rtn4
2026-08-18 04:08:18 FIT model.layers.25.self_attn.k_proj.weight :: seed_only bpw=3.0000 rel_err=0.2692 wrel_err=0.1174 t=9.89s [881/980] ETA=0.32h
2026-08-18 04:08:19 FIT model.layers.25.self_attn.k_proj.weight :: awq_p0.5 bpw=3.2400 rel_err=0.2622 wrel_err=0.1136 t=1.36s [882/980] ETA=0.32h
2026-08-18 04:08:21 FIT model.layers.25.self_attn.k_proj.weight :: awq_p1.0 bpw=3.4800 rel_err=0.2590 wrel_err=0.1118 t=1.92s [883/980] ETA=0.31h
2026-08-18 04:08:24 FIT model.layers.25.self_attn.k_proj.weight :: awq_p2.0 bpw=3.9600 rel_err=0.2542 wrel_err=0.1089 t=2.86s [884/980] ETA=0.31h
2026-08-18 04:08:24 SKIP cached model.layers.25.self_attn.k_proj.weight :: rtn4
2026-08-18 04:08:34 FIT model.layers.25.self_attn.v_proj.weight :: seed_only bpw=3.0000 rel_err=0.2693 wrel_err=0.1721 t=9.89s [886/980] ETA=0.30h
2026-08-18 04:08:35 FIT model.layers.25.self_attn.v_proj.weight :: awq_p0.5 bpw=3.2400 rel_err=0.2618 wrel_err=0.1664 t=1.28s [887/980] ETA=0.30h
2026-08-18 04:08:37 FIT model.layers.25.self_attn.v_proj.weight :: awq_p1.0 bpw=3.4800 rel_err=0.2586 wrel_err=0.1638 t=1.80s [888/980] ETA=0.30h
2026-08-18 04:08:40 FIT model.layers.25.self_attn.v_proj.weight :: awq_p2.0 bpw=3.9600 rel_err=0.2543 wrel_err=0.1601 t=2.85s [889/980] ETA=0.29h
2026-08-18 04:08:40 SKIP cached model.layers.25.self_attn.v_proj.weight :: rtn4
2026-08-18 04:08:59 FIT model.layers.25.self_attn.o_proj.weight :: seed_only bpw=3.0000 rel_err=0.2667 wrel_err=0.1858 t=18.94s [891/980] ETA=0.29h
2026-08-18 04:09:01 FIT model.layers.25.self_attn.o_proj.weight :: awq_p0.5 bpw=3.2400 rel_err=0.2621 wrel_err=0.1770 t=1.62s [892/980] ETA=0.28h
2026-08-18 04:09:04 FIT model.layers.25.self_attn.o_proj.weight :: awq_p1.0 bpw=3.4800 rel_err=0.2591 wrel_err=0.1711 t=2.48s [893/980] ETA=0.28h
2026-08-18 04:09:07 FIT model.layers.25.self_attn.o_proj.weight :: awq_p2.0 bpw=3.9600 rel_err=0.2539 wrel_err=0.1618 t=3.85s [894/980] ETA=0.27h
2026-08-18 04:09:08 SKIP cached model.layers.25.self_attn.o_proj.weight :: rtn4
2026-08-18 04:10:02 FIT model.layers.25.mlp.gate_proj.weight :: seed_only bpw=3.0000 rel_err=0.2490 wrel_err=0.1842 t=54.21s [896/980] ETA=0.27h
2026-08-18 04:10:07 FIT model.layers.25.mlp.gate_proj.weight :: awq_p0.5 bpw=3.2400 rel_err=0.2457 wrel_err=0.1810 t=4.18s [897/980] ETA=0.27h
2026-08-18 04:10:14 FIT model.layers.25.mlp.gate_proj.weight :: awq_p1.0 bpw=3.4800 rel_err=0.2424 wrel_err=0.1781 t=7.13s [898/980] ETA=0.26h
2026-08-18 04:10:26 FIT model.layers.25.mlp.gate_proj.weight :: awq_p2.0 bpw=3.9600 rel_err=0.2353 wrel_err=0.1721 t=12.40s [899/980] ETA=0.26h
2026-08-18 04:10:27 SKIP cached model.layers.25.mlp.gate_proj.weight :: rtn4
2026-08-18 04:11:21 FIT model.layers.25.mlp.up_proj.weight :: seed_only bpw=3.0000 rel_err=0.2487 wrel_err=0.2018 t=54.24s [901/980] ETA=0.25h
2026-08-18 04:11:26 FIT model.layers.25.mlp.up_proj.weight :: awq_p0.5 bpw=3.2400 rel_err=0.2454 wrel_err=0.1984 t=4.20s [902/980] ETA=0.25h
2026-08-18 04:11:33 FIT model.layers.25.mlp.up_proj.weight :: awq_p1.0 bpw=3.4800 rel_err=0.2417 wrel_err=0.1950 t=7.07s [903/980] ETA=0.25h
2026-08-18 04:11:46 FIT model.layers.25.mlp.up_proj.weight :: awq_p2.0 bpw=3.9600 rel_err=0.2344 wrel_err=0.1884 t=12.44s [904/980] ETA=0.24h
2026-08-18 04:11:46 SKIP cached model.layers.25.mlp.up_proj.weight :: rtn4
2026-08-18 04:12:40 FIT model.layers.25.mlp.down_proj.weight :: seed_only bpw=3.0000 rel_err=0.3595 wrel_err=0.1002 t=54.24s [906/980] ETA=0.24h
2026-08-18 04:12:44 FIT model.layers.25.mlp.down_proj.weight :: awq_p0.5 bpw=3.2400 rel_err=0.3565 wrel_err=0.0986 t=3.91s [907/980] ETA=0.24h
2026-08-18 04:12:52 FIT model.layers.25.mlp.down_proj.weight :: awq_p1.0 bpw=3.4800 rel_err=0.3541 wrel_err=0.0974 t=6.99s [908/980] ETA=0.23h
2026-08-18 04:13:04 FIT model.layers.25.mlp.down_proj.weight :: awq_p2.0 bpw=3.9600 rel_err=0.3496 wrel_err=0.0952 t=12.45s [909/980] ETA=0.23h
2026-08-18 04:13:04 SKIP cached model.layers.25.mlp.down_proj.weight :: rtn4
2026-08-18 04:13:23 FIT model.layers.26.self_attn.q_proj.weight :: seed_only bpw=3.0000 rel_err=0.2701 wrel_err=0.1497 t=18.95s [911/980] ETA=0.22h
2026-08-18 04:13:26 FIT model.layers.26.self_attn.q_proj.weight :: awq_p0.5 bpw=3.2400 rel_err=0.2660 wrel_err=0.1465 t=1.98s [912/980] ETA=0.22h
2026-08-18 04:13:29 FIT model.layers.26.self_attn.q_proj.weight :: awq_p1.0 bpw=3.4800 rel_err=0.2623 wrel_err=0.1439 t=3.01s [913/980] ETA=0.22h
2026-08-18 04:13:33 FIT model.layers.26.self_attn.q_proj.weight :: awq_p2.0 bpw=3.9600 rel_err=0.2531 wrel_err=0.1379 t=4.55s [914/980] ETA=0.21h
2026-08-18 04:13:33 SKIP cached model.layers.26.self_attn.q_proj.weight :: rtn4
2026-08-18 04:13:43 FIT model.layers.26.self_attn.k_proj.weight :: seed_only bpw=3.0000 rel_err=0.2708 wrel_err=0.1199 t=9.89s [916/980] ETA=0.21h
2026-08-18 04:13:45 FIT model.layers.26.self_attn.k_proj.weight :: awq_p0.5 bpw=3.2400 rel_err=0.2644 wrel_err=0.1164 t=1.35s [917/980] ETA=0.20h
2026-08-18 04:13:47 FIT model.layers.26.self_attn.k_proj.weight :: awq_p1.0 bpw=3.4800 rel_err=0.2619 wrel_err=0.1148 t=1.92s [918/980] ETA=0.20h
2026-08-18 04:13:50 FIT model.layers.26.self_attn.k_proj.weight :: awq_p2.0 bpw=3.9600 rel_err=0.2578 wrel_err=0.1121 t=2.87s [919/980] ETA=0.20h
2026-08-18 04:13:50 SKIP cached model.layers.26.self_attn.k_proj.weight :: rtn4
2026-08-18 04:14:00 FIT model.layers.26.self_attn.v_proj.weight :: seed_only bpw=3.0000 rel_err=0.2702 wrel_err=0.1627 t=9.89s [921/980] ETA=0.19h
2026-08-18 04:14:01 FIT model.layers.26.self_attn.v_proj.weight :: awq_p0.5 bpw=3.2400 rel_err=0.2652 wrel_err=0.1589 t=1.32s [922/980] ETA=0.19h
2026-08-18 04:14:03 FIT model.layers.26.self_attn.v_proj.weight :: awq_p1.0 bpw=3.4800 rel_err=0.2628 wrel_err=0.1569 t=1.85s [923/980] ETA=0.18h
2026-08-18 04:14:06 FIT model.layers.26.self_attn.v_proj.weight :: awq_p2.0 bpw=3.9600 rel_err=0.2593 wrel_err=0.1539 t=2.88s [924/980] ETA=0.18h
2026-08-18 04:14:06 SKIP cached model.layers.26.self_attn.v_proj.weight :: rtn4
2026-08-18 04:14:25 FIT model.layers.26.self_attn.o_proj.weight :: seed_only bpw=3.0000 rel_err=0.2681 wrel_err=0.1944 t=18.94s [926/980] ETA=0.17h
2026-08-18 04:14:26 FIT model.layers.26.self_attn.o_proj.weight :: awq_p0.5 bpw=3.2400 rel_err=0.2606 wrel_err=0.1512 t=1.30s [927/980] ETA=0.17h
2026-08-18 04:14:29 FIT model.layers.26.self_attn.o_proj.weight :: awq_p1.0 bpw=3.4800 rel_err=0.2570 wrel_err=0.1458 t=2.22s [928/980] ETA=0.17h
2026-08-18 04:14:33 FIT model.layers.26.self_attn.o_proj.weight :: awq_p2.0 bpw=3.9600 rel_err=0.2510 wrel_err=0.1384 t=3.76s [929/980] ETA=0.16h
2026-08-18 04:14:33 SKIP cached model.layers.26.self_attn.o_proj.weight :: rtn4
2026-08-18 04:15:27 FIT model.layers.26.mlp.gate_proj.weight :: seed_only bpw=3.0000 rel_err=0.2498 wrel_err=0.1793 t=54.24s [931/980] ETA=0.16h
2026-08-18 04:15:32 FIT model.layers.26.mlp.gate_proj.weight :: awq_p0.5 bpw=3.2400 rel_err=0.2469 wrel_err=0.1765 t=4.13s [932/980] ETA=0.15h
2026-08-18 04:15:39 FIT model.layers.26.mlp.gate_proj.weight :: awq_p1.0 bpw=3.4800 rel_err=0.2437 wrel_err=0.1737 t=7.15s [933/980] ETA=0.15h
2026-08-18 04:15:52 FIT model.layers.26.mlp.gate_proj.weight :: awq_p2.0 bpw=3.9600 rel_err=0.2368 wrel_err=0.1680 t=12.46s [934/980] ETA=0.15h
2026-08-18 04:15:52 SKIP cached model.layers.26.mlp.gate_proj.weight :: rtn4
2026-08-18 04:16:46 FIT model.layers.26.mlp.up_proj.weight :: seed_only bpw=3.0000 rel_err=0.2492 wrel_err=0.1963 t=54.24s [936/980] ETA=0.14h
2026-08-18 04:16:51 FIT model.layers.26.mlp.up_proj.weight :: awq_p0.5 bpw=3.2400 rel_err=0.2464 wrel_err=0.1934 t=4.20s [937/980] ETA=0.14h
2026-08-18 04:16:58 FIT model.layers.26.mlp.up_proj.weight :: awq_p1.0 bpw=3.4800 rel_err=0.2429 wrel_err=0.1902 t=7.09s [938/980] ETA=0.14h
2026-08-18 04:17:11 FIT model.layers.26.mlp.up_proj.weight :: awq_p2.0 bpw=3.9600 rel_err=0.2359 wrel_err=0.1838 t=12.46s [939/980] ETA=0.13h
2026-08-18 04:17:11 SKIP cached model.layers.26.mlp.up_proj.weight :: rtn4
2026-08-18 04:18:05 FIT model.layers.26.mlp.down_proj.weight :: seed_only bpw=3.0000 rel_err=0.3731 wrel_err=0.0850 t=54.25s [941/980] ETA=0.13h
2026-08-18 04:18:09 FIT model.layers.26.mlp.down_proj.weight :: awq_p0.5 bpw=3.2400 rel_err=0.3698 wrel_err=0.0837 t=3.94s [942/980] ETA=0.12h
2026-08-18 04:18:17 FIT model.layers.26.mlp.down_proj.weight :: awq_p1.0 bpw=3.4800 rel_err=0.3674 wrel_err=0.0827 t=7.03s [943/980] ETA=0.12h
2026-08-18 04:18:30 FIT model.layers.26.mlp.down_proj.weight :: awq_p2.0 bpw=3.9600 rel_err=0.3630 wrel_err=0.0809 t=12.57s [944/980] ETA=0.12h
2026-08-18 04:18:30 SKIP cached model.layers.26.mlp.down_proj.weight :: rtn4
2026-08-18 04:18:49 FIT model.layers.27.self_attn.q_proj.weight :: seed_only bpw=3.0000 rel_err=0.2463 wrel_err=0.1799 t=18.95s [946/980] ETA=0.11h
2026-08-18 04:18:51 FIT model.layers.27.self_attn.q_proj.weight :: awq_p0.5 bpw=3.2400 rel_err=0.2408 wrel_err=0.1750 t=2.14s [947/980] ETA=0.11h
2026-08-18 04:18:54 FIT model.layers.27.self_attn.q_proj.weight :: awq_p1.0 bpw=3.4800 rel_err=0.2359 wrel_err=0.1710 t=2.90s [948/980] ETA=0.10h
2026-08-18 04:18:58 FIT model.layers.27.self_attn.q_proj.weight :: awq_p2.0 bpw=3.9600 rel_err=0.2274 wrel_err=0.1643 t=4.38s [949/980] ETA=0.10h
2026-08-18 04:18:59 SKIP cached model.layers.27.self_attn.q_proj.weight :: rtn4
2026-08-18 04:19:09 FIT model.layers.27.self_attn.k_proj.weight :: seed_only bpw=3.0000 rel_err=0.2463 wrel_err=0.1739 t=9.88s [951/980] ETA=0.09h
2026-08-18 04:19:10 FIT model.layers.27.self_attn.k_proj.weight :: awq_p0.5 bpw=3.2400 rel_err=0.2427 wrel_err=0.1706 t=1.41s [952/980] ETA=0.09h
2026-08-18 04:19:12 FIT model.layers.27.self_attn.k_proj.weight :: awq_p1.0 bpw=3.4800 rel_err=0.2391 wrel_err=0.1676 t=2.13s [953/980] ETA=0.09h
2026-08-18 04:19:15 FIT model.layers.27.self_attn.k_proj.weight :: awq_p2.0 bpw=3.9600 rel_err=0.2315 wrel_err=0.1616 t=2.88s [954/980] ETA=0.08h
2026-08-18 04:19:15 SKIP cached model.layers.27.self_attn.k_proj.weight :: rtn4
2026-08-18 04:19:25 FIT model.layers.27.self_attn.v_proj.weight :: seed_only bpw=3.0000 rel_err=0.2467 wrel_err=0.2184 t=9.89s [956/980] ETA=0.08h
2026-08-18 04:19:27 FIT model.layers.27.self_attn.v_proj.weight :: awq_p0.5 bpw=3.2400 rel_err=0.2423 wrel_err=0.2139 t=1.69s [957/980] ETA=0.07h
2026-08-18 04:19:29 FIT model.layers.27.self_attn.v_proj.weight :: awq_p1.0 bpw=3.4800 rel_err=0.2380 wrel_err=0.2097 t=2.11s [958/980] ETA=0.07h
2026-08-18 04:19:32 FIT model.layers.27.self_attn.v_proj.weight :: awq_p2.0 bpw=3.9600 rel_err=0.2302 wrel_err=0.2022 t=2.90s [959/980] ETA=0.07h
2026-08-18 04:19:32 SKIP cached model.layers.27.self_attn.v_proj.weight :: rtn4
2026-08-18 04:19:51 FIT model.layers.27.self_attn.o_proj.weight :: seed_only bpw=3.0000 rel_err=0.2512 wrel_err=0.2054 t=18.94s [961/980] ETA=0.06h
2026-08-18 04:19:53 FIT model.layers.27.self_attn.o_proj.weight :: awq_p0.5 bpw=3.2400 rel_err=0.2464 wrel_err=0.1971 t=1.89s [962/980] ETA=0.06h
2026-08-18 04:19:56 FIT model.layers.27.self_attn.o_proj.weight :: awq_p1.0 bpw=3.4800 rel_err=0.2429 wrel_err=0.1912 t=2.81s [963/980] ETA=0.05h
2026-08-18 04:20:01 FIT model.layers.27.self_attn.o_proj.weight :: awq_p2.0 bpw=3.9600 rel_err=0.2369 wrel_err=0.1815 t=4.26s [964/980] ETA=0.05h
2026-08-18 04:20:01 SKIP cached model.layers.27.self_attn.o_proj.weight :: rtn4
2026-08-18 04:20:55 FIT model.layers.27.mlp.gate_proj.weight :: seed_only bpw=3.0000 rel_err=0.2492 wrel_err=0.1661 t=54.22s [966/980] ETA=0.05h
2026-08-18 04:21:00 FIT model.layers.27.mlp.gate_proj.weight :: awq_p0.5 bpw=3.2400 rel_err=0.2463 wrel_err=0.1634 t=4.12s [967/980] ETA=0.04h
2026-08-18 04:21:07 FIT model.layers.27.mlp.gate_proj.weight :: awq_p1.0 bpw=3.4800 rel_err=0.2433 wrel_err=0.1609 t=7.12s [968/980] ETA=0.04h
2026-08-18 04:21:19 FIT model.layers.27.mlp.gate_proj.weight :: awq_p2.0 bpw=3.9600 rel_err=0.2360 wrel_err=0.1553 t=12.31s [969/980] ETA=0.04h
2026-08-18 04:21:19 SKIP cached model.layers.27.mlp.gate_proj.weight :: rtn4
2026-08-18 04:22:14 FIT model.layers.27.mlp.up_proj.weight :: seed_only bpw=3.0000 rel_err=0.2488 wrel_err=0.1808 t=54.22s [971/980] ETA=0.03h
2026-08-18 04:22:18 FIT model.layers.27.mlp.up_proj.weight :: awq_p0.5 bpw=3.2400 rel_err=0.2464 wrel_err=0.1784 t=4.21s [972/980] ETA=0.03h
2026-08-18 04:22:26 FIT model.layers.27.mlp.up_proj.weight :: awq_p1.0 bpw=3.4800 rel_err=0.2428 wrel_err=0.1753 t=7.06s [973/980] ETA=0.02h
2026-08-18 04:22:38 FIT model.layers.27.mlp.up_proj.weight :: awq_p2.0 bpw=3.9600 rel_err=0.2352 wrel_err=0.1692 t=12.37s [974/980] ETA=0.02h
2026-08-18 04:22:38 SKIP cached model.layers.27.mlp.up_proj.weight :: rtn4
2026-08-18 04:23:33 FIT model.layers.27.mlp.down_proj.weight :: seed_only bpw=3.0000 rel_err=0.4633 wrel_err=0.0255 t=54.22s [976/980] ETA=0.01h
2026-08-18 04:23:37 FIT model.layers.27.mlp.down_proj.weight :: awq_p0.5 bpw=3.2400 rel_err=0.4600 wrel_err=0.0251 t=3.75s [977/980] ETA=0.01h
2026-08-18 04:23:44 FIT model.layers.27.mlp.down_proj.weight :: awq_p1.0 bpw=3.4800 rel_err=0.4580 wrel_err=0.0248 t=6.89s [978/980] ETA=0.01h
2026-08-18 04:23:56 FIT model.layers.27.mlp.down_proj.weight :: awq_p2.0 bpw=3.9600 rel_err=0.4539 wrel_err=0.0242 t=12.45s [979/980] ETA=0.00h
2026-08-18 04:23:57 SKIP cached model.layers.27.mlp.down_proj.weight :: rtn4
2026-08-18 04:23:57 FIT done in 152.1 min
2026-08-18 04:24:02 HASH re-verify originals verified=True sha256=42fb692854712fa1c4d375c5cde965af...
2026-08-18 04:24:02 RUN phase3-20260818-015142 complete
2026-08-18 04:24:26 RUN phase3-20260818-042426 layout=phase3 model=Qwen3-1.7B config=c12p4w fit_weighting=awq C=12 P=4 stage=eval n_seeds=65535 stage2_seeds=65535 layers_limit=None eval_mode=cached resume=True stack=c4ad6bb586c5|NVIDIA GeForce RTX 4090|torch2.11.0+cu128
2026-08-18 04:24:28 HASH originals sha256=42fb692854712fa1c4d375c5cde965af... verified=True
2026-08-18 04:26:13 EVAL model=Qwen3-1.7B loaded, 196 target tensors (layers_limit=None, eval_mode=cached)
2026-08-18 04:26:13 SKIP cached reference.json fp=6f7a7d9b5d3fd99d
2026-08-18 04:26:14 REFLOGITS 12 prompts (0.44 GB, 12 cached, 0.0s) -> /workspace/results/Qwen3-1.7B/ref_logits
2026-08-18 04:26:56 EVAL c12p4w_seed_only     bpw=3.0000 mean_kl=0.545002 p95=2.368997 max=23.8125 top1=82.35% fp=1615e469128d8843 (26.0s)
2026-08-18 04:27:19 EVAL c12p4w_awq_p0.5      bpw=3.2400 mean_kl=0.485797 p95=2.317156 max=26.9375 top1=83.45% fp=c18f051073371ac5 (23.3s)
2026-08-18 04:27:43 EVAL c12p4w_awq_p1.0      bpw=3.4800 mean_kl=0.436118 p95=1.985139 max=25.6250 top1=84.40% fp=8d7b11a577866aba (23.7s)
2026-08-18 04:28:08 EVAL c12p4w_awq_p2.0      bpw=3.9600 mean_kl=0.422626 p95=2.206395 max=24.3750 top1=85.23% fp=05e6413c5acc4b0c (24.5s)
2026-08-18 04:28:31 EVAL rtn4                 bpw=4.5000 mean_kl=0.176448 p95=0.895672 max=7.7504 top1=91.66% fp=2b0802153224bacc (23.1s)
2026-08-18 04:28:54 EVAL q4km                 bpw=4.8008 mean_kl=0.032270 p95=0.142677 max=2.1059 top1=96.85% fp=7de7ee7bb6f8dae5 (22.8s)
2026-08-18 04:29:17 EVAL q3km                 bpw=3.8478 mean_kl=0.204809 p95=0.966012 max=13.7500 top1=90.29% fp=ea45e80c2083e804 (23.6s)
2026-08-18 04:29:17 WARN awq_w4: 196 tensors missing from cache -> skipping variant
2026-08-18 04:29:26 EVAL bf16                 bpw=16.0000 mean_kl=0.000000 p95=0.000000 max=0.0000 top1=100.00% fp=6f7a7d9b5d3fd99d (8.2s)
2026-08-18 04:29:26 EVAL done in 5.0 min
2026-08-18 04:29:26 GATE FAIL pass_a=False pass_b=False best_seed=c8p3_awq_p2.0 @4.9600 bpw
2026-08-18 04:29:31 HASH re-verify originals verified=True sha256=42fb692854712fa1c4d375c5cde965af...
2026-08-18 04:29:31 RUN phase3-20260818-042426 complete
2026-08-19 03:36:14 RUN phase3-20260819-033614 layout=phase3 model=Qwen3-1.7B config=c12p4wr fit_weighting=awq coeff_rounding=weighted incoherence=none C=12 P=4 stage=fit n_seeds=65535 stage2_seeds=65535 layers_limit=None eval_mode=cached resume=True stack=e60684062468|NVIDIA GeForce RTX 4090|torch2.11.0+cu128
2026-08-19 03:36:22 HASH originals sha256=42fb692854712fa1c4d375c5cde965af... verified=True
2026-08-19 03:36:22 SKIP cached act_scales (196 tensors)
2026-08-19 03:36:22 FIT start model=Qwen3-1.7B config=c12p4wr C=12 P=4 fit_weighting=awq coeff_rounding=weighted incoherence=none tensors=196 variants=5 n_seeds=65535 units=980
2026-08-19 03:36:43 FIT model.layers.0.self_attn.q_proj.weight :: seed_only bpw=3.0000 rel_err=0.2460 wrel_err=0.1237 t=20.80s [1/980] ETA=5.71h
2026-08-19 03:36:46 FIT model.layers.0.self_attn.q_proj.weight :: awq_p0.5 bpw=3.2400 rel_err=0.2410 wrel_err=0.1207 t=2.16s [2/980] ETA=3.17h
2026-08-19 03:36:49 FIT model.layers.0.self_attn.q_proj.weight :: awq_p1.0 bpw=3.4800 rel_err=0.2376 wrel_err=0.1187 t=3.21s [3/980] ETA=2.41h
2026-08-19 03:36:54 FIT model.layers.0.self_attn.q_proj.weight :: awq_p2.0 bpw=3.9600 rel_err=0.2296 wrel_err=0.1142 t=4.81s [4/980] ETA=2.13h
2026-08-19 03:36:54 SKIP cached model.layers.0.self_attn.q_proj.weight :: rtn4
2026-08-19 03:37:04 FIT model.layers.0.self_attn.k_proj.weight :: seed_only bpw=3.0000 rel_err=0.2454 wrel_err=0.1123 t=9.92s [6/980] ETA=2.25h
2026-08-19 03:37:05 FIT model.layers.0.self_attn.k_proj.weight :: awq_p0.5 bpw=3.2400 rel_err=0.2404 wrel_err=0.1095 t=1.20s [7/980] ETA=1.93h
2026-08-19 03:37:07 FIT model.layers.0.self_attn.k_proj.weight :: awq_p1.0 bpw=3.4800 rel_err=0.2371 wrel_err=0.1077 t=2.22s [8/980] ETA=1.74h
2026-08-19 03:37:11 FIT model.layers.0.self_attn.k_proj.weight :: awq_p2.0 bpw=3.9600 rel_err=0.2292 wrel_err=0.1037 t=2.96s [9/980] ETA=1.63h
2026-08-19 03:37:11 SKIP cached model.layers.0.self_attn.k_proj.weight :: rtn4
2026-08-19 03:37:21 FIT model.layers.0.self_attn.v_proj.weight :: seed_only bpw=3.0000 rel_err=0.2450 wrel_err=0.1803 t=9.92s [11/980] ETA=1.75h
2026-08-19 03:37:22 FIT model.layers.0.self_attn.v_proj.weight :: awq_p0.5 bpw=3.2400 rel_err=0.2428 wrel_err=0.1782 t=1.44s [12/980] ETA=1.61h
2026-08-19 03:37:24 FIT model.layers.0.self_attn.v_proj.weight :: awq_p1.0 bpw=3.4800 rel_err=0.2394 wrel_err=0.1753 t=2.19s [13/980] ETA=1.52h
2026-08-19 03:37:28 FIT model.layers.0.self_attn.v_proj.weight :: awq_p2.0 bpw=3.9600 rel_err=0.2322 wrel_err=0.1693 t=3.03s [14/980] ETA=1.46h
2026-08-19 03:37:28 SKIP cached model.layers.0.self_attn.v_proj.weight :: rtn4
2026-08-19 03:37:47 FIT model.layers.0.self_attn.o_proj.weight :: seed_only bpw=3.0000 rel_err=0.2502 wrel_err=0.1850 t=18.99s [16/980] ETA=1.74h
2026-08-19 03:37:49 FIT model.layers.0.self_attn.o_proj.weight :: awq_p0.5 bpw=3.2400 rel_err=0.2421 wrel_err=0.1733 t=1.69s [17/980] ETA=1.65h
2026-08-19 03:37:51 FIT model.layers.0.self_attn.o_proj.weight :: awq_p1.0 bpw=3.4800 rel_err=0.2377 wrel_err=0.1676 t=2.54s [18/980] ETA=1.59h
2026-08-19 03:37:55 FIT model.layers.0.self_attn.o_proj.weight :: awq_p2.0 bpw=3.9600 rel_err=0.2305 wrel_err=0.1588 t=4.09s [19/980] ETA=1.55h
2026-08-19 03:37:55 SKIP cached model.layers.0.self_attn.o_proj.weight :: rtn4
2026-08-19 03:38:50 FIT model.layers.0.mlp.gate_proj.weight :: seed_only bpw=3.0000 rel_err=0.2707 wrel_err=0.1481 t=54.28s [21/980] ETA=2.32h
2026-08-19 03:38:55 FIT model.layers.0.mlp.gate_proj.weight :: awq_p0.5 bpw=3.2400 rel_err=0.2650 wrel_err=0.1445 t=4.30s [22/980] ETA=2.25h
2026-08-19 03:39:02 FIT model.layers.0.mlp.gate_proj.weight :: awq_p1.0 bpw=3.4800 rel_err=0.2599 wrel_err=0.1413 t=7.05s [23/980] ETA=2.23h
2026-08-19 03:39:14 FIT model.layers.0.mlp.gate_proj.weight :: awq_p2.0 bpw=3.9600 rel_err=0.2507 wrel_err=0.1358 t=12.17s [24/980] ETA=2.28h
2026-08-19 03:39:14 SKIP cached model.layers.0.mlp.gate_proj.weight :: rtn4
2026-08-19 03:40:09 FIT model.layers.0.mlp.up_proj.weight :: seed_only bpw=3.0000 rel_err=0.2703 wrel_err=0.1903 t=54.30s [26/980] ETA=2.86h
2026-08-19 03:40:13 FIT model.layers.0.mlp.up_proj.weight :: awq_p0.5 bpw=3.2400 rel_err=0.2655 wrel_err=0.1865 t=4.27s [27/980] ETA=2.78h
2026-08-19 03:40:21 FIT model.layers.0.mlp.up_proj.weight :: awq_p1.0 bpw=3.4800 rel_err=0.2610 wrel_err=0.1830 t=7.17s [28/980] ETA=2.74h
2026-08-19 03:40:34 FIT model.layers.0.mlp.up_proj.weight :: awq_p2.0 bpw=3.9600 rel_err=0.2525 wrel_err=0.1765 t=12.60s [29/980] ETA=2.77h
2026-08-19 03:40:34 SKIP cached model.layers.0.mlp.up_proj.weight :: rtn4
2026-08-19 03:41:28 FIT model.layers.0.mlp.down_proj.weight :: seed_only bpw=3.0000 rel_err=0.2725 wrel_err=0.1408 t=54.30s [31/980] ETA=3.23h
2026-08-19 03:41:33 FIT model.layers.0.mlp.down_proj.weight :: awq_p0.5 bpw=3.2400 rel_err=0.2690 wrel_err=0.1383 t=4.19s [32/980] ETA=3.14h
2026-08-19 03:41:40 FIT model.layers.0.mlp.down_proj.weight :: awq_p1.0 bpw=3.4800 rel_err=0.2659 wrel_err=0.1362 t=7.17s [33/980] ETA=3.10h
2026-08-19 03:41:53 FIT model.layers.0.mlp.down_proj.weight :: awq_p2.0 bpw=3.9600 rel_err=0.2603 wrel_err=0.1325 t=12.48s [34/980] ETA=3.10h
2026-08-19 03:41:53 SKIP cached model.layers.0.mlp.down_proj.weight :: rtn4
2026-08-19 03:42:12 FIT model.layers.1.self_attn.q_proj.weight :: seed_only bpw=3.0000 rel_err=0.2497 wrel_err=0.1420 t=19.03s [36/980] ETA=3.16h
2026-08-19 03:42:15 FIT model.layers.1.self_attn.q_proj.weight :: awq_p0.5 bpw=3.2400 rel_err=0.2432 wrel_err=0.1377 t=2.16s [37/980] ETA=3.08h
2026-08-19 03:42:18 FIT model.layers.1.self_attn.q_proj.weight :: awq_p1.0 bpw=3.4800 rel_err=0.2382 wrel_err=0.1345 t=3.10s [38/980] ETA=3.00h
2026-08-19 03:42:22 FIT model.layers.1.self_attn.q_proj.weight :: awq_p2.0 bpw=3.9600 rel_err=0.2294 wrel_err=0.1290 t=4.56s [39/980] ETA=2.94h
2026-08-19 03:42:23 SKIP cached model.layers.1.self_attn.q_proj.weight :: rtn4
2026-08-19 03:42:33 FIT model.layers.1.self_attn.k_proj.weight :: seed_only bpw=3.0000 rel_err=0.2504 wrel_err=0.1285 t=9.94s [41/980] ETA=2.93h
2026-08-19 03:42:34 FIT model.layers.1.self_attn.k_proj.weight :: awq_p0.5 bpw=3.2400 rel_err=0.2439 wrel_err=0.1246 t=1.47s [42/980] ETA=2.85h
2026-08-19 03:42:36 FIT model.layers.1.self_attn.k_proj.weight :: awq_p1.0 bpw=3.4800 rel_err=0.2397 wrel_err=0.1221 t=2.16s [43/980] ETA=2.78h
2026-08-19 03:42:39 FIT model.layers.1.self_attn.k_proj.weight :: awq_p2.0 bpw=3.9600 rel_err=0.2314 wrel_err=0.1173 t=2.94s [44/980] ETA=2.72h
2026-08-19 03:42:39 SKIP cached model.layers.1.self_attn.k_proj.weight :: rtn4
2026-08-19 03:42:50 FIT model.layers.1.self_attn.v_proj.weight :: seed_only bpw=3.0000 rel_err=0.2495 wrel_err=0.1967 t=9.93s [46/980] ETA=2.72h
2026-08-19 03:42:51 FIT model.layers.1.self_attn.v_proj.weight :: awq_p0.5 bpw=3.2400 rel_err=0.2453 wrel_err=0.1929 t=1.67s [47/980] ETA=2.65h
2026-08-19 03:42:54 FIT model.layers.1.self_attn.v_proj.weight :: awq_p1.0 bpw=3.4800 rel_err=0.2418 wrel_err=0.1898 t=2.18s [48/980] ETA=2.60h
2026-08-19 03:42:57 FIT model.layers.1.self_attn.v_proj.weight :: awq_p2.0 bpw=3.9600 rel_err=0.2350 wrel_err=0.1837 t=2.97s [49/980] ETA=2.55h
2026-08-19 03:42:57 SKIP cached model.layers.1.self_attn.v_proj.weight :: rtn4
2026-08-19 03:43:16 FIT model.layers.1.self_attn.o_proj.weight :: seed_only bpw=3.0000 rel_err=0.2522 wrel_err=0.1913 t=18.99s [51/980] ETA=2.60h
2026-08-19 03:43:18 FIT model.layers.1.self_attn.o_proj.weight :: awq_p0.5 bpw=3.2400 rel_err=0.2471 wrel_err=0.1866 t=2.14s [52/980] ETA=2.55h
2026-08-19 03:43:21 FIT model.layers.1.self_attn.o_proj.weight :: awq_p1.0 bpw=3.4800 rel_err=0.2432 wrel_err=0.1827 t=3.04s [53/980] ETA=2.51h
2026-08-19 03:43:26 FIT model.layers.1.self_attn.o_proj.weight :: awq_p2.0 bpw=3.9600 rel_err=0.2363 wrel_err=0.1759 t=4.72s [54/980] ETA=2.48h
2026-08-19 03:43:26 SKIP cached model.layers.1.self_attn.o_proj.weight :: rtn4
2026-08-19 03:44:21 FIT model.layers.1.mlp.gate_proj.weight :: seed_only bpw=3.0000 rel_err=0.2428 wrel_err=0.0762 t=54.30s [56/980] ETA=2.73h
2026-08-19 03:44:25 FIT model.layers.1.mlp.gate_proj.weight :: awq_p0.5 bpw=3.2400 rel_err=0.2395 wrel_err=0.0748 t=3.98s [57/980] ETA=2.69h
2026-08-19 03:44:33 FIT model.layers.1.mlp.gate_proj.weight :: awq_p1.0 bpw=3.4800 rel_err=0.2354 wrel_err=0.0734 t=7.36s [58/980] ETA=2.67h
2026-08-19 03:44:45 FIT model.layers.1.mlp.gate_proj.weight :: awq_p2.0 bpw=3.9600 rel_err=0.2268 wrel_err=0.0704 t=12.63s [59/980] ETA=2.68h
2026-08-19 03:44:46 SKIP cached model.layers.1.mlp.gate_proj.weight :: rtn4
2026-08-19 03:45:40 FIT model.layers.1.mlp.up_proj.weight :: seed_only bpw=3.0000 rel_err=0.2425 wrel_err=0.1842 t=54.36s [61/980] ETA=2.91h
2026-08-19 03:45:44 FIT model.layers.1.mlp.up_proj.weight :: awq_p0.5 bpw=3.2400 rel_err=0.2375 wrel_err=0.1798 t=4.20s [62/980] ETA=2.87h
2026-08-19 03:45:52 FIT model.layers.1.mlp.up_proj.weight :: awq_p1.0 bpw=3.4800 rel_err=0.2324 wrel_err=0.1756 t=6.92s [63/980] ETA=2.84h
2026-08-19 03:46:04 FIT model.layers.1.mlp.up_proj.weight :: awq_p2.0 bpw=3.9600 rel_err=0.2232 wrel_err=0.1682 t=11.92s [64/980] ETA=2.85h
2026-08-19 03:46:04 SKIP cached model.layers.1.mlp.up_proj.weight :: rtn4
2026-08-19 03:46:58 FIT model.layers.1.mlp.down_proj.weight :: seed_only bpw=3.0000 rel_err=0.4183 wrel_err=0.1101 t=54.30s [66/980] ETA=3.05h
2026-08-19 03:47:03 FIT model.layers.1.mlp.down_proj.weight :: awq_p0.5 bpw=3.2400 rel_err=0.4122 wrel_err=0.1078 t=4.23s [67/980] ETA=3.01h
2026-08-19 03:47:10 FIT model.layers.1.mlp.down_proj.weight :: awq_p1.0 bpw=3.4800 rel_err=0.4074 wrel_err=0.1061 t=7.16s [68/980] ETA=2.99h
2026-08-19 03:47:23 FIT model.layers.1.mlp.down_proj.weight :: awq_p2.0 bpw=3.9600 rel_err=0.3987 wrel_err=0.1029 t=12.50s [69/980] ETA=2.99h
2026-08-19 03:47:23 SKIP cached model.layers.1.mlp.down_proj.weight :: rtn4
2026-08-19 03:47:43 FIT model.layers.2.self_attn.q_proj.weight :: seed_only bpw=3.0000 rel_err=0.2499 wrel_err=0.1396 t=19.00s [71/980] ETA=3.01h
2026-08-19 03:47:45 FIT model.layers.2.self_attn.q_proj.weight :: awq_p0.5 bpw=3.2400 rel_err=0.2429 wrel_err=0.1352 t=2.15s [72/980] ETA=2.97h
2026-08-19 03:47:48 FIT model.layers.2.self_attn.q_proj.weight :: awq_p1.0 bpw=3.4800 rel_err=0.2380 wrel_err=0.1320 t=3.08s [73/980] ETA=2.93h
2026-08-19 03:47:53 FIT model.layers.2.self_attn.q_proj.weight :: awq_p2.0 bpw=3.9600 rel_err=0.2295 wrel_err=0.1267 t=4.62s [74/980] ETA=2.90h
2026-08-19 03:47:53 SKIP cached model.layers.2.self_attn.q_proj.weight :: rtn4
2026-08-19 03:48:03 FIT model.layers.2.self_attn.k_proj.weight :: seed_only bpw=3.0000 rel_err=0.2494 wrel_err=0.1382 t=9.93s [76/980] ETA=2.88h
2026-08-19 03:48:04 FIT model.layers.2.self_attn.k_proj.weight :: awq_p0.5 bpw=3.2400 rel_err=0.2436 wrel_err=0.1344 t=1.51s [77/980] ETA=2.84h
2026-08-19 03:48:07 FIT model.layers.2.self_attn.k_proj.weight :: awq_p1.0 bpw=3.4800 rel_err=0.2392 wrel_err=0.1316 t=2.14s [78/980] ETA=2.80h
2026-08-19 03:48:10 FIT model.layers.2.self_attn.k_proj.weight :: awq_p2.0 bpw=3.9600 rel_err=0.2315 wrel_err=0.1267 t=2.94s [79/980] ETA=2.77h
2026-08-19 03:48:10 SKIP cached model.layers.2.self_attn.k_proj.weight :: rtn4
2026-08-19 03:48:20 FIT model.layers.2.self_attn.v_proj.weight :: seed_only bpw=3.0000 rel_err=0.2489 wrel_err=0.1968 t=9.94s [81/980] ETA=2.76h
2026-08-19 03:48:21 FIT model.layers.2.self_attn.v_proj.weight :: awq_p0.5 bpw=3.2400 rel_err=0.2451 wrel_err=0.1932 t=1.63s [82/980] ETA=2.72h
2026-08-19 03:48:24 FIT model.layers.2.self_attn.v_proj.weight :: awq_p1.0 bpw=3.4800 rel_err=0.2414 wrel_err=0.1899 t=2.17s [83/980] ETA=2.68h
2026-08-19 03:48:27 FIT model.layers.2.self_attn.v_proj.weight :: awq_p2.0 bpw=3.9600 rel_err=0.2340 wrel_err=0.1834 t=2.96s [84/980] ETA=2.65h
2026-08-19 03:48:27 SKIP cached model.layers.2.self_attn.v_proj.weight :: rtn4
2026-08-19 03:48:46 FIT model.layers.2.self_attn.o_proj.weight :: seed_only bpw=3.0000 rel_err=0.2512 wrel_err=0.1892 t=18.99s [86/980] ETA=2.68h
2026-08-19 03:48:48 FIT model.layers.2.self_attn.o_proj.weight :: awq_p0.5 bpw=3.2400 rel_err=0.2450 wrel_err=0.1825 t=1.99s [87/980] ETA=2.64h
2026-08-19 03:48:51 FIT model.layers.2.self_attn.o_proj.weight :: awq_p1.0 bpw=3.4800 rel_err=0.2407 wrel_err=0.1782 t=2.90s [88/980] ETA=2.61h
2026-08-19 03:48:55 FIT model.layers.2.self_attn.o_proj.weight :: awq_p2.0 bpw=3.9600 rel_err=0.2335 wrel_err=0.1711 t=4.40s [89/980] ETA=2.59h
2026-08-19 03:48:55 SKIP cached model.layers.2.self_attn.o_proj.weight :: rtn4
2026-08-19 03:49:50 FIT model.layers.2.mlp.gate_proj.weight :: seed_only bpw=3.0000 rel_err=0.2420 wrel_err=0.0906 t=54.30s [91/980] ETA=2.73h
2026-08-19 03:49:54 FIT model.layers.2.mlp.gate_proj.weight :: awq_p0.5 bpw=3.2400 rel_err=0.2387 wrel_err=0.0890 t=4.33s [92/980] ETA=2.71h
2026-08-19 03:50:02 FIT model.layers.2.mlp.gate_proj.weight :: awq_p1.0 bpw=3.4800 rel_err=0.2339 wrel_err=0.0871 t=7.25s [93/980] ETA=2.69h
2026-08-19 03:50:14 FIT model.layers.2.mlp.gate_proj.weight :: awq_p2.0 bpw=3.9600 rel_err=0.2250 wrel_err=0.0836 t=12.51s [94/980] ETA=2.69h
2026-08-19 03:50:15 SKIP cached model.layers.2.mlp.gate_proj.weight :: rtn4
2026-08-19 03:51:09 FIT model.layers.2.mlp.up_proj.weight :: seed_only bpw=3.0000 rel_err=0.2418 wrel_err=0.2047 t=54.28s [96/980] ETA=2.83h
2026-08-19 03:51:13 FIT model.layers.2.mlp.up_proj.weight :: awq_p0.5 bpw=3.2400 rel_err=0.2366 wrel_err=0.1998 t=4.09s [97/980] ETA=2.80h
2026-08-19 03:51:20 FIT model.layers.2.mlp.up_proj.weight :: awq_p1.0 bpw=3.4800 rel_err=0.2317 wrel_err=0.1954 t=7.02s [98/980] ETA=2.79h
2026-08-19 03:51:33 FIT model.layers.2.mlp.up_proj.weight :: awq_p2.0 bpw=3.9600 rel_err=0.2233 wrel_err=0.1878 t=12.23s [99/980] ETA=2.79h
2026-08-19 03:51:33 SKIP cached model.layers.2.mlp.up_proj.weight :: rtn4
2026-08-19 03:52:27 FIT model.layers.2.mlp.down_proj.weight :: seed_only bpw=3.0000 rel_err=0.2719 wrel_err=0.0022 t=54.27s [101/980] ETA=2.91h
2026-08-19 03:52:32 FIT model.layers.2.mlp.down_proj.weight :: awq_p0.5 bpw=3.2400 rel_err=0.2674 wrel_err=0.0021 t=4.28s [102/980] ETA=2.88h
2026-08-19 03:52:39 FIT model.layers.2.mlp.down_proj.weight :: awq_p1.0 bpw=3.4800 rel_err=0.2642 wrel_err=0.0021 t=7.18s [103/980] ETA=2.87h
2026-08-19 03:52:52 FIT model.layers.2.mlp.down_proj.weight :: awq_p2.0 bpw=3.9600 rel_err=0.2583 wrel_err=0.0020 t=12.59s [104/980] ETA=2.87h
2026-08-19 03:52:52 SKIP cached model.layers.2.mlp.down_proj.weight :: rtn4
2026-08-19 03:53:11 FIT model.layers.3.self_attn.q_proj.weight :: seed_only bpw=3.0000 rel_err=0.2462 wrel_err=0.1478 t=18.99s [106/980] ETA=2.88h
2026-08-19 03:53:14 FIT model.layers.3.self_attn.q_proj.weight :: awq_p0.5 bpw=3.2400 rel_err=0.2394 wrel_err=0.1431 t=2.17s [107/980] ETA=2.85h
2026-08-19 03:53:17 FIT model.layers.3.self_attn.q_proj.weight :: awq_p1.0 bpw=3.4800 rel_err=0.2342 wrel_err=0.1396 t=3.08s [108/980] ETA=2.83h
2026-08-19 03:53:22 FIT model.layers.3.self_attn.q_proj.weight :: awq_p2.0 bpw=3.9600 rel_err=0.2254 wrel_err=0.1338 t=4.60s [109/980] ETA=2.80h
2026-08-19 03:53:22 SKIP cached model.layers.3.self_attn.q_proj.weight :: rtn4
2026-08-19 03:53:32 FIT model.layers.3.self_attn.k_proj.weight :: seed_only bpw=3.0000 rel_err=0.2468 wrel_err=0.1540 t=9.93s [111/980] ETA=2.79h
2026-08-19 03:53:33 FIT model.layers.3.self_attn.k_proj.weight :: awq_p0.5 bpw=3.2400 rel_err=0.2392 wrel_err=0.1485 t=1.50s [112/980] ETA=2.76h
2026-08-19 03:53:36 FIT model.layers.3.self_attn.k_proj.weight :: awq_p1.0 bpw=3.4800 rel_err=0.2347 wrel_err=0.1453 t=2.18s [113/980] ETA=2.73h
2026-08-19 03:53:39 FIT model.layers.3.self_attn.k_proj.weight :: awq_p2.0 bpw=3.9600 rel_err=0.2260 wrel_err=0.1392 t=2.92s [114/980] ETA=2.71h
2026-08-19 03:53:39 SKIP cached model.layers.3.self_attn.k_proj.weight :: rtn4
2026-08-19 03:53:49 FIT model.layers.3.self_attn.v_proj.weight :: seed_only bpw=3.0000 rel_err=0.2458 wrel_err=0.2059 t=9.92s [116/980] ETA=2.70h
2026-08-19 03:53:51 FIT model.layers.3.self_attn.v_proj.weight :: awq_p0.5 bpw=3.2400 rel_err=0.2411 wrel_err=0.2014 t=1.74s [117/980] ETA=2.67h
2026-08-19 03:53:53 FIT model.layers.3.self_attn.v_proj.weight :: awq_p1.0 bpw=3.4800 rel_err=0.2370 wrel_err=0.1975 t=2.17s [118/980] ETA=2.65h
2026-08-19 03:53:56 FIT model.layers.3.self_attn.v_proj.weight :: awq_p2.0 bpw=3.9600 rel_err=0.2294 wrel_err=0.1906 t=2.96s [119/980] ETA=2.62h
2026-08-19 03:53:56 SKIP cached model.layers.3.self_attn.v_proj.weight :: rtn4
2026-08-19 03:54:15 FIT model.layers.3.self_attn.o_proj.weight :: seed_only bpw=3.0000 rel_err=0.2522 wrel_err=0.1849 t=19.00s [121/980] ETA=2.64h
2026-08-19 03:54:17 FIT model.layers.3.self_attn.o_proj.weight :: awq_p0.5 bpw=3.2400 rel_err=0.2485 wrel_err=0.1809 t=2.00s [122/980] ETA=2.61h
2026-08-19 03:54:20 FIT model.layers.3.self_attn.o_proj.weight :: awq_p1.0 bpw=3.4800 rel_err=0.2451 wrel_err=0.1771 t=3.02s [123/980] ETA=2.59h
2026-08-19 03:54:25 FIT model.layers.3.self_attn.o_proj.weight :: awq_p2.0 bpw=3.9600 rel_err=0.2388 wrel_err=0.1702 t=4.66s [124/980] ETA=2.57h
2026-08-19 03:54:25 SKIP cached model.layers.3.self_attn.o_proj.weight :: rtn4
2026-08-19 03:55:20 FIT model.layers.3.mlp.gate_proj.weight :: seed_only bpw=3.0000 rel_err=0.2397 wrel_err=0.1035 t=54.30s [126/980] ETA=2.67h
2026-08-19 03:55:24 FIT model.layers.3.mlp.gate_proj.weight :: awq_p0.5 bpw=3.2400 rel_err=0.2368 wrel_err=0.1018 t=4.30s [127/980] ETA=2.65h
2026-08-19 03:55:31 FIT model.layers.3.mlp.gate_proj.weight :: awq_p1.0 bpw=3.4800 rel_err=0.2321 wrel_err=0.0996 t=7.26s [128/980] ETA=2.64h
2026-08-19 03:55:44 FIT model.layers.3.mlp.gate_proj.weight :: awq_p2.0 bpw=3.9600 rel_err=0.2233 wrel_err=0.0956 t=12.57s [129/980] ETA=2.64h
2026-08-19 03:55:44 SKIP cached model.layers.3.mlp.gate_proj.weight :: rtn4
2026-08-19 03:56:39 FIT model.layers.3.mlp.up_proj.weight :: seed_only bpw=3.0000 rel_err=0.2396 wrel_err=0.2066 t=54.30s [131/980] ETA=2.73h
2026-08-19 03:56:43 FIT model.layers.3.mlp.up_proj.weight :: awq_p0.5 bpw=3.2400 rel_err=0.2350 wrel_err=0.2022 t=4.17s [132/980] ETA=2.71h
2026-08-19 03:56:50 FIT model.layers.3.mlp.up_proj.weight :: awq_p1.0 bpw=3.4800 rel_err=0.2301 wrel_err=0.1978 t=7.04s [133/980] ETA=2.70h
2026-08-19 03:57:03 FIT model.layers.3.mlp.up_proj.weight :: awq_p2.0 bpw=3.9600 rel_err=0.2217 wrel_err=0.1901 t=12.39s [134/980] ETA=2.70h
2026-08-19 03:57:03 SKIP cached model.layers.3.mlp.up_proj.weight :: rtn4
2026-08-19 03:57:58 FIT model.layers.3.mlp.down_proj.weight :: seed_only bpw=3.0000 rel_err=0.2662 wrel_err=0.1839 t=54.30s [136/980] ETA=2.79h
2026-08-19 03:58:02 FIT model.layers.3.mlp.down_proj.weight :: awq_p0.5 bpw=3.2400 rel_err=0.2627 wrel_err=0.1808 t=4.27s [137/980] ETA=2.77h
2026-08-19 03:58:10 FIT model.layers.3.mlp.down_proj.weight :: awq_p1.0 bpw=3.4800 rel_err=0.2599 wrel_err=0.1783 t=7.18s [138/980] ETA=2.75h
2026-08-19 03:58:22 FIT model.layers.3.mlp.down_proj.weight :: awq_p2.0 bpw=3.9600 rel_err=0.2543 wrel_err=0.1735 t=12.56s [139/980] ETA=2.75h
2026-08-19 03:58:23 SKIP cached model.layers.3.mlp.down_proj.weight :: rtn4
2026-08-19 03:58:42 FIT model.layers.4.self_attn.q_proj.weight :: seed_only bpw=3.0000 rel_err=0.2442 wrel_err=0.1614 t=19.01s [141/980] ETA=2.76h
2026-08-19 03:58:44 FIT model.layers.4.self_attn.q_proj.weight :: awq_p0.5 bpw=3.2400 rel_err=0.2387 wrel_err=0.1571 t=2.21s [142/980] ETA=2.74h
2026-08-19 03:58:47 FIT model.layers.4.self_attn.q_proj.weight :: awq_p1.0 bpw=3.4800 rel_err=0.2339 wrel_err=0.1536 t=3.09s [143/980] ETA=2.72h
2026-08-19 03:58:52 FIT model.layers.4.self_attn.q_proj.weight :: awq_p2.0 bpw=3.9600 rel_err=0.2252 wrel_err=0.1473 t=4.65s [144/980] ETA=2.70h
2026-08-19 03:58:52 SKIP cached model.layers.4.self_attn.q_proj.weight :: rtn4
2026-08-19 03:59:02 FIT model.layers.4.self_attn.k_proj.weight :: seed_only bpw=3.0000 rel_err=0.2448 wrel_err=0.1540 t=9.93s [146/980] ETA=2.69h
2026-08-19 03:59:04 FIT model.layers.4.self_attn.k_proj.weight :: awq_p0.5 bpw=3.2400 rel_err=0.2383 wrel_err=0.1492 t=1.55s [147/980] ETA=2.67h
2026-08-19 03:59:06 FIT model.layers.4.self_attn.k_proj.weight :: awq_p1.0 bpw=3.4800 rel_err=0.2342 wrel_err=0.1463 t=2.21s [148/980] ETA=2.65h
2026-08-19 03:59:09 FIT model.layers.4.self_attn.k_proj.weight :: awq_p2.0 bpw=3.9600 rel_err=0.2259 wrel_err=0.1404 t=2.96s [149/980] ETA=2.63h
2026-08-19 03:59:09 SKIP cached model.layers.4.self_attn.k_proj.weight :: rtn4
2026-08-19 03:59:19 FIT model.layers.4.self_attn.v_proj.weight :: seed_only bpw=3.0000 rel_err=0.2440 wrel_err=0.2065 t=9.93s [151/980] ETA=2.62h
2026-08-19 03:59:21 FIT model.layers.4.self_attn.v_proj.weight :: awq_p0.5 bpw=3.2400 rel_err=0.2404 wrel_err=0.2029 t=1.72s [152/980] ETA=2.60h
2026-08-19 03:59:23 FIT model.layers.4.self_attn.v_proj.weight :: awq_p1.0 bpw=3.4800 rel_err=0.2365 wrel_err=0.1992 t=2.17s [153/980] ETA=2.58h
2026-08-19 03:59:26 FIT model.layers.4.self_attn.v_proj.weight :: awq_p2.0 bpw=3.9600 rel_err=0.2286 wrel_err=0.1920 t=2.96s [154/980] ETA=2.56h
2026-08-19 03:59:26 SKIP cached model.layers.4.self_attn.v_proj.weight :: rtn4
2026-08-19 03:59:46 FIT model.layers.4.self_attn.o_proj.weight :: seed_only bpw=3.0000 rel_err=0.2497 wrel_err=0.1989 t=19.00s [156/980] ETA=2.57h
2026-08-19 03:59:47 FIT model.layers.4.self_attn.o_proj.weight :: awq_p0.5 bpw=3.2400 rel_err=0.2447 wrel_err=0.1863 t=1.78s [157/980] ETA=2.55h
2026-08-19 03:59:50 FIT model.layers.4.self_attn.o_proj.weight :: awq_p1.0 bpw=3.4800 rel_err=0.2414 wrel_err=0.1793 t=2.57s [158/980] ETA=2.53h
2026-08-19 03:59:54 FIT model.layers.4.self_attn.o_proj.weight :: awq_p2.0 bpw=3.9600 rel_err=0.2357 wrel_err=0.1688 t=3.85s [159/980] ETA=2.52h
2026-08-19 03:59:54 SKIP cached model.layers.4.self_attn.o_proj.weight :: rtn4
2026-08-19 04:00:49 FIT model.layers.4.mlp.gate_proj.weight :: seed_only bpw=3.0000 rel_err=0.2389 wrel_err=0.1219 t=54.34s [161/980] ETA=2.59h
2026-08-19 04:00:53 FIT model.layers.4.mlp.gate_proj.weight :: awq_p0.5 bpw=3.2400 rel_err=0.2363 wrel_err=0.1202 t=4.33s [162/980] ETA=2.57h
2026-08-19 04:01:01 FIT model.layers.4.mlp.gate_proj.weight :: awq_p1.0 bpw=3.4800 rel_err=0.2313 wrel_err=0.1174 t=7.24s [163/980] ETA=2.56h
2026-08-19 04:01:13 FIT model.layers.4.mlp.gate_proj.weight :: awq_p2.0 bpw=3.9600 rel_err=0.2222 wrel_err=0.1124 t=12.53s [164/980] ETA=2.56h
2026-08-19 04:01:14 SKIP cached model.layers.4.mlp.gate_proj.weight :: rtn4
2026-08-19 04:02:08 FIT model.layers.4.mlp.up_proj.weight :: seed_only bpw=3.0000 rel_err=0.2388 wrel_err=0.2108 t=54.29s [166/980] ETA=2.63h
2026-08-19 04:02:12 FIT model.layers.4.mlp.up_proj.weight :: awq_p0.5 bpw=3.2400 rel_err=0.2339 wrel_err=0.2060 t=4.18s [167/980] ETA=2.61h
2026-08-19 04:02:20 FIT model.layers.4.mlp.up_proj.weight :: awq_p1.0 bpw=3.4800 rel_err=0.2289 wrel_err=0.2013 t=7.05s [168/980] ETA=2.60h
2026-08-19 04:02:32 FIT model.layers.4.mlp.up_proj.weight :: awq_p2.0 bpw=3.9600 rel_err=0.2203 wrel_err=0.1934 t=12.33s [169/980] ETA=2.60h
2026-08-19 04:02:33 SKIP cached model.layers.4.mlp.up_proj.weight :: rtn4
2026-08-19 04:03:27 FIT model.layers.4.mlp.down_proj.weight :: seed_only bpw=3.0000 rel_err=0.2531 wrel_err=0.1975 t=54.30s [171/980] ETA=2.67h
2026-08-19 04:03:31 FIT model.layers.4.mlp.down_proj.weight :: awq_p0.5 bpw=3.2400 rel_err=0.2486 wrel_err=0.1934 t=4.25s [172/980] ETA=2.65h
2026-08-19 04:03:39 FIT model.layers.4.mlp.down_proj.weight :: awq_p1.0 bpw=3.4800 rel_err=0.2449 wrel_err=0.1899 t=7.13s [173/980] ETA=2.64h
2026-08-19 04:03:52 FIT model.layers.4.mlp.down_proj.weight :: awq_p2.0 bpw=3.9600 rel_err=0.2379 wrel_err=0.1836 t=12.56s [174/980] ETA=2.64h
2026-08-19 04:03:52 SKIP cached model.layers.4.mlp.down_proj.weight :: rtn4
2026-08-19 04:04:11 FIT model.layers.5.self_attn.q_proj.weight :: seed_only bpw=3.0000 rel_err=0.2471 wrel_err=0.1611 t=19.00s [176/980] ETA=2.64h
2026-08-19 04:04:13 FIT model.layers.5.self_attn.q_proj.weight :: awq_p0.5 bpw=3.2400 rel_err=0.2416 wrel_err=0.1569 t=2.21s [177/980] ETA=2.62h
2026-08-19 04:04:16 FIT model.layers.5.self_attn.q_proj.weight :: awq_p1.0 bpw=3.4800 rel_err=0.2371 wrel_err=0.1536 t=3.08s [178/980] ETA=2.61h
2026-08-19 04:04:21 FIT model.layers.5.self_attn.q_proj.weight :: awq_p2.0 bpw=3.9600 rel_err=0.2289 wrel_err=0.1477 t=4.61s [179/980] ETA=2.59h
2026-08-19 04:04:21 SKIP cached model.layers.5.self_attn.q_proj.weight :: rtn4
2026-08-19 04:04:31 FIT model.layers.5.self_attn.k_proj.weight :: seed_only bpw=3.0000 rel_err=0.2468 wrel_err=0.1428 t=9.94s [181/980] ETA=2.59h
2026-08-19 04:04:33 FIT model.layers.5.self_attn.k_proj.weight :: awq_p0.5 bpw=3.2400 rel_err=0.2430 wrel_err=0.1401 t=1.47s [182/980] ETA=2.57h
2026-08-19 04:04:35 FIT model.layers.5.self_attn.k_proj.weight :: awq_p1.0 bpw=3.4800 rel_err=0.2396 wrel_err=0.1377 t=2.17s [183/980] ETA=2.55h
2026-08-19 04:04:38 FIT model.layers.5.self_attn.k_proj.weight :: awq_p2.0 bpw=3.9600 rel_err=0.2321 wrel_err=0.1328 t=2.99s [184/980] ETA=2.53h
2026-08-19 04:04:38 SKIP cached model.layers.5.self_attn.k_proj.weight :: rtn4
2026-08-19 04:04:48 FIT model.layers.5.self_attn.v_proj.weight :: seed_only bpw=3.0000 rel_err=0.2485 wrel_err=0.1992 t=9.94s [186/980] ETA=2.53h
2026-08-19 04:04:50 FIT model.layers.5.self_attn.v_proj.weight :: awq_p0.5 bpw=3.2400 rel_err=0.2415 wrel_err=0.1928 t=1.62s [187/980] ETA=2.51h
2026-08-19 04:04:52 FIT model.layers.5.self_attn.v_proj.weight :: awq_p1.0 bpw=3.4800 rel_err=0.2376 wrel_err=0.1893 t=2.14s [188/980] ETA=2.49h
2026-08-19 04:04:55 FIT model.layers.5.self_attn.v_proj.weight :: awq_p2.0 bpw=3.9600 rel_err=0.2300 wrel_err=0.1825 t=2.94s [189/980] ETA=2.48h
2026-08-19 04:04:55 SKIP cached model.layers.5.self_attn.v_proj.weight :: rtn4
2026-08-19 04:05:15 FIT model.layers.5.self_attn.o_proj.weight :: seed_only bpw=3.0000 rel_err=0.2477 wrel_err=0.1940 t=18.99s [191/980] ETA=2.48h
2026-08-19 04:05:16 FIT model.layers.5.self_attn.o_proj.weight :: awq_p0.5 bpw=3.2400 rel_err=0.2384 wrel_err=0.1778 t=1.44s [192/980] ETA=2.46h
2026-08-19 04:05:19 FIT model.layers.5.self_attn.o_proj.weight :: awq_p1.0 bpw=3.4800 rel_err=0.2348 wrel_err=0.1720 t=2.32s [193/980] ETA=2.45h
2026-08-19 04:05:23 FIT model.layers.5.self_attn.o_proj.weight :: awq_p2.0 bpw=3.9600 rel_err=0.2287 wrel_err=0.1628 t=3.91s [194/980] ETA=2.44h
2026-08-19 04:05:23 SKIP cached model.layers.5.self_attn.o_proj.weight :: rtn4
2026-08-19 04:06:17 FIT model.layers.5.mlp.gate_proj.weight :: seed_only bpw=3.0000 rel_err=0.2388 wrel_err=0.1735 t=54.30s [196/980] ETA=2.49h
2026-08-19 04:06:22 FIT model.layers.5.mlp.gate_proj.weight :: awq_p0.5 bpw=3.2400 rel_err=0.2350 wrel_err=0.1702 t=4.33s [197/980] ETA=2.48h
2026-08-19 04:06:29 FIT model.layers.5.mlp.gate_proj.weight :: awq_p1.0 bpw=3.4800 rel_err=0.2299 wrel_err=0.1663 t=7.06s [198/980] ETA=2.47h
2026-08-19 04:06:42 FIT model.layers.5.mlp.gate_proj.weight :: awq_p2.0 bpw=3.9600 rel_err=0.2209 wrel_err=0.1594 t=12.20s [199/980] ETA=2.47h
2026-08-19 04:06:42 SKIP cached model.layers.5.mlp.gate_proj.weight :: rtn4
2026-08-19 04:07:36 FIT model.layers.5.mlp.up_proj.weight :: seed_only bpw=3.0000 rel_err=0.2387 wrel_err=0.2114 t=54.29s [201/980] ETA=2.52h
2026-08-19 04:07:41 FIT model.layers.5.mlp.up_proj.weight :: awq_p0.5 bpw=3.2400 rel_err=0.2338 wrel_err=0.2067 t=4.19s [202/980] ETA=2.51h
2026-08-19 04:07:48 FIT model.layers.5.mlp.up_proj.weight :: awq_p1.0 bpw=3.4800 rel_err=0.2291 wrel_err=0.2022 t=7.17s [203/980] ETA=2.50h
2026-08-19 04:08:01 FIT model.layers.5.mlp.up_proj.weight :: awq_p2.0 bpw=3.9600 rel_err=0.2207 wrel_err=0.1945 t=12.60s [204/980] ETA=2.50h
2026-08-19 04:08:01 SKIP cached model.layers.5.mlp.up_proj.weight :: rtn4
2026-08-19 04:08:55 FIT model.layers.5.mlp.down_proj.weight :: seed_only bpw=3.0000 rel_err=0.2394 wrel_err=0.2012 t=54.28s [206/980] ETA=2.54h
2026-08-19 04:09:00 FIT model.layers.5.mlp.down_proj.weight :: awq_p0.5 bpw=3.2400 rel_err=0.2349 wrel_err=0.1969 t=4.22s [207/980] ETA=2.53h
2026-08-19 04:09:07 FIT model.layers.5.mlp.down_proj.weight :: awq_p1.0 bpw=3.4800 rel_err=0.2306 wrel_err=0.1930 t=7.10s [208/980] ETA=2.52h
2026-08-19 04:09:20 FIT model.layers.5.mlp.down_proj.weight :: awq_p2.0 bpw=3.9600 rel_err=0.2226 wrel_err=0.1858 t=12.53s [209/980] ETA=2.52h
2026-08-19 04:09:20 SKIP cached model.layers.5.mlp.down_proj.weight :: rtn4
2026-08-19 04:09:39 FIT model.layers.6.self_attn.q_proj.weight :: seed_only bpw=3.0000 rel_err=0.2493 wrel_err=0.1499 t=18.99s [211/980] ETA=2.52h
2026-08-19 04:09:41 FIT model.layers.6.self_attn.q_proj.weight :: awq_p0.5 bpw=3.2400 rel_err=0.2417 wrel_err=0.1445 t=2.20s [212/980] ETA=2.51h
2026-08-19 04:09:44 FIT model.layers.6.self_attn.q_proj.weight :: awq_p1.0 bpw=3.4800 rel_err=0.2352 wrel_err=0.1401 t=3.03s [213/980] ETA=2.49h
2026-08-19 04:09:49 FIT model.layers.6.self_attn.q_proj.weight :: awq_p2.0 bpw=3.9600 rel_err=0.2247 wrel_err=0.1334 t=4.43s [214/980] ETA=2.48h
2026-08-19 04:09:49 SKIP cached model.layers.6.self_attn.q_proj.weight :: rtn4
2026-08-19 04:09:59 FIT model.layers.6.self_attn.k_proj.weight :: seed_only bpw=3.0000 rel_err=0.2504 wrel_err=0.1433 t=9.94s [216/980] ETA=2.47h
2026-08-19 04:10:01 FIT model.layers.6.self_attn.k_proj.weight :: awq_p0.5 bpw=3.2400 rel_err=0.2427 wrel_err=0.1380 t=1.50s [217/980] ETA=2.46h
2026-08-19 04:10:03 FIT model.layers.6.self_attn.k_proj.weight :: awq_p1.0 bpw=3.4800 rel_err=0.2380 wrel_err=0.1349 t=2.16s [218/980] ETA=2.44h
2026-08-19 04:10:06 FIT model.layers.6.self_attn.k_proj.weight :: awq_p2.0 bpw=3.9600 rel_err=0.2291 wrel_err=0.1291 t=2.94s [219/980] ETA=2.43h
2026-08-19 04:10:06 SKIP cached model.layers.6.self_attn.k_proj.weight :: rtn4
2026-08-19 04:10:16 FIT model.layers.6.self_attn.v_proj.weight :: seed_only bpw=3.0000 rel_err=0.2489 wrel_err=0.2087 t=9.93s [221/980] ETA=2.42h
2026-08-19 04:10:18 FIT model.layers.6.self_attn.v_proj.weight :: awq_p0.5 bpw=3.2400 rel_err=0.2450 wrel_err=0.2049 t=1.77s [222/980] ETA=2.41h
2026-08-19 04:10:20 FIT model.layers.6.self_attn.v_proj.weight :: awq_p1.0 bpw=3.4800 rel_err=0.2406 wrel_err=0.2009 t=2.17s [223/980] ETA=2.39h
2026-08-19 04:10:23 FIT model.layers.6.self_attn.v_proj.weight :: awq_p2.0 bpw=3.9600 rel_err=0.2325 wrel_err=0.1934 t=2.94s [224/980] ETA=2.38h
2026-08-19 04:10:23 SKIP cached model.layers.6.self_attn.v_proj.weight :: rtn4
2026-08-19 04:10:42 FIT model.layers.6.self_attn.o_proj.weight :: seed_only bpw=3.0000 rel_err=0.2556 wrel_err=0.1881 t=19.00s [226/980] ETA=2.38h
2026-08-19 04:10:44 FIT model.layers.6.self_attn.o_proj.weight :: awq_p0.5 bpw=3.2400 rel_err=0.2514 wrel_err=0.1735 t=1.67s [227/980] ETA=2.37h
2026-08-19 04:10:47 FIT model.layers.6.self_attn.o_proj.weight :: awq_p1.0 bpw=3.4800 rel_err=0.2486 wrel_err=0.1665 t=2.50s [228/980] ETA=2.36h
2026-08-19 04:10:51 FIT model.layers.6.self_attn.o_proj.weight :: awq_p2.0 bpw=3.9600 rel_err=0.2432 wrel_err=0.1565 t=3.78s [229/980] ETA=2.34h
2026-08-19 04:10:51 SKIP cached model.layers.6.self_attn.o_proj.weight :: rtn4
2026-08-19 04:11:45 FIT model.layers.6.mlp.gate_proj.weight :: seed_only bpw=3.0000 rel_err=0.2398 wrel_err=0.1637 t=54.30s [231/980] ETA=2.39h
2026-08-19 04:11:50 FIT model.layers.6.mlp.gate_proj.weight :: awq_p0.5 bpw=3.2400 rel_err=0.2359 wrel_err=0.1604 t=4.35s [232/980] ETA=2.38h
2026-08-19 04:11:57 FIT model.layers.6.mlp.gate_proj.weight :: awq_p1.0 bpw=3.4800 rel_err=0.2308 wrel_err=0.1566 t=7.05s [233/980] ETA=2.37h
2026-08-19 04:12:09 FIT model.layers.6.mlp.gate_proj.weight :: awq_p2.0 bpw=3.9600 rel_err=0.2216 wrel_err=0.1499 t=12.12s [234/980] ETA=2.37h
2026-08-19 04:12:09 SKIP cached model.layers.6.mlp.gate_proj.weight :: rtn4
2026-08-19 04:13:04 FIT model.layers.6.mlp.up_proj.weight :: seed_only bpw=3.0000 rel_err=0.2397 wrel_err=0.2120 t=54.30s [236/980] ETA=2.41h
2026-08-19 04:13:08 FIT model.layers.6.mlp.up_proj.weight :: awq_p0.5 bpw=3.2400 rel_err=0.2349 wrel_err=0.2073 t=4.19s [237/980] ETA=2.40h
2026-08-19 04:13:16 FIT model.layers.6.mlp.up_proj.weight :: awq_p1.0 bpw=3.4800 rel_err=0.2300 wrel_err=0.2027 t=7.11s [238/980] ETA=2.39h
2026-08-19 04:13:29 FIT model.layers.6.mlp.up_proj.weight :: awq_p2.0 bpw=3.9600 rel_err=0.2214 wrel_err=0.1947 t=12.47s [239/980] ETA=2.39h
2026-08-19 04:13:29 SKIP cached model.layers.6.mlp.up_proj.weight :: rtn4
2026-08-19 04:14:23 FIT model.layers.6.mlp.down_proj.weight :: seed_only bpw=3.0000 rel_err=0.2403 wrel_err=0.2037 t=54.31s [241/980] ETA=2.43h
2026-08-19 04:14:28 FIT model.layers.6.mlp.down_proj.weight :: awq_p0.5 bpw=3.2400 rel_err=0.2355 wrel_err=0.1991 t=4.25s [242/980] ETA=2.42h
2026-08-19 04:14:35 FIT model.layers.6.mlp.down_proj.weight :: awq_p1.0 bpw=3.4800 rel_err=0.2311 wrel_err=0.1950 t=7.13s [243/980] ETA=2.41h
2026-08-19 04:14:48 FIT model.layers.6.mlp.down_proj.weight :: awq_p2.0 bpw=3.9600 rel_err=0.2230 wrel_err=0.1876 t=12.57s [244/980] ETA=2.40h
2026-08-19 04:14:48 SKIP cached model.layers.6.mlp.down_proj.weight :: rtn4
2026-08-19 04:15:07 FIT model.layers.7.self_attn.q_proj.weight :: seed_only bpw=3.0000 rel_err=0.2458 wrel_err=0.1633 t=19.02s [246/980] ETA=2.41h
2026-08-19 04:15:10 FIT model.layers.7.self_attn.q_proj.weight :: awq_p0.5 bpw=3.2400 rel_err=0.2403 wrel_err=0.1590 t=2.20s [247/980] ETA=2.39h
2026-08-19 04:15:13 FIT model.layers.7.self_attn.q_proj.weight :: awq_p1.0 bpw=3.4800 rel_err=0.2354 wrel_err=0.1554 t=3.11s [248/980] ETA=2.38h
2026-08-19 04:15:17 FIT model.layers.7.self_attn.q_proj.weight :: awq_p2.0 bpw=3.9600 rel_err=0.2268 wrel_err=0.1491 t=4.66s [249/980] ETA=2.37h
2026-08-19 04:15:18 SKIP cached model.layers.7.self_attn.q_proj.weight :: rtn4
2026-08-19 04:15:28 FIT model.layers.7.self_attn.k_proj.weight :: seed_only bpw=3.0000 rel_err=0.2460 wrel_err=0.1504 t=9.93s [251/980] ETA=2.36h
2026-08-19 04:15:29 FIT model.layers.7.self_attn.k_proj.weight :: awq_p0.5 bpw=3.2400 rel_err=0.2421 wrel_err=0.1474 t=1.38s [252/980] ETA=2.35h
2026-08-19 04:15:31 FIT model.layers.7.self_attn.k_proj.weight :: awq_p1.0 bpw=3.4800 rel_err=0.2384 wrel_err=0.1447 t=2.18s [253/980] ETA=2.34h
2026-08-19 04:15:34 FIT model.layers.7.self_attn.k_proj.weight :: awq_p2.0 bpw=3.9600 rel_err=0.2303 wrel_err=0.1391 t=2.99s [254/980] ETA=2.33h
2026-08-19 04:15:34 SKIP cached model.layers.7.self_attn.k_proj.weight :: rtn4
2026-08-19 04:15:44 FIT model.layers.7.self_attn.v_proj.weight :: seed_only bpw=3.0000 rel_err=0.2460 wrel_err=0.2144 t=9.94s [256/980] ETA=2.32h
2026-08-19 04:15:46 FIT model.layers.7.self_attn.v_proj.weight :: awq_p0.5 bpw=3.2400 rel_err=0.2410 wrel_err=0.2094 t=1.77s [257/980] ETA=2.30h
2026-08-19 04:15:49 FIT model.layers.7.self_attn.v_proj.weight :: awq_p1.0 bpw=3.4800 rel_err=0.2363 wrel_err=0.2049 t=2.18s [258/980] ETA=2.29h
2026-08-19 04:15:52 FIT model.layers.7.self_attn.v_proj.weight :: awq_p2.0 bpw=3.9600 rel_err=0.2280 wrel_err=0.1972 t=2.92s [259/980] ETA=2.28h
2026-08-19 04:15:52 SKIP cached model.layers.7.self_attn.v_proj.weight :: rtn4
2026-08-19 04:16:11 FIT model.layers.7.self_attn.o_proj.weight :: seed_only bpw=3.0000 rel_err=0.2443 wrel_err=0.2008 t=18.98s [261/980] ETA=2.28h
2026-08-19 04:16:13 FIT model.layers.7.self_attn.o_proj.weight :: awq_p0.5 bpw=3.2400 rel_err=0.2395 wrel_err=0.1941 t=2.03s [262/980] ETA=2.27h
2026-08-19 04:16:16 FIT model.layers.7.self_attn.o_proj.weight :: awq_p1.0 bpw=3.4800 rel_err=0.2360 wrel_err=0.1891 t=2.98s [263/980] ETA=2.26h
2026-08-19 04:16:20 FIT model.layers.7.self_attn.o_proj.weight :: awq_p2.0 bpw=3.9600 rel_err=0.2294 wrel_err=0.1806 t=4.50s [264/980] ETA=2.25h
2026-08-19 04:16:21 SKIP cached model.layers.7.self_attn.o_proj.weight :: rtn4
2026-08-19 04:17:15 FIT model.layers.7.mlp.gate_proj.weight :: seed_only bpw=3.0000 rel_err=0.2379 wrel_err=0.1647 t=54.30s [266/980] ETA=2.28h
2026-08-19 04:17:20 FIT model.layers.7.mlp.gate_proj.weight :: awq_p0.5 bpw=3.2400 rel_err=0.2351 wrel_err=0.1622 t=4.34s [267/980] ETA=2.27h
2026-08-19 04:17:27 FIT model.layers.7.mlp.gate_proj.weight :: awq_p1.0 bpw=3.4800 rel_err=0.2298 wrel_err=0.1583 t=7.04s [268/980] ETA=2.27h
2026-08-19 04:17:39 FIT model.layers.7.mlp.gate_proj.weight :: awq_p2.0 bpw=3.9600 rel_err=0.2202 wrel_err=0.1513 t=12.15s [269/980] ETA=2.26h
2026-08-19 04:17:39 SKIP cached model.layers.7.mlp.gate_proj.weight :: rtn4
2026-08-19 04:18:34 FIT model.layers.7.mlp.up_proj.weight :: seed_only bpw=3.0000 rel_err=0.2380 wrel_err=0.2127 t=54.29s [271/980] ETA=2.30h
2026-08-19 04:18:38 FIT model.layers.7.mlp.up_proj.weight :: awq_p0.5 bpw=3.2400 rel_err=0.2329 wrel_err=0.2076 t=4.14s [272/980] ETA=2.29h
2026-08-19 04:18:45 FIT model.layers.7.mlp.up_proj.weight :: awq_p1.0 bpw=3.4800 rel_err=0.2278 wrel_err=0.2029 t=7.05s [273/980] ETA=2.28h
2026-08-19 04:18:58 FIT model.layers.7.mlp.up_proj.weight :: awq_p2.0 bpw=3.9600 rel_err=0.2191 wrel_err=0.1947 t=12.33s [274/980] ETA=2.28h
2026-08-19 04:18:58 SKIP cached model.layers.7.mlp.up_proj.weight :: rtn4
2026-08-19 04:19:53 FIT model.layers.7.mlp.down_proj.weight :: seed_only bpw=3.0000 rel_err=0.2427 wrel_err=0.1965 t=54.32s [276/980] ETA=2.31h
2026-08-19 04:19:57 FIT model.layers.7.mlp.down_proj.weight :: awq_p0.5 bpw=3.2400 rel_err=0.2384 wrel_err=0.1924 t=4.24s [277/980] ETA=2.30h
2026-08-19 04:20:04 FIT model.layers.7.mlp.down_proj.weight :: awq_p1.0 bpw=3.4800 rel_err=0.2340 wrel_err=0.1885 t=7.09s [278/980] ETA=2.29h
2026-08-19 04:20:17 FIT model.layers.7.mlp.down_proj.weight :: awq_p2.0 bpw=3.9600 rel_err=0.2259 wrel_err=0.1813 t=12.49s [279/980] ETA=2.29h
2026-08-19 04:20:17 SKIP cached model.layers.7.mlp.down_proj.weight :: rtn4
2026-08-19 04:20:37 FIT model.layers.8.self_attn.q_proj.weight :: seed_only bpw=3.0000 rel_err=0.2473 wrel_err=0.1622 t=18.99s [281/980] ETA=2.29h
2026-08-19 04:20:39 FIT model.layers.8.self_attn.q_proj.weight :: awq_p0.5 bpw=3.2400 rel_err=0.2406 wrel_err=0.1571 t=2.23s [282/980] ETA=2.28h
2026-08-19 04:20:42 FIT model.layers.8.self_attn.q_proj.weight :: awq_p1.0 bpw=3.4800 rel_err=0.2341 wrel_err=0.1524 t=2.99s [283/980] ETA=2.27h
2026-08-19 04:20:47 FIT model.layers.8.self_attn.q_proj.weight :: awq_p2.0 bpw=3.9600 rel_err=0.2236 wrel_err=0.1450 t=4.41s [284/980] ETA=2.26h
2026-08-19 04:20:47 SKIP cached model.layers.8.self_attn.q_proj.weight :: rtn4
2026-08-19 04:20:57 FIT model.layers.8.self_attn.k_proj.weight :: seed_only bpw=3.0000 rel_err=0.2483 wrel_err=0.1637 t=9.93s [286/980] ETA=2.25h
2026-08-19 04:20:58 FIT model.layers.8.self_attn.k_proj.weight :: awq_p0.5 bpw=3.2400 rel_err=0.2408 wrel_err=0.1580 t=1.60s [287/980] ETA=2.24h
2026-08-19 04:21:01 FIT model.layers.8.self_attn.k_proj.weight :: awq_p1.0 bpw=3.4800 rel_err=0.2354 wrel_err=0.1539 t=2.19s [288/980] ETA=2.23h
2026-08-19 04:21:04 FIT model.layers.8.self_attn.k_proj.weight :: awq_p2.0 bpw=3.9600 rel_err=0.2252 wrel_err=0.1466 t=2.88s [289/980] ETA=2.22h
2026-08-19 04:21:04 SKIP cached model.layers.8.self_attn.k_proj.weight :: rtn4
2026-08-19 04:21:14 FIT model.layers.8.self_attn.v_proj.weight :: seed_only bpw=3.0000 rel_err=0.2462 wrel_err=0.2103 t=9.93s [291/980] ETA=2.21h
2026-08-19 04:21:16 FIT model.layers.8.self_attn.v_proj.weight :: awq_p0.5 bpw=3.2400 rel_err=0.2423 wrel_err=0.2064 t=1.77s [292/980] ETA=2.20h
2026-08-19 04:21:18 FIT model.layers.8.self_attn.v_proj.weight :: awq_p1.0 bpw=3.4800 rel_err=0.2379 wrel_err=0.2023 t=2.16s [293/980] ETA=2.19h
2026-08-19 04:21:21 FIT model.layers.8.self_attn.v_proj.weight :: awq_p2.0 bpw=3.9600 rel_err=0.2299 wrel_err=0.1949 t=2.94s [294/980] ETA=2.18h
2026-08-19 04:21:21 SKIP cached model.layers.8.self_attn.v_proj.weight :: rtn4
2026-08-19 04:21:40 FIT model.layers.8.self_attn.o_proj.weight :: seed_only bpw=3.0000 rel_err=0.2587 wrel_err=0.1750 t=19.00s [296/980] ETA=2.18h
2026-08-19 04:21:42 FIT model.layers.8.self_attn.o_proj.weight :: awq_p0.5 bpw=3.2400 rel_err=0.2554 wrel_err=0.1704 t=1.77s [297/980] ETA=2.17h
2026-08-19 04:21:45 FIT model.layers.8.self_attn.o_proj.weight :: awq_p1.0 bpw=3.4800 rel_err=0.2526 wrel_err=0.1666 t=2.72s [298/980] ETA=2.16h
2026-08-19 04:21:49 FIT model.layers.8.self_attn.o_proj.weight :: awq_p2.0 bpw=3.9600 rel_err=0.2471 wrel_err=0.1593 t=4.26s [299/980] ETA=2.15h
2026-08-19 04:21:49 SKIP cached model.layers.8.self_attn.o_proj.weight :: rtn4
2026-08-19 04:22:44 FIT model.layers.8.mlp.gate_proj.weight :: seed_only bpw=3.0000 rel_err=0.2397 wrel_err=0.1716 t=54.29s [301/980] ETA=2.18h
2026-08-19 04:22:48 FIT model.layers.8.mlp.gate_proj.weight :: awq_p0.5 bpw=3.2400 rel_err=0.2364 wrel_err=0.1686 t=4.31s [302/980] ETA=2.17h
2026-08-19 04:22:55 FIT model.layers.8.mlp.gate_proj.weight :: awq_p1.0 bpw=3.4800 rel_err=0.2311 wrel_err=0.1645 t=6.99s [303/980] ETA=2.16h
2026-08-19 04:23:08 FIT model.layers.8.mlp.gate_proj.weight :: awq_p2.0 bpw=3.9600 rel_err=0.2215 wrel_err=0.1571 t=12.02s [304/980] ETA=2.16h
2026-08-19 04:23:08 SKIP cached model.layers.8.mlp.gate_proj.weight :: rtn4
2026-08-19 04:24:02 FIT model.layers.8.mlp.up_proj.weight :: seed_only bpw=3.0000 rel_err=0.2397 wrel_err=0.2120 t=54.30s [306/980] ETA=2.19h
2026-08-19 04:24:07 FIT model.layers.8.mlp.up_proj.weight :: awq_p0.5 bpw=3.2400 rel_err=0.2348 wrel_err=0.2072 t=4.16s [307/980] ETA=2.18h
2026-08-19 04:24:14 FIT model.layers.8.mlp.up_proj.weight :: awq_p1.0 bpw=3.4800 rel_err=0.2298 wrel_err=0.2025 t=7.08s [308/980] ETA=2.17h
2026-08-19 04:24:27 FIT model.layers.8.mlp.up_proj.weight :: awq_p2.0 bpw=3.9600 rel_err=0.2210 wrel_err=0.1943 t=12.40s [309/980] ETA=2.17h
2026-08-19 04:24:27 SKIP cached model.layers.8.mlp.up_proj.weight :: rtn4
2026-08-19 04:25:21 FIT model.layers.8.mlp.down_proj.weight :: seed_only bpw=3.0000 rel_err=0.2424 wrel_err=0.2020 t=54.30s [311/980] ETA=2.19h
2026-08-19 04:25:26 FIT model.layers.8.mlp.down_proj.weight :: awq_p0.5 bpw=3.2400 rel_err=0.2382 wrel_err=0.1979 t=4.23s [312/980] ETA=2.18h
2026-08-19 04:25:33 FIT model.layers.8.mlp.down_proj.weight :: awq_p1.0 bpw=3.4800 rel_err=0.2340 wrel_err=0.1940 t=7.08s [313/980] ETA=2.18h
2026-08-19 04:25:46 FIT model.layers.8.mlp.down_proj.weight :: awq_p2.0 bpw=3.9600 rel_err=0.2259 wrel_err=0.1867 t=12.46s [314/980] ETA=2.18h
2026-08-19 04:25:46 SKIP cached model.layers.8.mlp.down_proj.weight :: rtn4
2026-08-19 04:26:05 FIT model.layers.9.self_attn.q_proj.weight :: seed_only bpw=3.0000 rel_err=0.2480 wrel_err=0.1475 t=19.00s [316/980] ETA=2.17h
2026-08-19 04:26:07 FIT model.layers.9.self_attn.q_proj.weight :: awq_p0.5 bpw=3.2400 rel_err=0.2415 wrel_err=0.1429 t=2.24s [317/980] ETA=2.16h
2026-08-19 04:26:11 FIT model.layers.9.self_attn.q_proj.weight :: awq_p1.0 bpw=3.4800 rel_err=0.2353 wrel_err=0.1388 t=3.05s [318/980] ETA=2.16h
2026-08-19 04:26:15 FIT model.layers.9.self_attn.q_proj.weight :: awq_p2.0 bpw=3.9600 rel_err=0.2246 wrel_err=0.1320 t=4.43s [319/980] ETA=2.15h
2026-08-19 04:26:15 SKIP cached model.layers.9.self_attn.q_proj.weight :: rtn4
2026-08-19 04:26:25 FIT model.layers.9.self_attn.k_proj.weight :: seed_only bpw=3.0000 rel_err=0.2491 wrel_err=0.1419 t=9.93s [321/980] ETA=2.14h
2026-08-19 04:26:27 FIT model.layers.9.self_attn.k_proj.weight :: awq_p0.5 bpw=3.2400 rel_err=0.2430 wrel_err=0.1378 t=1.46s [322/980] ETA=2.13h
2026-08-19 04:26:29 FIT model.layers.9.self_attn.k_proj.weight :: awq_p1.0 bpw=3.4800 rel_err=0.2385 wrel_err=0.1349 t=2.19s [323/980] ETA=2.12h
2026-08-19 04:26:32 FIT model.layers.9.self_attn.k_proj.weight :: awq_p2.0 bpw=3.9600 rel_err=0.2293 wrel_err=0.1292 t=2.97s [324/980] ETA=2.11h
2026-08-19 04:26:32 SKIP cached model.layers.9.self_attn.k_proj.weight :: rtn4
2026-08-19 04:26:42 FIT model.layers.9.self_attn.v_proj.weight :: seed_only bpw=3.0000 rel_err=0.2481 wrel_err=0.2102 t=9.94s [326/980] ETA=2.10h
2026-08-19 04:26:44 FIT model.layers.9.self_attn.v_proj.weight :: awq_p0.5 bpw=3.2400 rel_err=0.2424 wrel_err=0.2049 t=1.78s [327/980] ETA=2.09h
2026-08-19 04:26:46 FIT model.layers.9.self_attn.v_proj.weight :: awq_p1.0 bpw=3.4800 rel_err=0.2372 wrel_err=0.2001 t=2.15s [328/980] ETA=2.08h
2026-08-19 04:26:49 FIT model.layers.9.self_attn.v_proj.weight :: awq_p2.0 bpw=3.9600 rel_err=0.2280 wrel_err=0.1919 t=2.90s [329/980] ETA=2.07h
2026-08-19 04:26:49 SKIP cached model.layers.9.self_attn.v_proj.weight :: rtn4
2026-08-19 04:27:09 FIT model.layers.9.self_attn.o_proj.weight :: seed_only bpw=3.0000 rel_err=0.2505 wrel_err=0.1919 t=19.00s [331/980] ETA=2.07h
2026-08-19 04:27:10 FIT model.layers.9.self_attn.o_proj.weight :: awq_p0.5 bpw=3.2400 rel_err=0.2451 wrel_err=0.1706 t=1.70s [332/980] ETA=2.06h
2026-08-19 04:27:13 FIT model.layers.9.self_attn.o_proj.weight :: awq_p1.0 bpw=3.4800 rel_err=0.2426 wrel_err=0.1641 t=2.57s [333/980] ETA=2.05h
2026-08-19 04:27:17 FIT model.layers.9.self_attn.o_proj.weight :: awq_p2.0 bpw=3.9600 rel_err=0.2379 wrel_err=0.1542 t=3.90s [334/980] ETA=2.05h
2026-08-19 04:27:17 SKIP cached model.layers.9.self_attn.o_proj.weight :: rtn4
2026-08-19 04:28:12 FIT model.layers.9.mlp.gate_proj.weight :: seed_only bpw=3.0000 rel_err=0.2419 wrel_err=0.1754 t=54.27s [336/980] ETA=2.07h
2026-08-19 04:28:16 FIT model.layers.9.mlp.gate_proj.weight :: awq_p0.5 bpw=3.2400 rel_err=0.2386 wrel_err=0.1725 t=4.29s [337/980] ETA=2.06h
2026-08-19 04:28:23 FIT model.layers.9.mlp.gate_proj.weight :: awq_p1.0 bpw=3.4800 rel_err=0.2336 wrel_err=0.1684 t=6.96s [338/980] ETA=2.05h
2026-08-19 04:28:36 FIT model.layers.9.mlp.gate_proj.weight :: awq_p2.0 bpw=3.9600 rel_err=0.2241 wrel_err=0.1611 t=11.93s [339/980] ETA=2.05h
2026-08-19 04:28:36 SKIP cached model.layers.9.mlp.gate_proj.weight :: rtn4
2026-08-19 04:29:30 FIT model.layers.9.mlp.up_proj.weight :: seed_only bpw=3.0000 rel_err=0.2419 wrel_err=0.2066 t=54.27s [341/980] ETA=2.07h
2026-08-19 04:29:35 FIT model.layers.9.mlp.up_proj.weight :: awq_p0.5 bpw=3.2400 rel_err=0.2379 wrel_err=0.2027 t=4.22s [342/980] ETA=2.06h
2026-08-19 04:29:42 FIT model.layers.9.mlp.up_proj.weight :: awq_p1.0 bpw=3.4800 rel_err=0.2330 wrel_err=0.1982 t=7.08s [343/980] ETA=2.06h
2026-08-19 04:29:54 FIT model.layers.9.mlp.up_proj.weight :: awq_p2.0 bpw=3.9600 rel_err=0.2244 wrel_err=0.1903 t=12.40s [344/980] ETA=2.06h
2026-08-19 04:29:55 SKIP cached model.layers.9.mlp.up_proj.weight :: rtn4
2026-08-19 04:30:49 FIT model.layers.9.mlp.down_proj.weight :: seed_only bpw=3.0000 rel_err=0.2490 wrel_err=0.1899 t=54.29s [346/980] ETA=2.08h
2026-08-19 04:30:54 FIT model.layers.9.mlp.down_proj.weight :: awq_p0.5 bpw=3.2400 rel_err=0.2454 wrel_err=0.1866 t=4.27s [347/980] ETA=2.07h
2026-08-19 04:31:01 FIT model.layers.9.mlp.down_proj.weight :: awq_p1.0 bpw=3.4800 rel_err=0.2419 wrel_err=0.1835 t=7.10s [348/980] ETA=2.06h
2026-08-19 04:31:14 FIT model.layers.9.mlp.down_proj.weight :: awq_p2.0 bpw=3.9600 rel_err=0.2346 wrel_err=0.1772 t=12.43s [349/980] ETA=2.06h
2026-08-19 04:31:14 SKIP cached model.layers.9.mlp.down_proj.weight :: rtn4
2026-08-19 04:31:33 FIT model.layers.10.self_attn.q_proj.weight :: seed_only bpw=3.0000 rel_err=0.2545 wrel_err=0.1539 t=19.00s [351/980] ETA=2.06h
2026-08-19 04:31:35 FIT model.layers.10.self_attn.q_proj.weight :: awq_p0.5 bpw=3.2400 rel_err=0.2490 wrel_err=0.1499 t=2.23s [352/980] ETA=2.05h
2026-08-19 04:31:39 FIT model.layers.10.self_attn.q_proj.weight :: awq_p1.0 bpw=3.4800 rel_err=0.2439 wrel_err=0.1464 t=3.05s [353/980] ETA=2.04h
2026-08-19 04:31:43 FIT model.layers.10.self_attn.q_proj.weight :: awq_p2.0 bpw=3.9600 rel_err=0.2348 wrel_err=0.1403 t=4.56s [354/980] ETA=2.03h
2026-08-19 04:31:43 SKIP cached model.layers.10.self_attn.q_proj.weight :: rtn4
2026-08-19 04:31:53 FIT model.layers.10.self_attn.k_proj.weight :: seed_only bpw=3.0000 rel_err=0.2550 wrel_err=0.1456 t=9.93s [356/980] ETA=2.03h
2026-08-19 04:31:55 FIT model.layers.10.self_attn.k_proj.weight :: awq_p0.5 bpw=3.2400 rel_err=0.2517 wrel_err=0.1431 t=1.44s [357/980] ETA=2.02h
2026-08-19 04:31:57 FIT model.layers.10.self_attn.k_proj.weight :: awq_p1.0 bpw=3.4800 rel_err=0.2474 wrel_err=0.1402 t=2.22s [358/980] ETA=2.01h
2026-08-19 04:32:00 FIT model.layers.10.self_attn.k_proj.weight :: awq_p2.0 bpw=3.9600 rel_err=0.2386 wrel_err=0.1345 t=2.94s [359/980] ETA=2.00h
2026-08-19 04:32:00 SKIP cached model.layers.10.self_attn.k_proj.weight :: rtn4
2026-08-19 04:32:10 FIT model.layers.10.self_attn.v_proj.weight :: seed_only bpw=3.0000 rel_err=0.2543 wrel_err=0.2083 t=9.93s [361/980] ETA=1.99h
2026-08-19 04:32:12 FIT model.layers.10.self_attn.v_proj.weight :: awq_p0.5 bpw=3.2400 rel_err=0.2498 wrel_err=0.2040 t=1.76s [362/980] ETA=1.98h
2026-08-19 04:32:14 FIT model.layers.10.self_attn.v_proj.weight :: awq_p1.0 bpw=3.4800 rel_err=0.2451 wrel_err=0.1997 t=2.16s [363/980] ETA=1.97h
2026-08-19 04:32:17 FIT model.layers.10.self_attn.v_proj.weight :: awq_p2.0 bpw=3.9600 rel_err=0.2367 wrel_err=0.1922 t=2.94s [364/980] ETA=1.97h
2026-08-19 04:32:18 SKIP cached model.layers.10.self_attn.v_proj.weight :: rtn4
2026-08-19 04:32:37 FIT model.layers.10.self_attn.o_proj.weight :: seed_only bpw=3.0000 rel_err=0.2528 wrel_err=0.1883 t=18.99s [366/980] ETA=1.96h
2026-08-19 04:32:39 FIT model.layers.10.self_attn.o_proj.weight :: awq_p0.5 bpw=3.2400 rel_err=0.2482 wrel_err=0.1827 t=1.92s [367/980] ETA=1.96h
2026-08-19 04:32:42 FIT model.layers.10.self_attn.o_proj.weight :: awq_p1.0 bpw=3.4800 rel_err=0.2445 wrel_err=0.1784 t=2.88s [368/980] ETA=1.95h
2026-08-19 04:32:46 FIT model.layers.10.self_attn.o_proj.weight :: awq_p2.0 bpw=3.9600 rel_err=0.2380 wrel_err=0.1709 t=4.51s [369/980] ETA=1.94h
2026-08-19 04:32:46 SKIP cached model.layers.10.self_attn.o_proj.weight :: rtn4
2026-08-19 04:33:41 FIT model.layers.10.mlp.gate_proj.weight :: seed_only bpw=3.0000 rel_err=0.2431 wrel_err=0.1841 t=54.32s [371/980] ETA=1.96h
2026-08-19 04:33:45 FIT model.layers.10.mlp.gate_proj.weight :: awq_p0.5 bpw=3.2400 rel_err=0.2388 wrel_err=0.1802 t=4.24s [372/980] ETA=1.95h
2026-08-19 04:33:52 FIT model.layers.10.mlp.gate_proj.weight :: awq_p1.0 bpw=3.4800 rel_err=0.2331 wrel_err=0.1756 t=6.87s [373/980] ETA=1.95h
2026-08-19 04:34:04 FIT model.layers.10.mlp.gate_proj.weight :: awq_p2.0 bpw=3.9600 rel_err=0.2232 wrel_err=0.1676 t=11.75s [374/980] ETA=1.94h
2026-08-19 04:34:04 SKIP cached model.layers.10.mlp.gate_proj.weight :: rtn4
2026-08-19 04:34:59 FIT model.layers.10.mlp.up_proj.weight :: seed_only bpw=3.0000 rel_err=0.2429 wrel_err=0.2052 t=54.27s [376/980] ETA=1.96h
2026-08-19 04:35:03 FIT model.layers.10.mlp.up_proj.weight :: awq_p0.5 bpw=3.2400 rel_err=0.2386 wrel_err=0.2010 t=4.21s [377/980] ETA=1.95h
2026-08-19 04:35:10 FIT model.layers.10.mlp.up_proj.weight :: awq_p1.0 bpw=3.4800 rel_err=0.2336 wrel_err=0.1965 t=7.04s [378/980] ETA=1.95h
2026-08-19 04:35:23 FIT model.layers.10.mlp.up_proj.weight :: awq_p2.0 bpw=3.9600 rel_err=0.2246 wrel_err=0.1884 t=12.36s [379/980] ETA=1.94h
2026-08-19 04:35:23 SKIP cached model.layers.10.mlp.up_proj.weight :: rtn4
2026-08-19 04:36:17 FIT model.layers.10.mlp.down_proj.weight :: seed_only bpw=3.0000 rel_err=0.2610 wrel_err=0.1682 t=54.29s [381/980] ETA=1.96h
2026-08-19 04:36:22 FIT model.layers.10.mlp.down_proj.weight :: awq_p0.5 bpw=3.2400 rel_err=0.2566 wrel_err=0.1647 t=4.24s [382/980] ETA=1.95h
2026-08-19 04:36:29 FIT model.layers.10.mlp.down_proj.weight :: awq_p1.0 bpw=3.4800 rel_err=0.2538 wrel_err=0.1624 t=7.12s [383/980] ETA=1.95h
2026-08-19 04:36:42 FIT model.layers.10.mlp.down_proj.weight :: awq_p2.0 bpw=3.9600 rel_err=0.2478 wrel_err=0.1578 t=12.50s [384/980] ETA=1.95h
2026-08-19 04:36:42 SKIP cached model.layers.10.mlp.down_proj.weight :: rtn4
2026-08-19 04:37:01 FIT model.layers.11.self_attn.q_proj.weight :: seed_only bpw=3.0000 rel_err=0.2641 wrel_err=0.1216 t=19.01s [386/980] ETA=1.94h
2026-08-19 04:37:03 FIT model.layers.11.self_attn.q_proj.weight :: awq_p0.5 bpw=3.2400 rel_err=0.2568 wrel_err=0.1174 t=2.19s [387/980] ETA=1.93h
2026-08-19 04:37:06 FIT model.layers.11.self_attn.q_proj.weight :: awq_p1.0 bpw=3.4800 rel_err=0.2503 wrel_err=0.1139 t=2.96s [388/980] ETA=1.93h
2026-08-19 04:37:11 FIT model.layers.11.self_attn.q_proj.weight :: awq_p2.0 bpw=3.9600 rel_err=0.2391 wrel_err=0.1082 t=4.29s [389/980] ETA=1.92h
2026-08-19 04:37:11 SKIP cached model.layers.11.self_attn.q_proj.weight :: rtn4
2026-08-19 04:37:21 FIT model.layers.11.self_attn.k_proj.weight :: seed_only bpw=3.0000 rel_err=0.2657 wrel_err=0.1208 t=9.94s [391/980] ETA=1.91h
2026-08-19 04:37:23 FIT model.layers.11.self_attn.k_proj.weight :: awq_p0.5 bpw=3.2400 rel_err=0.2604 wrel_err=0.1176 t=1.42s [392/980] ETA=1.90h
2026-08-19 04:37:25 FIT model.layers.11.self_attn.k_proj.weight :: awq_p1.0 bpw=3.4800 rel_err=0.2571 wrel_err=0.1156 t=2.15s [393/980] ETA=1.90h
2026-08-19 04:37:28 FIT model.layers.11.self_attn.k_proj.weight :: awq_p2.0 bpw=3.9600 rel_err=0.2484 wrel_err=0.1110 t=2.95s [394/980] ETA=1.89h
2026-08-19 04:37:28 SKIP cached model.layers.11.self_attn.k_proj.weight :: rtn4
2026-08-19 04:37:38 FIT model.layers.11.self_attn.v_proj.weight :: seed_only bpw=3.0000 rel_err=0.2653 wrel_err=0.1803 t=9.93s [396/980] ETA=1.88h
2026-08-19 04:37:40 FIT model.layers.11.self_attn.v_proj.weight :: awq_p0.5 bpw=3.2400 rel_err=0.2604 wrel_err=0.1762 t=1.56s [397/980] ETA=1.87h
2026-08-19 04:37:42 FIT model.layers.11.self_attn.v_proj.weight :: awq_p1.0 bpw=3.4800 rel_err=0.2566 wrel_err=0.1731 t=2.13s [398/980] ETA=1.86h
2026-08-19 04:37:45 FIT model.layers.11.self_attn.v_proj.weight :: awq_p2.0 bpw=3.9600 rel_err=0.2484 wrel_err=0.1667 t=2.93s [399/980] ETA=1.86h
2026-08-19 04:37:45 SKIP cached model.layers.11.self_attn.v_proj.weight :: rtn4
2026-08-19 04:38:04 FIT model.layers.11.self_attn.o_proj.weight :: seed_only bpw=3.0000 rel_err=0.2633 wrel_err=0.1875 t=19.00s [401/980] ETA=1.85h
2026-08-19 04:38:06 FIT model.layers.11.self_attn.o_proj.weight :: awq_p0.5 bpw=3.2400 rel_err=0.2506 wrel_err=0.1346 t=1.44s [402/980] ETA=1.85h
2026-08-19 04:38:08 FIT model.layers.11.self_attn.o_proj.weight :: awq_p1.0 bpw=3.4800 rel_err=0.2478 wrel_err=0.1284 t=2.29s [403/980] ETA=1.84h
2026-08-19 04:38:12 FIT model.layers.11.self_attn.o_proj.weight :: awq_p2.0 bpw=3.9600 rel_err=0.2434 wrel_err=0.1201 t=3.73s [404/980] ETA=1.83h
2026-08-19 04:38:12 SKIP cached model.layers.11.self_attn.o_proj.weight :: rtn4
2026-08-19 04:39:07 FIT model.layers.11.mlp.gate_proj.weight :: seed_only bpw=3.0000 rel_err=0.2485 wrel_err=0.1907 t=54.30s [406/980] ETA=1.85h
2026-08-19 04:39:11 FIT model.layers.11.mlp.gate_proj.weight :: awq_p0.5 bpw=3.2400 rel_err=0.2442 wrel_err=0.1867 t=4.22s [407/980] ETA=1.84h
2026-08-19 04:39:18 FIT model.layers.11.mlp.gate_proj.weight :: awq_p1.0 bpw=3.4800 rel_err=0.2388 wrel_err=0.1821 t=6.87s [408/980] ETA=1.83h
2026-08-19 04:39:30 FIT model.layers.11.mlp.gate_proj.weight :: awq_p2.0 bpw=3.9600 rel_err=0.2291 wrel_err=0.1740 t=11.84s [409/980] ETA=1.83h
2026-08-19 04:39:30 SKIP cached model.layers.11.mlp.gate_proj.weight :: rtn4
2026-08-19 04:40:25 FIT model.layers.11.mlp.up_proj.weight :: seed_only bpw=3.0000 rel_err=0.2482 wrel_err=0.2068 t=54.30s [411/980] ETA=1.85h
2026-08-19 04:40:29 FIT model.layers.11.mlp.up_proj.weight :: awq_p0.5 bpw=3.2400 rel_err=0.2434 wrel_err=0.2022 t=4.17s [412/980] ETA=1.84h
2026-08-19 04:40:37 FIT model.layers.11.mlp.up_proj.weight :: awq_p1.0 bpw=3.4800 rel_err=0.2383 wrel_err=0.1975 t=7.04s [413/980] ETA=1.83h
2026-08-19 04:40:49 FIT model.layers.11.mlp.up_proj.weight :: awq_p2.0 bpw=3.9600 rel_err=0.2294 wrel_err=0.1895 t=12.29s [414/980] ETA=1.83h
2026-08-19 04:40:49 SKIP cached model.layers.11.mlp.up_proj.weight :: rtn4
2026-08-19 04:41:44 FIT model.layers.11.mlp.down_proj.weight :: seed_only bpw=3.0000 rel_err=0.2589 wrel_err=0.1781 t=54.31s [416/980] ETA=1.84h
2026-08-19 04:41:48 FIT model.layers.11.mlp.down_proj.weight :: awq_p0.5 bpw=3.2400 rel_err=0.2555 wrel_err=0.1752 t=4.28s [417/980] ETA=1.84h
2026-08-19 04:41:56 FIT model.layers.11.mlp.down_proj.weight :: awq_p1.0 bpw=3.4800 rel_err=0.2525 wrel_err=0.1726 t=7.18s [418/980] ETA=1.83h
2026-08-19 04:42:08 FIT model.layers.11.mlp.down_proj.weight :: awq_p2.0 bpw=3.9600 rel_err=0.2462 wrel_err=0.1675 t=12.56s [419/980] ETA=1.83h
2026-08-19 04:42:08 SKIP cached model.layers.11.mlp.down_proj.weight :: rtn4
2026-08-19 04:42:28 FIT model.layers.12.self_attn.q_proj.weight :: seed_only bpw=3.0000 rel_err=0.2778 wrel_err=0.1388 t=19.00s [421/980] ETA=1.83h
2026-08-19 04:42:30 FIT model.layers.12.self_attn.q_proj.weight :: awq_p0.5 bpw=3.2400 rel_err=0.2712 wrel_err=0.1345 t=2.22s [422/980] ETA=1.82h
2026-08-19 04:42:33 FIT model.layers.12.self_attn.q_proj.weight :: awq_p1.0 bpw=3.4800 rel_err=0.2650 wrel_err=0.1308 t=2.95s [423/980] ETA=1.81h
2026-08-19 04:42:37 FIT model.layers.12.self_attn.q_proj.weight :: awq_p2.0 bpw=3.9600 rel_err=0.2547 wrel_err=0.1249 t=4.35s [424/980] ETA=1.81h
2026-08-19 04:42:38 SKIP cached model.layers.12.self_attn.q_proj.weight :: rtn4
2026-08-19 04:42:48 FIT model.layers.12.self_attn.k_proj.weight :: seed_only bpw=3.0000 rel_err=0.2798 wrel_err=0.1285 t=9.93s [426/980] ETA=1.80h
2026-08-19 04:42:49 FIT model.layers.12.self_attn.k_proj.weight :: awq_p0.5 bpw=3.2400 rel_err=0.2746 wrel_err=0.1253 t=1.53s [427/980] ETA=1.79h
2026-08-19 04:42:51 FIT model.layers.12.self_attn.k_proj.weight :: awq_p1.0 bpw=3.4800 rel_err=0.2695 wrel_err=0.1225 t=2.20s [428/980] ETA=1.78h
2026-08-19 04:42:54 FIT model.layers.12.self_attn.k_proj.weight :: awq_p2.0 bpw=3.9600 rel_err=0.2598 wrel_err=0.1171 t=2.88s [429/980] ETA=1.78h
2026-08-19 04:42:55 SKIP cached model.layers.12.self_attn.k_proj.weight :: rtn4
2026-08-19 04:43:05 FIT model.layers.12.self_attn.v_proj.weight :: seed_only bpw=3.0000 rel_err=0.2791 wrel_err=0.1934 t=9.95s [431/980] ETA=1.77h
2026-08-19 04:43:06 FIT model.layers.12.self_attn.v_proj.weight :: awq_p0.5 bpw=3.2400 rel_err=0.2747 wrel_err=0.1895 t=1.72s [432/980] ETA=1.76h
2026-08-19 04:43:09 FIT model.layers.12.self_attn.v_proj.weight :: awq_p1.0 bpw=3.4800 rel_err=0.2704 wrel_err=0.1859 t=2.14s [433/980] ETA=1.75h
2026-08-19 04:43:12 FIT model.layers.12.self_attn.v_proj.weight :: awq_p2.0 bpw=3.9600 rel_err=0.2627 wrel_err=0.1793 t=2.95s [434/980] ETA=1.75h
2026-08-19 04:43:12 SKIP cached model.layers.12.self_attn.v_proj.weight :: rtn4
2026-08-19 04:43:31 FIT model.layers.12.self_attn.o_proj.weight :: seed_only bpw=3.0000 rel_err=0.2590 wrel_err=0.1688 t=18.99s [436/980] ETA=1.74h
2026-08-19 04:43:33 FIT model.layers.12.self_attn.o_proj.weight :: awq_p0.5 bpw=3.2400 rel_err=0.2548 wrel_err=0.1607 t=1.72s [437/980] ETA=1.74h
2026-08-19 04:43:35 FIT model.layers.12.self_attn.o_proj.weight :: awq_p1.0 bpw=3.4800 rel_err=0.2522 wrel_err=0.1557 t=2.62s [438/980] ETA=1.73h
2026-08-19 04:43:40 FIT model.layers.12.self_attn.o_proj.weight :: awq_p2.0 bpw=3.9600 rel_err=0.2475 wrel_err=0.1477 t=4.15s [439/980] ETA=1.72h
2026-08-19 04:43:40 SKIP cached model.layers.12.self_attn.o_proj.weight :: rtn4
2026-08-19 04:44:34 FIT model.layers.12.mlp.gate_proj.weight :: seed_only bpw=3.0000 rel_err=0.2504 wrel_err=0.1925 t=54.34s [441/980] ETA=1.74h
2026-08-19 04:44:39 FIT model.layers.12.mlp.gate_proj.weight :: awq_p0.5 bpw=3.2400 rel_err=0.2462 wrel_err=0.1885 t=4.21s [442/980] ETA=1.73h
2026-08-19 04:44:46 FIT model.layers.12.mlp.gate_proj.weight :: awq_p1.0 bpw=3.4800 rel_err=0.2405 wrel_err=0.1838 t=6.85s [443/980] ETA=1.72h
2026-08-19 04:44:58 FIT model.layers.12.mlp.gate_proj.weight :: awq_p2.0 bpw=3.9600 rel_err=0.2308 wrel_err=0.1756 t=11.81s [444/980] ETA=1.72h
2026-08-19 04:44:58 SKIP cached model.layers.12.mlp.gate_proj.weight :: rtn4
2026-08-19 04:45:52 FIT model.layers.12.mlp.up_proj.weight :: seed_only bpw=3.0000 rel_err=0.2504 wrel_err=0.2076 t=54.31s [446/980] ETA=1.73h
2026-08-19 04:45:57 FIT model.layers.12.mlp.up_proj.weight :: awq_p0.5 bpw=3.2400 rel_err=0.2452 wrel_err=0.2027 t=4.15s [447/980] ETA=1.73h
2026-08-19 04:46:04 FIT model.layers.12.mlp.up_proj.weight :: awq_p1.0 bpw=3.4800 rel_err=0.2399 wrel_err=0.1979 t=7.03s [448/980] ETA=1.72h
2026-08-19 04:46:16 FIT model.layers.12.mlp.up_proj.weight :: awq_p2.0 bpw=3.9600 rel_err=0.2309 wrel_err=0.1898 t=12.24s [449/980] ETA=1.72h
2026-08-19 04:46:16 SKIP cached model.layers.12.mlp.up_proj.weight :: rtn4
2026-08-19 04:47:11 FIT model.layers.12.mlp.down_proj.weight :: seed_only bpw=3.0000 rel_err=0.2622 wrel_err=0.1826 t=54.30s [451/980] ETA=1.73h
2026-08-19 04:47:15 FIT model.layers.12.mlp.down_proj.weight :: awq_p0.5 bpw=3.2400 rel_err=0.2590 wrel_err=0.1796 t=4.24s [452/980] ETA=1.72h
2026-08-19 04:47:23 FIT model.layers.12.mlp.down_proj.weight :: awq_p1.0 bpw=3.4800 rel_err=0.2563 wrel_err=0.1773 t=7.16s [453/980] ETA=1.72h
2026-08-19 04:47:35 FIT model.layers.12.mlp.down_proj.weight :: awq_p2.0 bpw=3.9600 rel_err=0.2509 wrel_err=0.1727 t=12.50s [454/980] ETA=1.72h
2026-08-19 04:47:36 SKIP cached model.layers.12.mlp.down_proj.weight :: rtn4
2026-08-19 04:47:55 FIT model.layers.13.self_attn.q_proj.weight :: seed_only bpw=3.0000 rel_err=0.2808 wrel_err=0.1322 t=18.99s [456/980] ETA=1.71h
2026-08-19 04:47:57 FIT model.layers.13.self_attn.q_proj.weight :: awq_p0.5 bpw=3.2400 rel_err=0.2733 wrel_err=0.1277 t=2.21s [457/980] ETA=1.70h
2026-08-19 04:48:00 FIT model.layers.13.self_attn.q_proj.weight :: awq_p1.0 bpw=3.4800 rel_err=0.2653 wrel_err=0.1234 t=2.95s [458/980] ETA=1.70h
2026-08-19 04:48:04 FIT model.layers.13.self_attn.q_proj.weight :: awq_p2.0 bpw=3.9600 rel_err=0.2531 wrel_err=0.1168 t=4.21s [459/980] ETA=1.69h
2026-08-19 04:48:04 SKIP cached model.layers.13.self_attn.q_proj.weight :: rtn4
2026-08-19 04:48:14 FIT model.layers.13.self_attn.k_proj.weight :: seed_only bpw=3.0000 rel_err=0.2851 wrel_err=0.1166 t=9.92s [461/980] ETA=1.68h
2026-08-19 04:48:16 FIT model.layers.13.self_attn.k_proj.weight :: awq_p0.5 bpw=3.2400 rel_err=0.2809 wrel_err=0.1142 t=1.34s [462/980] ETA=1.68h
2026-08-19 04:48:18 FIT model.layers.13.self_attn.k_proj.weight :: awq_p1.0 bpw=3.4800 rel_err=0.2768 wrel_err=0.1120 t=2.17s [463/980] ETA=1.67h
2026-08-19 04:48:21 FIT model.layers.13.self_attn.k_proj.weight :: awq_p2.0 bpw=3.9600 rel_err=0.2680 wrel_err=0.1074 t=2.92s [464/980] ETA=1.66h
2026-08-19 04:48:21 SKIP cached model.layers.13.self_attn.k_proj.weight :: rtn4
2026-08-19 04:48:31 FIT model.layers.13.self_attn.v_proj.weight :: seed_only bpw=3.0000 rel_err=0.2816 wrel_err=0.1890 t=9.93s [466/980] ETA=1.66h
2026-08-19 04:48:33 FIT model.layers.13.self_attn.v_proj.weight :: awq_p0.5 bpw=3.2400 rel_err=0.2777 wrel_err=0.1856 t=1.72s [467/980] ETA=1.65h
2026-08-19 04:48:35 FIT model.layers.13.self_attn.v_proj.weight :: awq_p1.0 bpw=3.4800 rel_err=0.2734 wrel_err=0.1821 t=2.15s [468/980] ETA=1.64h
2026-08-19 04:48:38 FIT model.layers.13.self_attn.v_proj.weight :: awq_p2.0 bpw=3.9600 rel_err=0.2657 wrel_err=0.1759 t=2.91s [469/980] ETA=1.64h
2026-08-19 04:48:38 SKIP cached model.layers.13.self_attn.v_proj.weight :: rtn4
2026-08-19 04:48:57 FIT model.layers.13.self_attn.o_proj.weight :: seed_only bpw=3.0000 rel_err=0.2596 wrel_err=0.1679 t=19.00s [471/980] ETA=1.63h
2026-08-19 04:48:59 FIT model.layers.13.self_attn.o_proj.weight :: awq_p0.5 bpw=3.2400 rel_err=0.2562 wrel_err=0.1636 t=1.84s [472/980] ETA=1.63h
2026-08-19 04:49:02 FIT model.layers.13.self_attn.o_proj.weight :: awq_p1.0 bpw=3.4800 rel_err=0.2534 wrel_err=0.1602 t=2.85s [473/980] ETA=1.62h
2026-08-19 04:49:07 FIT model.layers.13.self_attn.o_proj.weight :: awq_p2.0 bpw=3.9600 rel_err=0.2478 wrel_err=0.1535 t=4.46s [474/980] ETA=1.61h
2026-08-19 04:49:07 SKIP cached model.layers.13.self_attn.o_proj.weight :: rtn4
2026-08-19 04:50:02 FIT model.layers.13.mlp.gate_proj.weight :: seed_only bpw=3.0000 rel_err=0.2525 wrel_err=0.1925 t=54.30s [476/980] ETA=1.62h
2026-08-19 04:50:06 FIT model.layers.13.mlp.gate_proj.weight :: awq_p0.5 bpw=3.2400 rel_err=0.2478 wrel_err=0.1882 t=4.19s [477/980] ETA=1.62h
2026-08-19 04:50:13 FIT model.layers.13.mlp.gate_proj.weight :: awq_p1.0 bpw=3.4800 rel_err=0.2420 wrel_err=0.1833 t=6.78s [478/980] ETA=1.61h
2026-08-19 04:50:25 FIT model.layers.13.mlp.gate_proj.weight :: awq_p2.0 bpw=3.9600 rel_err=0.2320 wrel_err=0.1750 t=11.69s [479/980] ETA=1.61h
2026-08-19 04:50:25 SKIP cached model.layers.13.mlp.gate_proj.weight :: rtn4
2026-08-19 04:51:19 FIT model.layers.13.mlp.up_proj.weight :: seed_only bpw=3.0000 rel_err=0.2518 wrel_err=0.2066 t=54.30s [481/980] ETA=1.62h
2026-08-19 04:51:24 FIT model.layers.13.mlp.up_proj.weight :: awq_p0.5 bpw=3.2400 rel_err=0.2468 wrel_err=0.2019 t=4.16s [482/980] ETA=1.61h
2026-08-19 04:51:31 FIT model.layers.13.mlp.up_proj.weight :: awq_p1.0 bpw=3.4800 rel_err=0.2416 wrel_err=0.1972 t=7.00s [483/980] ETA=1.61h
2026-08-19 04:51:43 FIT model.layers.13.mlp.up_proj.weight :: awq_p2.0 bpw=3.9600 rel_err=0.2326 wrel_err=0.1890 t=12.15s [484/980] ETA=1.61h
2026-08-19 04:51:43 SKIP cached model.layers.13.mlp.up_proj.weight :: rtn4
2026-08-19 04:52:38 FIT model.layers.13.mlp.down_proj.weight :: seed_only bpw=3.0000 rel_err=0.2643 wrel_err=0.1817 t=54.28s [486/980] ETA=1.61h
2026-08-19 04:52:42 FIT model.layers.13.mlp.down_proj.weight :: awq_p0.5 bpw=3.2400 rel_err=0.2605 wrel_err=0.1784 t=4.21s [487/980] ETA=1.61h
2026-08-19 04:52:49 FIT model.layers.13.mlp.down_proj.weight :: awq_p1.0 bpw=3.4800 rel_err=0.2578 wrel_err=0.1760 t=7.10s [488/980] ETA=1.60h
2026-08-19 04:53:02 FIT model.layers.13.mlp.down_proj.weight :: awq_p2.0 bpw=3.9600 rel_err=0.2523 wrel_err=0.1713 t=12.43s [489/980] ETA=1.60h
2026-08-19 04:53:02 SKIP cached model.layers.13.mlp.down_proj.weight :: rtn4
2026-08-19 04:53:21 FIT model.layers.14.self_attn.q_proj.weight :: seed_only bpw=3.0000 rel_err=0.2835 wrel_err=0.1371 t=19.00s [491/980] ETA=1.60h
2026-08-19 04:53:24 FIT model.layers.14.self_attn.q_proj.weight :: awq_p0.5 bpw=3.2400 rel_err=0.2765 wrel_err=0.1328 t=2.21s [492/980] ETA=1.59h
2026-08-19 04:53:27 FIT model.layers.14.self_attn.q_proj.weight :: awq_p1.0 bpw=3.4800 rel_err=0.2691 wrel_err=0.1285 t=2.97s [493/980] ETA=1.58h
2026-08-19 04:53:31 FIT model.layers.14.self_attn.q_proj.weight :: awq_p2.0 bpw=3.9600 rel_err=0.2574 wrel_err=0.1219 t=4.26s [494/980] ETA=1.58h
2026-08-19 04:53:31 SKIP cached model.layers.14.self_attn.q_proj.weight :: rtn4
2026-08-19 04:53:41 FIT model.layers.14.self_attn.k_proj.weight :: seed_only bpw=3.0000 rel_err=0.2858 wrel_err=0.1224 t=9.93s [496/980] ETA=1.57h
2026-08-19 04:53:43 FIT model.layers.14.self_attn.k_proj.weight :: awq_p0.5 bpw=3.2400 rel_err=0.2805 wrel_err=0.1193 t=1.57s [497/980] ETA=1.56h
2026-08-19 04:53:45 FIT model.layers.14.self_attn.k_proj.weight :: awq_p1.0 bpw=3.4800 rel_err=0.2753 wrel_err=0.1165 t=2.17s [498/980] ETA=1.56h
2026-08-19 04:53:48 FIT model.layers.14.self_attn.k_proj.weight :: awq_p2.0 bpw=3.9600 rel_err=0.2655 wrel_err=0.1113 t=2.89s [499/980] ETA=1.55h
2026-08-19 04:53:48 SKIP cached model.layers.14.self_attn.k_proj.weight :: rtn4
2026-08-19 04:53:58 FIT model.layers.14.self_attn.v_proj.weight :: seed_only bpw=3.0000 rel_err=0.2809 wrel_err=0.1953 t=9.92s [501/980] ETA=1.54h
2026-08-19 04:54:00 FIT model.layers.14.self_attn.v_proj.weight :: awq_p0.5 bpw=3.2400 rel_err=0.2765 wrel_err=0.1915 t=1.73s [502/980] ETA=1.54h
2026-08-19 04:54:02 FIT model.layers.14.self_attn.v_proj.weight :: awq_p1.0 bpw=3.4800 rel_err=0.2722 wrel_err=0.1878 t=2.15s [503/980] ETA=1.53h
2026-08-19 04:54:05 FIT model.layers.14.self_attn.v_proj.weight :: awq_p2.0 bpw=3.9600 rel_err=0.2640 wrel_err=0.1813 t=2.93s [504/980] ETA=1.53h
2026-08-19 04:54:05 SKIP cached model.layers.14.self_attn.v_proj.weight :: rtn4
2026-08-19 04:54:25 FIT model.layers.14.self_attn.o_proj.weight :: seed_only bpw=3.0000 rel_err=0.2597 wrel_err=0.1731 t=19.00s [506/980] ETA=1.52h
2026-08-19 04:54:26 FIT model.layers.14.self_attn.o_proj.weight :: awq_p0.5 bpw=3.2400 rel_err=0.2558 wrel_err=0.1670 t=1.74s [507/980] ETA=1.52h
2026-08-19 04:54:29 FIT model.layers.14.self_attn.o_proj.weight :: awq_p1.0 bpw=3.4800 rel_err=0.2524 wrel_err=0.1618 t=2.67s [508/980] ETA=1.51h
2026-08-19 04:54:33 FIT model.layers.14.self_attn.o_proj.weight :: awq_p2.0 bpw=3.9600 rel_err=0.2461 wrel_err=0.1527 t=4.14s [509/980] ETA=1.50h
2026-08-19 04:54:33 SKIP cached model.layers.14.self_attn.o_proj.weight :: rtn4
2026-08-19 04:55:28 FIT model.layers.14.mlp.gate_proj.weight :: seed_only bpw=3.0000 rel_err=0.2475 wrel_err=0.1912 t=54.29s [511/980] ETA=1.51h
2026-08-19 04:55:32 FIT model.layers.14.mlp.gate_proj.weight :: awq_p0.5 bpw=3.2400 rel_err=0.2428 wrel_err=0.1869 t=4.22s [512/980] ETA=1.51h
2026-08-19 04:55:40 FIT model.layers.14.mlp.gate_proj.weight :: awq_p1.0 bpw=3.4800 rel_err=0.2371 wrel_err=0.1821 t=6.82s [513/980] ETA=1.50h
2026-08-19 04:55:52 FIT model.layers.14.mlp.gate_proj.weight :: awq_p2.0 bpw=3.9600 rel_err=0.2271 wrel_err=0.1738 t=11.71s [514/980] ETA=1.50h
2026-08-19 04:55:52 SKIP cached model.layers.14.mlp.gate_proj.weight :: rtn4
2026-08-19 04:56:46 FIT model.layers.14.mlp.up_proj.weight :: seed_only bpw=3.0000 rel_err=0.2469 wrel_err=0.2070 t=54.29s [516/980] ETA=1.51h
2026-08-19 04:56:51 FIT model.layers.14.mlp.up_proj.weight :: awq_p0.5 bpw=3.2400 rel_err=0.2423 wrel_err=0.2026 t=4.17s [517/980] ETA=1.50h
2026-08-19 04:56:58 FIT model.layers.14.mlp.up_proj.weight :: awq_p1.0 bpw=3.4800 rel_err=0.2370 wrel_err=0.1979 t=6.97s [518/980] ETA=1.50h
2026-08-19 04:57:10 FIT model.layers.14.mlp.up_proj.weight :: awq_p2.0 bpw=3.9600 rel_err=0.2280 wrel_err=0.1896 t=12.15s [519/980] ETA=1.49h
2026-08-19 04:57:10 SKIP cached model.layers.14.mlp.up_proj.weight :: rtn4
2026-08-19 04:58:05 FIT model.layers.14.mlp.down_proj.weight :: seed_only bpw=3.0000 rel_err=0.2713 wrel_err=0.1690 t=54.30s [521/980] ETA=1.50h
2026-08-19 04:58:09 FIT model.layers.14.mlp.down_proj.weight :: awq_p0.5 bpw=3.2400 rel_err=0.2677 wrel_err=0.1661 t=4.17s [522/980] ETA=1.49h
2026-08-19 04:58:17 FIT model.layers.14.mlp.down_proj.weight :: awq_p1.0 bpw=3.4800 rel_err=0.2653 wrel_err=0.1641 t=7.19s [523/980] ETA=1.49h
2026-08-19 04:58:30 FIT model.layers.14.mlp.down_proj.weight :: awq_p2.0 bpw=3.9600 rel_err=0.2604 wrel_err=0.1602 t=12.54s [524/980] ETA=1.49h
2026-08-19 04:58:30 SKIP cached model.layers.14.mlp.down_proj.weight :: rtn4
2026-08-19 04:58:49 FIT model.layers.15.self_attn.q_proj.weight :: seed_only bpw=3.0000 rel_err=0.2624 wrel_err=0.1361 t=18.99s [526/980] ETA=1.48h
2026-08-19 04:58:51 FIT model.layers.15.self_attn.q_proj.weight :: awq_p0.5 bpw=3.2400 rel_err=0.2558 wrel_err=0.1319 t=2.24s [527/980] ETA=1.48h
2026-08-19 04:58:54 FIT model.layers.15.self_attn.q_proj.weight :: awq_p1.0 bpw=3.4800 rel_err=0.2479 wrel_err=0.1273 t=2.95s [528/980] ETA=1.47h
2026-08-19 04:58:59 FIT model.layers.15.self_attn.q_proj.weight :: awq_p2.0 bpw=3.9600 rel_err=0.2355 wrel_err=0.1202 t=4.20s [529/980] ETA=1.46h
2026-08-19 04:58:59 SKIP cached model.layers.15.self_attn.q_proj.weight :: rtn4
2026-08-19 04:59:09 FIT model.layers.15.self_attn.k_proj.weight :: seed_only bpw=3.0000 rel_err=0.2623 wrel_err=0.1174 t=9.92s [531/980] ETA=1.46h
2026-08-19 04:59:10 FIT model.layers.15.self_attn.k_proj.weight :: awq_p0.5 bpw=3.2400 rel_err=0.2588 wrel_err=0.1152 t=1.23s [532/980] ETA=1.45h
2026-08-19 04:59:12 FIT model.layers.15.self_attn.k_proj.weight :: awq_p1.0 bpw=3.4800 rel_err=0.2548 wrel_err=0.1131 t=2.23s [533/980] ETA=1.45h
2026-08-19 04:59:15 FIT model.layers.15.self_attn.k_proj.weight :: awq_p2.0 bpw=3.9600 rel_err=0.2451 wrel_err=0.1080 t=2.94s [534/980] ETA=1.44h
2026-08-19 04:59:15 SKIP cached model.layers.15.self_attn.k_proj.weight :: rtn4
2026-08-19 04:59:25 FIT model.layers.15.self_attn.v_proj.weight :: seed_only bpw=3.0000 rel_err=0.2649 wrel_err=0.2082 t=9.94s [536/980] ETA=1.43h
2026-08-19 04:59:27 FIT model.layers.15.self_attn.v_proj.weight :: awq_p0.5 bpw=3.2400 rel_err=0.2596 wrel_err=0.2033 t=1.77s [537/980] ETA=1.43h
2026-08-19 04:59:29 FIT model.layers.15.self_attn.v_proj.weight :: awq_p1.0 bpw=3.4800 rel_err=0.2540 wrel_err=0.1984 t=2.15s [538/980] ETA=1.42h
2026-08-19 04:59:32 FIT model.layers.15.self_attn.v_proj.weight :: awq_p2.0 bpw=3.9600 rel_err=0.2447 wrel_err=0.1903 t=2.91s [539/980] ETA=1.42h
2026-08-19 04:59:33 SKIP cached model.layers.15.self_attn.v_proj.weight :: rtn4
2026-08-19 04:59:52 FIT model.layers.15.self_attn.o_proj.weight :: seed_only bpw=3.0000 rel_err=0.2582 wrel_err=0.1765 t=19.00s [541/980] ETA=1.41h
2026-08-19 04:59:54 FIT model.layers.15.self_attn.o_proj.weight :: awq_p0.5 bpw=3.2400 rel_err=0.2547 wrel_err=0.1670 t=1.67s [542/980] ETA=1.40h
2026-08-19 04:59:56 FIT model.layers.15.self_attn.o_proj.weight :: awq_p1.0 bpw=3.4800 rel_err=0.2523 wrel_err=0.1615 t=2.67s [543/980] ETA=1.40h
2026-08-19 05:00:01 FIT model.layers.15.self_attn.o_proj.weight :: awq_p2.0 bpw=3.9600 rel_err=0.2475 wrel_err=0.1528 t=4.21s [544/980] ETA=1.39h
2026-08-19 05:00:01 SKIP cached model.layers.15.self_attn.o_proj.weight :: rtn4
2026-08-19 05:00:55 FIT model.layers.15.mlp.gate_proj.weight :: seed_only bpw=3.0000 rel_err=0.2459 wrel_err=0.1866 t=54.31s [546/980] ETA=1.40h
2026-08-19 05:01:00 FIT model.layers.15.mlp.gate_proj.weight :: awq_p0.5 bpw=3.2400 rel_err=0.2411 wrel_err=0.1824 t=4.22s [547/980] ETA=1.39h
2026-08-19 05:01:06 FIT model.layers.15.mlp.gate_proj.weight :: awq_p1.0 bpw=3.4800 rel_err=0.2358 wrel_err=0.1780 t=6.84s [548/980] ETA=1.39h
2026-08-19 05:01:19 FIT model.layers.15.mlp.gate_proj.weight :: awq_p2.0 bpw=3.9600 rel_err=0.2260 wrel_err=0.1701 t=11.76s [549/980] ETA=1.39h
2026-08-19 05:01:19 SKIP cached model.layers.15.mlp.gate_proj.weight :: rtn4
2026-08-19 05:02:13 FIT model.layers.15.mlp.up_proj.weight :: seed_only bpw=3.0000 rel_err=0.2452 wrel_err=0.2035 t=54.30s [551/980] ETA=1.39h
2026-08-19 05:02:18 FIT model.layers.15.mlp.up_proj.weight :: awq_p0.5 bpw=3.2400 rel_err=0.2412 wrel_err=0.1997 t=4.17s [552/980] ETA=1.39h
2026-08-19 05:02:25 FIT model.layers.15.mlp.up_proj.weight :: awq_p1.0 bpw=3.4800 rel_err=0.2363 wrel_err=0.1952 t=6.95s [553/980] ETA=1.38h
2026-08-19 05:02:37 FIT model.layers.15.mlp.up_proj.weight :: awq_p2.0 bpw=3.9600 rel_err=0.2273 wrel_err=0.1872 t=12.10s [554/980] ETA=1.38h
2026-08-19 05:02:37 SKIP cached model.layers.15.mlp.up_proj.weight :: rtn4
2026-08-19 05:03:32 FIT model.layers.15.mlp.down_proj.weight :: seed_only bpw=3.0000 rel_err=0.2766 wrel_err=0.1659 t=54.29s [556/980] ETA=1.38h
2026-08-19 05:03:36 FIT model.layers.15.mlp.down_proj.weight :: awq_p0.5 bpw=3.2400 rel_err=0.2731 wrel_err=0.1631 t=4.21s [557/980] ETA=1.38h
2026-08-19 05:03:44 FIT model.layers.15.mlp.down_proj.weight :: awq_p1.0 bpw=3.4800 rel_err=0.2705 wrel_err=0.1610 t=7.14s [558/980] ETA=1.37h
2026-08-19 05:03:56 FIT model.layers.15.mlp.down_proj.weight :: awq_p2.0 bpw=3.9600 rel_err=0.2657 wrel_err=0.1572 t=12.46s [559/980] ETA=1.37h
2026-08-19 05:03:56 SKIP cached model.layers.15.mlp.down_proj.weight :: rtn4
2026-08-19 05:04:16 FIT model.layers.16.self_attn.q_proj.weight :: seed_only bpw=3.0000 rel_err=0.2574 wrel_err=0.1348 t=19.02s [561/980] ETA=1.37h
2026-08-19 05:04:18 FIT model.layers.16.self_attn.q_proj.weight :: awq_p0.5 bpw=3.2400 rel_err=0.2511 wrel_err=0.1306 t=2.24s [562/980] ETA=1.36h
2026-08-19 05:04:21 FIT model.layers.16.self_attn.q_proj.weight :: awq_p1.0 bpw=3.4800 rel_err=0.2421 wrel_err=0.1254 t=2.95s [563/980] ETA=1.36h
2026-08-19 05:04:25 FIT model.layers.16.self_attn.q_proj.weight :: awq_p2.0 bpw=3.9600 rel_err=0.2273 wrel_err=0.1171 t=4.10s [564/980] ETA=1.35h
2026-08-19 05:04:25 SKIP cached model.layers.16.self_attn.q_proj.weight :: rtn4
2026-08-19 05:04:35 FIT model.layers.16.self_attn.k_proj.weight :: seed_only bpw=3.0000 rel_err=0.2585 wrel_err=0.1163 t=9.94s [566/980] ETA=1.34h
2026-08-19 05:04:37 FIT model.layers.16.self_attn.k_proj.weight :: awq_p0.5 bpw=3.2400 rel_err=0.2502 wrel_err=0.1120 t=1.57s [567/980] ETA=1.34h
2026-08-19 05:04:39 FIT model.layers.16.self_attn.k_proj.weight :: awq_p1.0 bpw=3.4800 rel_err=0.2446 wrel_err=0.1090 t=2.19s [568/980] ETA=1.33h
2026-08-19 05:04:42 FIT model.layers.16.self_attn.k_proj.weight :: awq_p2.0 bpw=3.9600 rel_err=0.2339 wrel_err=0.1038 t=2.87s [569/980] ETA=1.33h
2026-08-19 05:04:42 SKIP cached model.layers.16.self_attn.k_proj.weight :: rtn4
2026-08-19 05:04:52 FIT model.layers.16.self_attn.v_proj.weight :: seed_only bpw=3.0000 rel_err=0.2583 wrel_err=0.1967 t=9.93s [571/980] ETA=1.32h
2026-08-19 05:04:54 FIT model.layers.16.self_attn.v_proj.weight :: awq_p0.5 bpw=3.2400 rel_err=0.2555 wrel_err=0.1940 t=1.70s [572/980] ETA=1.31h
2026-08-19 05:04:56 FIT model.layers.16.self_attn.v_proj.weight :: awq_p1.0 bpw=3.4800 rel_err=0.2512 wrel_err=0.1903 t=2.17s [573/980] ETA=1.31h
2026-08-19 05:04:59 FIT model.layers.16.self_attn.v_proj.weight :: awq_p2.0 bpw=3.9600 rel_err=0.2425 wrel_err=0.1829 t=2.97s [574/980] ETA=1.30h
2026-08-19 05:04:59 SKIP cached model.layers.16.self_attn.v_proj.weight :: rtn4
2026-08-19 05:05:19 FIT model.layers.16.self_attn.o_proj.weight :: seed_only bpw=3.0000 rel_err=0.2714 wrel_err=0.1643 t=18.99s [576/980] ETA=1.30h
2026-08-19 05:05:20 FIT model.layers.16.self_attn.o_proj.weight :: awq_p0.5 bpw=3.2400 rel_err=0.2683 wrel_err=0.1601 t=1.76s [577/980] ETA=1.29h
2026-08-19 05:05:23 FIT model.layers.16.self_attn.o_proj.weight :: awq_p1.0 bpw=3.4800 rel_err=0.2652 wrel_err=0.1558 t=2.70s [578/980] ETA=1.29h
2026-08-19 05:05:28 FIT model.layers.16.self_attn.o_proj.weight :: awq_p2.0 bpw=3.9600 rel_err=0.2593 wrel_err=0.1473 t=4.16s [579/980] ETA=1.28h
2026-08-19 05:05:28 SKIP cached model.layers.16.self_attn.o_proj.weight :: rtn4
2026-08-19 05:06:22 FIT model.layers.16.mlp.gate_proj.weight :: seed_only bpw=3.0000 rel_err=0.2460 wrel_err=0.1833 t=54.31s [581/980] ETA=1.29h
2026-08-19 05:06:27 FIT model.layers.16.mlp.gate_proj.weight :: awq_p0.5 bpw=3.2400 rel_err=0.2407 wrel_err=0.1788 t=4.18s [582/980] ETA=1.28h
2026-08-19 05:06:34 FIT model.layers.16.mlp.gate_proj.weight :: awq_p1.0 bpw=3.4800 rel_err=0.2362 wrel_err=0.1750 t=6.90s [583/980] ETA=1.28h
2026-08-19 05:06:46 FIT model.layers.16.mlp.gate_proj.weight :: awq_p2.0 bpw=3.9600 rel_err=0.2273 wrel_err=0.1678 t=11.89s [584/980] ETA=1.27h
2026-08-19 05:06:46 SKIP cached model.layers.16.mlp.gate_proj.weight :: rtn4
2026-08-19 05:07:41 FIT model.layers.16.mlp.up_proj.weight :: seed_only bpw=3.0000 rel_err=0.2456 wrel_err=0.2003 t=54.30s [586/980] ETA=1.28h
2026-08-19 05:07:45 FIT model.layers.16.mlp.up_proj.weight :: awq_p0.5 bpw=3.2400 rel_err=0.2410 wrel_err=0.1960 t=4.18s [587/980] ETA=1.27h
2026-08-19 05:07:52 FIT model.layers.16.mlp.up_proj.weight :: awq_p1.0 bpw=3.4800 rel_err=0.2365 wrel_err=0.1920 t=6.95s [588/980] ETA=1.27h
2026-08-19 05:08:05 FIT model.layers.16.mlp.up_proj.weight :: awq_p2.0 bpw=3.9600 rel_err=0.2279 wrel_err=0.1845 t=12.18s [589/980] ETA=1.27h
2026-08-19 05:08:05 SKIP cached model.layers.16.mlp.up_proj.weight :: rtn4
2026-08-19 05:08:59 FIT model.layers.16.mlp.down_proj.weight :: seed_only bpw=3.0000 rel_err=0.2984 wrel_err=0.1309 t=54.29s [591/980] ETA=1.27h
2026-08-19 05:09:04 FIT model.layers.16.mlp.down_proj.weight :: awq_p0.5 bpw=3.2400 rel_err=0.2908 wrel_err=0.1265 t=4.12s [592/980] ETA=1.26h
2026-08-19 05:09:11 FIT model.layers.16.mlp.down_proj.weight :: awq_p1.0 bpw=3.4800 rel_err=0.2886 wrel_err=0.1251 t=7.10s [593/980] ETA=1.26h
2026-08-19 05:09:24 FIT model.layers.16.mlp.down_proj.weight :: awq_p2.0 bpw=3.9600 rel_err=0.2849 wrel_err=0.1227 t=12.52s [594/980] ETA=1.26h
2026-08-19 05:09:24 SKIP cached model.layers.16.mlp.down_proj.weight :: rtn4
2026-08-19 05:09:43 FIT model.layers.17.self_attn.q_proj.weight :: seed_only bpw=3.0000 rel_err=0.2609 wrel_err=0.1342 t=19.02s [596/980] ETA=1.25h
2026-08-19 05:09:45 FIT model.layers.17.self_attn.q_proj.weight :: awq_p0.5 bpw=3.2400 rel_err=0.2559 wrel_err=0.1309 t=2.25s [597/980] ETA=1.25h
2026-08-19 05:09:49 FIT model.layers.17.self_attn.q_proj.weight :: awq_p1.0 bpw=3.4800 rel_err=0.2481 wrel_err=0.1264 t=2.98s [598/980] ETA=1.24h
2026-08-19 05:09:53 FIT model.layers.17.self_attn.q_proj.weight :: awq_p2.0 bpw=3.9600 rel_err=0.2358 wrel_err=0.1194 t=4.22s [599/980] ETA=1.24h
2026-08-19 05:09:53 SKIP cached model.layers.17.self_attn.q_proj.weight :: rtn4
2026-08-19 05:10:03 FIT model.layers.17.self_attn.k_proj.weight :: seed_only bpw=3.0000 rel_err=0.2619 wrel_err=0.1043 t=9.94s [601/980] ETA=1.23h
2026-08-19 05:10:04 FIT model.layers.17.self_attn.k_proj.weight :: awq_p0.5 bpw=3.2400 rel_err=0.2574 wrel_err=0.1020 t=1.12s [602/980] ETA=1.22h
2026-08-19 05:10:06 FIT model.layers.17.self_attn.k_proj.weight :: awq_p1.0 bpw=3.4800 rel_err=0.2547 wrel_err=0.1006 t=2.09s [603/980] ETA=1.22h
2026-08-19 05:10:09 FIT model.layers.17.self_attn.k_proj.weight :: awq_p2.0 bpw=3.9600 rel_err=0.2464 wrel_err=0.0967 t=2.97s [604/980] ETA=1.21h
2026-08-19 05:10:10 SKIP cached model.layers.17.self_attn.k_proj.weight :: rtn4
2026-08-19 05:10:20 FIT model.layers.17.self_attn.v_proj.weight :: seed_only bpw=3.0000 rel_err=0.2619 wrel_err=0.2025 t=9.94s [606/980] ETA=1.21h
2026-08-19 05:10:21 FIT model.layers.17.self_attn.v_proj.weight :: awq_p0.5 bpw=3.2400 rel_err=0.2573 wrel_err=0.1982 t=1.74s [607/980] ETA=1.20h
2026-08-19 05:10:24 FIT model.layers.17.self_attn.v_proj.weight :: awq_p1.0 bpw=3.4800 rel_err=0.2523 wrel_err=0.1938 t=2.15s [608/980] ETA=1.20h
2026-08-19 05:10:27 FIT model.layers.17.self_attn.v_proj.weight :: awq_p2.0 bpw=3.9600 rel_err=0.2433 wrel_err=0.1860 t=2.92s [609/980] ETA=1.19h
2026-08-19 05:10:27 SKIP cached model.layers.17.self_attn.v_proj.weight :: rtn4
2026-08-19 05:10:46 FIT model.layers.17.self_attn.o_proj.weight :: seed_only bpw=3.0000 rel_err=0.2530 wrel_err=0.1908 t=19.00s [611/980] ETA=1.19h
2026-08-19 05:10:48 FIT model.layers.17.self_attn.o_proj.weight :: awq_p0.5 bpw=3.2400 rel_err=0.2477 wrel_err=0.1809 t=1.78s [612/980] ETA=1.18h
2026-08-19 05:10:51 FIT model.layers.17.self_attn.o_proj.weight :: awq_p1.0 bpw=3.4800 rel_err=0.2441 wrel_err=0.1750 t=2.63s [613/980] ETA=1.18h
2026-08-19 05:10:55 FIT model.layers.17.self_attn.o_proj.weight :: awq_p2.0 bpw=3.9600 rel_err=0.2379 wrel_err=0.1654 t=4.08s [614/980] ETA=1.17h
2026-08-19 05:10:55 SKIP cached model.layers.17.self_attn.o_proj.weight :: rtn4
2026-08-19 05:11:49 FIT model.layers.17.mlp.gate_proj.weight :: seed_only bpw=3.0000 rel_err=0.2483 wrel_err=0.1780 t=54.28s [616/980] ETA=1.17h
2026-08-19 05:11:54 FIT model.layers.17.mlp.gate_proj.weight :: awq_p0.5 bpw=3.2400 rel_err=0.2423 wrel_err=0.1733 t=4.14s [617/980] ETA=1.17h
2026-08-19 05:12:01 FIT model.layers.17.mlp.gate_proj.weight :: awq_p1.0 bpw=3.4800 rel_err=0.2380 wrel_err=0.1698 t=6.94s [618/980] ETA=1.17h
2026-08-19 05:12:13 FIT model.layers.17.mlp.gate_proj.weight :: awq_p2.0 bpw=3.9600 rel_err=0.2298 wrel_err=0.1633 t=11.99s [619/980] ETA=1.16h
2026-08-19 05:12:13 SKIP cached model.layers.17.mlp.gate_proj.weight :: rtn4
2026-08-19 05:13:08 FIT model.layers.17.mlp.up_proj.weight :: seed_only bpw=3.0000 rel_err=0.2473 wrel_err=0.1952 t=54.34s [621/980] ETA=1.16h
2026-08-19 05:13:12 FIT model.layers.17.mlp.up_proj.weight :: awq_p0.5 bpw=3.2400 rel_err=0.2439 wrel_err=0.1920 t=4.22s [622/980] ETA=1.16h
2026-08-19 05:13:19 FIT model.layers.17.mlp.up_proj.weight :: awq_p1.0 bpw=3.4800 rel_err=0.2399 wrel_err=0.1885 t=7.01s [623/980] ETA=1.16h
2026-08-19 05:13:32 FIT model.layers.17.mlp.up_proj.weight :: awq_p2.0 bpw=3.9600 rel_err=0.2317 wrel_err=0.1815 t=12.20s [624/980] ETA=1.15h
2026-08-19 05:13:32 SKIP cached model.layers.17.mlp.up_proj.weight :: rtn4
2026-08-19 05:14:27 FIT model.layers.17.mlp.down_proj.weight :: seed_only bpw=3.0000 rel_err=0.2880 wrel_err=0.1477 t=54.28s [626/980] ETA=1.15h
2026-08-19 05:14:31 FIT model.layers.17.mlp.down_proj.weight :: awq_p0.5 bpw=3.2400 rel_err=0.2846 wrel_err=0.1453 t=4.14s [627/980] ETA=1.15h
2026-08-19 05:14:38 FIT model.layers.17.mlp.down_proj.weight :: awq_p1.0 bpw=3.4800 rel_err=0.2822 wrel_err=0.1436 t=7.10s [628/980] ETA=1.15h
2026-08-19 05:14:51 FIT model.layers.17.mlp.down_proj.weight :: awq_p2.0 bpw=3.9600 rel_err=0.2779 wrel_err=0.1405 t=12.43s [629/980] ETA=1.14h
2026-08-19 05:14:51 SKIP cached model.layers.17.mlp.down_proj.weight :: rtn4
2026-08-19 05:15:10 FIT model.layers.18.self_attn.q_proj.weight :: seed_only bpw=3.0000 rel_err=0.2581 wrel_err=0.1404 t=19.01s [631/980] ETA=1.14h
2026-08-19 05:15:12 FIT model.layers.18.self_attn.q_proj.weight :: awq_p0.5 bpw=3.2400 rel_err=0.2534 wrel_err=0.1370 t=2.20s [632/980] ETA=1.13h
2026-08-19 05:15:15 FIT model.layers.18.self_attn.q_proj.weight :: awq_p1.0 bpw=3.4800 rel_err=0.2462 wrel_err=0.1326 t=2.96s [633/980] ETA=1.13h
2026-08-19 05:15:19 FIT model.layers.18.self_attn.q_proj.weight :: awq_p2.0 bpw=3.9600 rel_err=0.2331 wrel_err=0.1250 t=4.18s [634/980] ETA=1.12h
2026-08-19 05:15:20 SKIP cached model.layers.18.self_attn.q_proj.weight :: rtn4
2026-08-19 05:15:30 FIT model.layers.18.self_attn.k_proj.weight :: seed_only bpw=3.0000 rel_err=0.2589 wrel_err=0.1244 t=9.96s [636/980] ETA=1.12h
2026-08-19 05:15:31 FIT model.layers.18.self_attn.k_proj.weight :: awq_p0.5 bpw=3.2400 rel_err=0.2548 wrel_err=0.1217 t=1.33s [637/980] ETA=1.11h
2026-08-19 05:15:33 FIT model.layers.18.self_attn.k_proj.weight :: awq_p1.0 bpw=3.4800 rel_err=0.2518 wrel_err=0.1198 t=2.12s [638/980] ETA=1.11h
2026-08-19 05:15:36 FIT model.layers.18.self_attn.k_proj.weight :: awq_p2.0 bpw=3.9600 rel_err=0.2440 wrel_err=0.1155 t=2.96s [639/980] ETA=1.10h
2026-08-19 05:15:36 SKIP cached model.layers.18.self_attn.k_proj.weight :: rtn4
2026-08-19 05:15:46 FIT model.layers.18.self_attn.v_proj.weight :: seed_only bpw=3.0000 rel_err=0.2606 wrel_err=0.1954 t=9.93s [641/980] ETA=1.09h
2026-08-19 05:15:48 FIT model.layers.18.self_attn.v_proj.weight :: awq_p0.5 bpw=3.2400 rel_err=0.2578 wrel_err=0.1926 t=1.63s [642/980] ETA=1.09h
2026-08-19 05:15:50 FIT model.layers.18.self_attn.v_proj.weight :: awq_p1.0 bpw=3.4800 rel_err=0.2546 wrel_err=0.1898 t=2.16s [643/980] ETA=1.08h
2026-08-19 05:15:53 FIT model.layers.18.self_attn.v_proj.weight :: awq_p2.0 bpw=3.9600 rel_err=0.2478 wrel_err=0.1840 t=2.99s [644/980] ETA=1.08h
2026-08-19 05:15:53 SKIP cached model.layers.18.self_attn.v_proj.weight :: rtn4
2026-08-19 05:16:13 FIT model.layers.18.self_attn.o_proj.weight :: seed_only bpw=3.0000 rel_err=0.2591 wrel_err=0.1862 t=18.99s [646/980] ETA=1.07h
2026-08-19 05:16:14 FIT model.layers.18.self_attn.o_proj.weight :: awq_p0.5 bpw=3.2400 rel_err=0.2544 wrel_err=0.1793 t=1.85s [647/980] ETA=1.07h
2026-08-19 05:16:17 FIT model.layers.18.self_attn.o_proj.weight :: awq_p1.0 bpw=3.4800 rel_err=0.2511 wrel_err=0.1749 t=2.79s [648/980] ETA=1.07h
2026-08-19 05:16:22 FIT model.layers.18.self_attn.o_proj.weight :: awq_p2.0 bpw=3.9600 rel_err=0.2450 wrel_err=0.1672 t=4.38s [649/980] ETA=1.06h
2026-08-19 05:16:22 SKIP cached model.layers.18.self_attn.o_proj.weight :: rtn4
2026-08-19 05:17:17 FIT model.layers.18.mlp.gate_proj.weight :: seed_only bpw=3.0000 rel_err=0.2457 wrel_err=0.1810 t=54.30s [651/980] ETA=1.06h
2026-08-19 05:17:21 FIT model.layers.18.mlp.gate_proj.weight :: awq_p0.5 bpw=3.2400 rel_err=0.2397 wrel_err=0.1760 t=4.15s [652/980] ETA=1.06h
2026-08-19 05:17:28 FIT model.layers.18.mlp.gate_proj.weight :: awq_p1.0 bpw=3.4800 rel_err=0.2352 wrel_err=0.1723 t=7.02s [653/980] ETA=1.05h
2026-08-19 05:17:40 FIT model.layers.18.mlp.gate_proj.weight :: awq_p2.0 bpw=3.9600 rel_err=0.2267 wrel_err=0.1654 t=11.99s [654/980] ETA=1.05h
2026-08-19 05:17:40 SKIP cached model.layers.18.mlp.gate_proj.weight :: rtn4
2026-08-19 05:18:35 FIT model.layers.18.mlp.up_proj.weight :: seed_only bpw=3.0000 rel_err=0.2450 wrel_err=0.1966 t=54.30s [656/980] ETA=1.05h
2026-08-19 05:18:39 FIT model.layers.18.mlp.up_proj.weight :: awq_p0.5 bpw=3.2400 rel_err=0.2411 wrel_err=0.1929 t=4.19s [657/980] ETA=1.05h
2026-08-19 05:18:46 FIT model.layers.18.mlp.up_proj.weight :: awq_p1.0 bpw=3.4800 rel_err=0.2368 wrel_err=0.1891 t=6.99s [658/980] ETA=1.04h
2026-08-19 05:18:59 FIT model.layers.18.mlp.up_proj.weight :: awq_p2.0 bpw=3.9600 rel_err=0.2284 wrel_err=0.1818 t=12.18s [659/980] ETA=1.04h
2026-08-19 05:18:59 SKIP cached model.layers.18.mlp.up_proj.weight :: rtn4
2026-08-19 05:19:53 FIT model.layers.18.mlp.down_proj.weight :: seed_only bpw=3.0000 rel_err=0.3052 wrel_err=0.1431 t=54.28s [661/980] ETA=1.04h
2026-08-19 05:19:58 FIT model.layers.18.mlp.down_proj.weight :: awq_p0.5 bpw=3.2400 rel_err=0.3017 wrel_err=0.1407 t=4.17s [662/980] ETA=1.04h
2026-08-19 05:20:05 FIT model.layers.18.mlp.down_proj.weight :: awq_p1.0 bpw=3.4800 rel_err=0.2995 wrel_err=0.1391 t=7.19s [663/980] ETA=1.03h
2026-08-19 05:20:18 FIT model.layers.18.mlp.down_proj.weight :: awq_p2.0 bpw=3.9600 rel_err=0.2953 wrel_err=0.1361 t=12.58s [664/980] ETA=1.03h
2026-08-19 05:20:18 SKIP cached model.layers.18.mlp.down_proj.weight :: rtn4
2026-08-19 05:20:37 FIT model.layers.19.self_attn.q_proj.weight :: seed_only bpw=3.0000 rel_err=0.2528 wrel_err=0.1525 t=19.00s [666/980] ETA=1.02h
2026-08-19 05:20:40 FIT model.layers.19.self_attn.q_proj.weight :: awq_p0.5 bpw=3.2400 rel_err=0.2477 wrel_err=0.1485 t=2.18s [667/980] ETA=1.02h
2026-08-19 05:20:43 FIT model.layers.19.self_attn.q_proj.weight :: awq_p1.0 bpw=3.4800 rel_err=0.2391 wrel_err=0.1428 t=2.94s [668/980] ETA=1.01h
2026-08-19 05:20:47 FIT model.layers.19.self_attn.q_proj.weight :: awq_p2.0 bpw=3.9600 rel_err=0.2240 wrel_err=0.1333 t=4.11s [669/980] ETA=1.01h
2026-08-19 05:20:47 SKIP cached model.layers.19.self_attn.q_proj.weight :: rtn4
2026-08-19 05:20:57 FIT model.layers.19.self_attn.k_proj.weight :: seed_only bpw=3.0000 rel_err=0.2534 wrel_err=0.1295 t=9.93s [671/980] ETA=1.00h
2026-08-19 05:20:58 FIT model.layers.19.self_attn.k_proj.weight :: awq_p0.5 bpw=3.2400 rel_err=0.2485 wrel_err=0.1263 t=1.22s [672/980] ETA=1.00h
2026-08-19 05:21:00 FIT model.layers.19.self_attn.k_proj.weight :: awq_p1.0 bpw=3.4800 rel_err=0.2458 wrel_err=0.1246 t=2.06s [673/980] ETA=0.99h
2026-08-19 05:21:04 FIT model.layers.19.self_attn.k_proj.weight :: awq_p2.0 bpw=3.9600 rel_err=0.2385 wrel_err=0.1202 t=3.00s [674/980] ETA=0.99h
2026-08-19 05:21:04 SKIP cached model.layers.19.self_attn.k_proj.weight :: rtn4
2026-08-19 05:21:14 FIT model.layers.19.self_attn.v_proj.weight :: seed_only bpw=3.0000 rel_err=0.2552 wrel_err=0.2027 t=9.94s [676/980] ETA=0.98h
2026-08-19 05:21:15 FIT model.layers.19.self_attn.v_proj.weight :: awq_p0.5 bpw=3.2400 rel_err=0.2496 wrel_err=0.1977 t=1.64s [677/980] ETA=0.98h
2026-08-19 05:21:18 FIT model.layers.19.self_attn.v_proj.weight :: awq_p1.0 bpw=3.4800 rel_err=0.2448 wrel_err=0.1934 t=2.17s [678/980] ETA=0.97h
2026-08-19 05:21:21 FIT model.layers.19.self_attn.v_proj.weight :: awq_p2.0 bpw=3.9600 rel_err=0.2362 wrel_err=0.1859 t=2.98s [679/980] ETA=0.97h
2026-08-19 05:21:21 SKIP cached model.layers.19.self_attn.v_proj.weight :: rtn4
2026-08-19 05:21:40 FIT model.layers.19.self_attn.o_proj.weight :: seed_only bpw=3.0000 rel_err=0.2812 wrel_err=0.1902 t=19.00s [681/980] ETA=0.96h
2026-08-19 05:21:42 FIT model.layers.19.self_attn.o_proj.weight :: awq_p0.5 bpw=3.2400 rel_err=0.2771 wrel_err=0.1802 t=1.78s [682/980] ETA=0.96h
2026-08-19 05:21:45 FIT model.layers.19.self_attn.o_proj.weight :: awq_p1.0 bpw=3.4800 rel_err=0.2743 wrel_err=0.1743 t=2.63s [683/980] ETA=0.95h
2026-08-19 05:21:49 FIT model.layers.19.self_attn.o_proj.weight :: awq_p2.0 bpw=3.9600 rel_err=0.2694 wrel_err=0.1648 t=4.01s [684/980] ETA=0.95h
2026-08-19 05:21:49 SKIP cached model.layers.19.self_attn.o_proj.weight :: rtn4
2026-08-19 05:22:43 FIT model.layers.19.mlp.gate_proj.weight :: seed_only bpw=3.0000 rel_err=0.2470 wrel_err=0.1815 t=54.30s [686/980] ETA=0.95h
2026-08-19 05:22:47 FIT model.layers.19.mlp.gate_proj.weight :: awq_p0.5 bpw=3.2400 rel_err=0.2400 wrel_err=0.1757 t=4.10s [687/980] ETA=0.94h
2026-08-19 05:22:55 FIT model.layers.19.mlp.gate_proj.weight :: awq_p1.0 bpw=3.4800 rel_err=0.2354 wrel_err=0.1719 t=7.01s [688/980] ETA=0.94h
2026-08-19 05:23:07 FIT model.layers.19.mlp.gate_proj.weight :: awq_p2.0 bpw=3.9600 rel_err=0.2271 wrel_err=0.1652 t=11.93s [689/980] ETA=0.94h
2026-08-19 05:23:07 SKIP cached model.layers.19.mlp.gate_proj.weight :: rtn4
2026-08-19 05:24:01 FIT model.layers.19.mlp.up_proj.weight :: seed_only bpw=3.0000 rel_err=0.2459 wrel_err=0.1977 t=54.30s [691/980] ETA=0.94h
2026-08-19 05:24:06 FIT model.layers.19.mlp.up_proj.weight :: awq_p0.5 bpw=3.2400 rel_err=0.2410 wrel_err=0.1932 t=4.17s [692/980] ETA=0.93h
2026-08-19 05:24:13 FIT model.layers.19.mlp.up_proj.weight :: awq_p1.0 bpw=3.4800 rel_err=0.2368 wrel_err=0.1894 t=6.96s [693/980] ETA=0.93h
2026-08-19 05:24:25 FIT model.layers.19.mlp.up_proj.weight :: awq_p2.0 bpw=3.9600 rel_err=0.2286 wrel_err=0.1823 t=12.13s [694/980] ETA=0.93h
2026-08-19 05:24:25 SKIP cached model.layers.19.mlp.up_proj.weight :: rtn4
2026-08-19 05:25:20 FIT model.layers.19.mlp.down_proj.weight :: seed_only bpw=3.0000 rel_err=0.3294 wrel_err=0.1314 t=54.32s [696/980] ETA=0.93h
2026-08-19 05:25:24 FIT model.layers.19.mlp.down_proj.weight :: awq_p0.5 bpw=3.2400 rel_err=0.3250 wrel_err=0.1287 t=4.10s [697/980] ETA=0.92h
2026-08-19 05:25:31 FIT model.layers.19.mlp.down_proj.weight :: awq_p1.0 bpw=3.4800 rel_err=0.3226 wrel_err=0.1272 t=7.08s [698/980] ETA=0.92h
2026-08-19 05:25:44 FIT model.layers.19.mlp.down_proj.weight :: awq_p2.0 bpw=3.9600 rel_err=0.3185 wrel_err=0.1245 t=12.46s [699/980] ETA=0.91h
2026-08-19 05:25:44 SKIP cached model.layers.19.mlp.down_proj.weight :: rtn4
2026-08-19 05:26:03 FIT model.layers.20.self_attn.q_proj.weight :: seed_only bpw=3.0000 rel_err=0.2594 wrel_err=0.1528 t=19.01s [701/980] ETA=0.91h
2026-08-19 05:26:05 FIT model.layers.20.self_attn.q_proj.weight :: awq_p0.5 bpw=3.2400 rel_err=0.2544 wrel_err=0.1488 t=2.17s [702/980] ETA=0.90h
2026-08-19 05:26:08 FIT model.layers.20.self_attn.q_proj.weight :: awq_p1.0 bpw=3.4800 rel_err=0.2468 wrel_err=0.1437 t=2.96s [703/980] ETA=0.90h
2026-08-19 05:26:13 FIT model.layers.20.self_attn.q_proj.weight :: awq_p2.0 bpw=3.9600 rel_err=0.2325 wrel_err=0.1349 t=4.15s [704/980] ETA=0.90h
2026-08-19 05:26:13 SKIP cached model.layers.20.self_attn.q_proj.weight :: rtn4
2026-08-19 05:26:23 FIT model.layers.20.self_attn.k_proj.weight :: seed_only bpw=3.0000 rel_err=0.2600 wrel_err=0.1336 t=9.94s [706/980] ETA=0.89h
2026-08-19 05:26:24 FIT model.layers.20.self_attn.k_proj.weight :: awq_p0.5 bpw=3.2400 rel_err=0.2541 wrel_err=0.1298 t=1.44s [707/980] ETA=0.88h
2026-08-19 05:26:26 FIT model.layers.20.self_attn.k_proj.weight :: awq_p1.0 bpw=3.4800 rel_err=0.2512 wrel_err=0.1278 t=2.09s [708/980] ETA=0.88h
2026-08-19 05:26:29 FIT model.layers.20.self_attn.k_proj.weight :: awq_p2.0 bpw=3.9600 rel_err=0.2448 wrel_err=0.1239 t=2.97s [709/980] ETA=0.88h
2026-08-19 05:26:29 SKIP cached model.layers.20.self_attn.k_proj.weight :: rtn4
2026-08-19 05:26:40 FIT model.layers.20.self_attn.v_proj.weight :: seed_only bpw=3.0000 rel_err=0.2621 wrel_err=0.1936 t=9.93s [711/980] ETA=0.87h
2026-08-19 05:26:41 FIT model.layers.20.self_attn.v_proj.weight :: awq_p0.5 bpw=3.2400 rel_err=0.2539 wrel_err=0.1869 t=1.69s [712/980] ETA=0.86h
2026-08-19 05:26:43 FIT model.layers.20.self_attn.v_proj.weight :: awq_p1.0 bpw=3.4800 rel_err=0.2487 wrel_err=0.1826 t=2.13s [713/980] ETA=0.86h
2026-08-19 05:26:47 FIT model.layers.20.self_attn.v_proj.weight :: awq_p2.0 bpw=3.9600 rel_err=0.2406 wrel_err=0.1757 t=2.97s [714/980] ETA=0.86h
2026-08-19 05:26:47 SKIP cached model.layers.20.self_attn.v_proj.weight :: rtn4
2026-08-19 05:27:06 FIT model.layers.20.self_attn.o_proj.weight :: seed_only bpw=3.0000 rel_err=0.2704 wrel_err=0.1853 t=19.00s [716/980] ETA=0.85h
2026-08-19 05:27:08 FIT model.layers.20.self_attn.o_proj.weight :: awq_p0.5 bpw=3.2400 rel_err=0.2650 wrel_err=0.1762 t=1.85s [717/980] ETA=0.85h
2026-08-19 05:27:11 FIT model.layers.20.self_attn.o_proj.weight :: awq_p1.0 bpw=3.4800 rel_err=0.2616 wrel_err=0.1717 t=2.80s [718/980] ETA=0.84h
2026-08-19 05:27:15 FIT model.layers.20.self_attn.o_proj.weight :: awq_p2.0 bpw=3.9600 rel_err=0.2558 wrel_err=0.1644 t=4.41s [719/980] ETA=0.84h
2026-08-19 05:27:15 SKIP cached model.layers.20.self_attn.o_proj.weight :: rtn4
2026-08-19 05:28:10 FIT model.layers.20.mlp.gate_proj.weight :: seed_only bpw=3.0000 rel_err=0.2449 wrel_err=0.1830 t=54.28s [721/980] ETA=0.84h
2026-08-19 05:28:14 FIT model.layers.20.mlp.gate_proj.weight :: awq_p0.5 bpw=3.2400 rel_err=0.2390 wrel_err=0.1780 t=4.16s [722/980] ETA=0.83h
2026-08-19 05:28:21 FIT model.layers.20.mlp.gate_proj.weight :: awq_p1.0 bpw=3.4800 rel_err=0.2346 wrel_err=0.1743 t=7.00s [723/980] ETA=0.83h
2026-08-19 05:28:34 FIT model.layers.20.mlp.gate_proj.weight :: awq_p2.0 bpw=3.9600 rel_err=0.2265 wrel_err=0.1676 t=12.07s [724/980] ETA=0.83h
2026-08-19 05:28:34 SKIP cached model.layers.20.mlp.gate_proj.weight :: rtn4
2026-08-19 05:29:28 FIT model.layers.20.mlp.up_proj.weight :: seed_only bpw=3.0000 rel_err=0.2441 wrel_err=0.1999 t=54.31s [726/980] ETA=0.82h
2026-08-19 05:29:33 FIT model.layers.20.mlp.up_proj.weight :: awq_p0.5 bpw=3.2400 rel_err=0.2394 wrel_err=0.1956 t=4.21s [727/980] ETA=0.82h
2026-08-19 05:29:40 FIT model.layers.20.mlp.up_proj.weight :: awq_p1.0 bpw=3.4800 rel_err=0.2355 wrel_err=0.1919 t=7.02s [728/980] ETA=0.82h
2026-08-19 05:29:53 FIT model.layers.20.mlp.up_proj.weight :: awq_p2.0 bpw=3.9600 rel_err=0.2276 wrel_err=0.1848 t=12.24s [729/980] ETA=0.81h
2026-08-19 05:29:53 SKIP cached model.layers.20.mlp.up_proj.weight :: rtn4
2026-08-19 05:30:47 FIT model.layers.20.mlp.down_proj.weight :: seed_only bpw=3.0000 rel_err=0.3380 wrel_err=0.1286 t=54.31s [731/980] ETA=0.81h
2026-08-19 05:30:51 FIT model.layers.20.mlp.down_proj.weight :: awq_p0.5 bpw=3.2400 rel_err=0.3340 wrel_err=0.1262 t=4.12s [732/980] ETA=0.81h
2026-08-19 05:30:59 FIT model.layers.20.mlp.down_proj.weight :: awq_p1.0 bpw=3.4800 rel_err=0.3315 wrel_err=0.1247 t=7.12s [733/980] ETA=0.80h
2026-08-19 05:31:11 FIT model.layers.20.mlp.down_proj.weight :: awq_p2.0 bpw=3.9600 rel_err=0.3270 wrel_err=0.1219 t=12.50s [734/980] ETA=0.80h
2026-08-19 05:31:12 SKIP cached model.layers.20.mlp.down_proj.weight :: rtn4
2026-08-19 05:31:31 FIT model.layers.21.self_attn.q_proj.weight :: seed_only bpw=3.0000 rel_err=0.2562 wrel_err=0.1566 t=19.05s [736/980] ETA=0.79h
2026-08-19 05:31:33 FIT model.layers.21.self_attn.q_proj.weight :: awq_p0.5 bpw=3.2400 rel_err=0.2522 wrel_err=0.1534 t=2.13s [737/980] ETA=0.79h
2026-08-19 05:31:36 FIT model.layers.21.self_attn.q_proj.weight :: awq_p1.0 bpw=3.4800 rel_err=0.2460 wrel_err=0.1491 t=3.04s [738/980] ETA=0.79h
2026-08-19 05:31:41 FIT model.layers.21.self_attn.q_proj.weight :: awq_p2.0 bpw=3.9600 rel_err=0.2332 wrel_err=0.1408 t=4.35s [739/980] ETA=0.78h
2026-08-19 05:31:41 SKIP cached model.layers.21.self_attn.q_proj.weight :: rtn4
2026-08-19 05:31:51 FIT model.layers.21.self_attn.k_proj.weight :: seed_only bpw=3.0000 rel_err=0.2562 wrel_err=0.1421 t=9.94s [741/980] ETA=0.78h
2026-08-19 05:31:52 FIT model.layers.21.self_attn.k_proj.weight :: awq_p0.5 bpw=3.2400 rel_err=0.2517 wrel_err=0.1390 t=1.37s [742/980] ETA=0.77h
2026-08-19 05:31:54 FIT model.layers.21.self_attn.k_proj.weight :: awq_p1.0 bpw=3.4800 rel_err=0.2487 wrel_err=0.1368 t=2.14s [743/980] ETA=0.77h
2026-08-19 05:31:57 FIT model.layers.21.self_attn.k_proj.weight :: awq_p2.0 bpw=3.9600 rel_err=0.2412 wrel_err=0.1319 t=2.97s [744/980] ETA=0.76h
2026-08-19 05:31:58 SKIP cached model.layers.21.self_attn.k_proj.weight :: rtn4
2026-08-19 05:32:08 FIT model.layers.21.self_attn.v_proj.weight :: seed_only bpw=3.0000 rel_err=0.2585 wrel_err=0.1985 t=9.94s [746/980] ETA=0.76h
2026-08-19 05:32:09 FIT model.layers.21.self_attn.v_proj.weight :: awq_p0.5 bpw=3.2400 rel_err=0.2511 wrel_err=0.1923 t=1.70s [747/980] ETA=0.75h
2026-08-19 05:32:12 FIT model.layers.21.self_attn.v_proj.weight :: awq_p1.0 bpw=3.4800 rel_err=0.2451 wrel_err=0.1873 t=2.16s [748/980] ETA=0.75h
2026-08-19 05:32:15 FIT model.layers.21.self_attn.v_proj.weight :: awq_p2.0 bpw=3.9600 rel_err=0.2351 wrel_err=0.1790 t=2.88s [749/980] ETA=0.74h
2026-08-19 05:32:15 SKIP cached model.layers.21.self_attn.v_proj.weight :: rtn4
2026-08-19 05:32:34 FIT model.layers.21.self_attn.o_proj.weight :: seed_only bpw=3.0000 rel_err=0.2631 wrel_err=0.1775 t=19.00s [751/980] ETA=0.74h
2026-08-19 05:32:36 FIT model.layers.21.self_attn.o_proj.weight :: awq_p0.5 bpw=3.2400 rel_err=0.2584 wrel_err=0.1680 t=1.53s [752/980] ETA=0.73h
2026-08-19 05:32:38 FIT model.layers.21.self_attn.o_proj.weight :: awq_p1.0 bpw=3.4800 rel_err=0.2548 wrel_err=0.1624 t=2.37s [753/980] ETA=0.73h
2026-08-19 05:32:42 FIT model.layers.21.self_attn.o_proj.weight :: awq_p2.0 bpw=3.9600 rel_err=0.2483 wrel_err=0.1534 t=3.70s [754/980] ETA=0.73h
2026-08-19 05:32:42 SKIP cached model.layers.21.self_attn.o_proj.weight :: rtn4
2026-08-19 05:33:36 FIT model.layers.21.mlp.gate_proj.weight :: seed_only bpw=3.0000 rel_err=0.2434 wrel_err=0.1842 t=54.30s [756/980] ETA=0.72h
2026-08-19 05:33:41 FIT model.layers.21.mlp.gate_proj.weight :: awq_p0.5 bpw=3.2400 rel_err=0.2392 wrel_err=0.1805 t=4.26s [757/980] ETA=0.72h
2026-08-19 05:33:48 FIT model.layers.21.mlp.gate_proj.weight :: awq_p1.0 bpw=3.4800 rel_err=0.2348 wrel_err=0.1769 t=7.08s [758/980] ETA=0.72h
2026-08-19 05:34:00 FIT model.layers.21.mlp.gate_proj.weight :: awq_p2.0 bpw=3.9600 rel_err=0.2264 wrel_err=0.1700 t=12.26s [759/980] ETA=0.71h
2026-08-19 05:34:01 SKIP cached model.layers.21.mlp.gate_proj.weight :: rtn4
2026-08-19 05:34:55 FIT model.layers.21.mlp.up_proj.weight :: seed_only bpw=3.0000 rel_err=0.2430 wrel_err=0.2029 t=54.30s [761/980] ETA=0.71h
2026-08-19 05:34:59 FIT model.layers.21.mlp.up_proj.weight :: awq_p0.5 bpw=3.2400 rel_err=0.2387 wrel_err=0.1988 t=4.22s [762/980] ETA=0.71h
2026-08-19 05:35:07 FIT model.layers.21.mlp.up_proj.weight :: awq_p1.0 bpw=3.4800 rel_err=0.2343 wrel_err=0.1949 t=7.02s [763/980] ETA=0.70h
2026-08-19 05:35:19 FIT model.layers.21.mlp.up_proj.weight :: awq_p2.0 bpw=3.9600 rel_err=0.2262 wrel_err=0.1877 t=12.35s [764/980] ETA=0.70h
2026-08-19 05:35:19 SKIP cached model.layers.21.mlp.up_proj.weight :: rtn4
2026-08-19 05:36:14 FIT model.layers.21.mlp.down_proj.weight :: seed_only bpw=3.0000 rel_err=0.3515 wrel_err=0.1069 t=54.28s [766/980] ETA=0.70h
2026-08-19 05:36:18 FIT model.layers.21.mlp.down_proj.weight :: awq_p0.5 bpw=3.2400 rel_err=0.3481 wrel_err=0.1051 t=3.93s [767/980] ETA=0.69h
2026-08-19 05:36:25 FIT model.layers.21.mlp.down_proj.weight :: awq_p1.0 bpw=3.4800 rel_err=0.3460 wrel_err=0.1038 t=7.00s [768/980] ETA=0.69h
2026-08-19 05:36:38 FIT model.layers.21.mlp.down_proj.weight :: awq_p2.0 bpw=3.9600 rel_err=0.3419 wrel_err=0.1016 t=12.29s [769/980] ETA=0.69h
2026-08-19 05:36:38 SKIP cached model.layers.21.mlp.down_proj.weight :: rtn4
2026-08-19 05:36:57 FIT model.layers.22.self_attn.q_proj.weight :: seed_only bpw=3.0000 rel_err=0.2589 wrel_err=0.1578 t=19.01s [771/980] ETA=0.68h
2026-08-19 05:36:59 FIT model.layers.22.self_attn.q_proj.weight :: awq_p0.5 bpw=3.2400 rel_err=0.2555 wrel_err=0.1549 t=2.17s [772/980] ETA=0.68h
2026-08-19 05:37:02 FIT model.layers.22.self_attn.q_proj.weight :: awq_p1.0 bpw=3.4800 rel_err=0.2500 wrel_err=0.1510 t=3.03s [773/980] ETA=0.67h
2026-08-19 05:37:07 FIT model.layers.22.self_attn.q_proj.weight :: awq_p2.0 bpw=3.9600 rel_err=0.2379 wrel_err=0.1432 t=4.36s [774/980] ETA=0.67h
2026-08-19 05:37:07 SKIP cached model.layers.22.self_attn.q_proj.weight :: rtn4
2026-08-19 05:37:17 FIT model.layers.22.self_attn.k_proj.weight :: seed_only bpw=3.0000 rel_err=0.2591 wrel_err=0.1345 t=9.93s [776/980] ETA=0.66h
2026-08-19 05:37:18 FIT model.layers.22.self_attn.k_proj.weight :: awq_p0.5 bpw=3.2400 rel_err=0.2551 wrel_err=0.1318 t=1.28s [777/980] ETA=0.66h
2026-08-19 05:37:21 FIT model.layers.22.self_attn.k_proj.weight :: awq_p1.0 bpw=3.4800 rel_err=0.2523 wrel_err=0.1299 t=2.10s [778/980] ETA=0.65h
2026-08-19 05:37:24 FIT model.layers.22.self_attn.k_proj.weight :: awq_p2.0 bpw=3.9600 rel_err=0.2451 wrel_err=0.1254 t=2.96s [779/980] ETA=0.65h
2026-08-19 05:37:24 SKIP cached model.layers.22.self_attn.k_proj.weight :: rtn4
2026-08-19 05:37:34 FIT model.layers.22.self_attn.v_proj.weight :: seed_only bpw=3.0000 rel_err=0.2606 wrel_err=0.1965 t=9.93s [781/980] ETA=0.64h
2026-08-19 05:37:35 FIT model.layers.22.self_attn.v_proj.weight :: awq_p0.5 bpw=3.2400 rel_err=0.2534 wrel_err=0.1903 t=1.57s [782/980] ETA=0.64h
2026-08-19 05:37:38 FIT model.layers.22.self_attn.v_proj.weight :: awq_p1.0 bpw=3.4800 rel_err=0.2493 wrel_err=0.1867 t=2.12s [783/980] ETA=0.63h
2026-08-19 05:37:41 FIT model.layers.22.self_attn.v_proj.weight :: awq_p2.0 bpw=3.9600 rel_err=0.2427 wrel_err=0.1808 t=2.99s [784/980] ETA=0.63h
2026-08-19 05:37:41 SKIP cached model.layers.22.self_attn.v_proj.weight :: rtn4
2026-08-19 05:38:00 FIT model.layers.22.self_attn.o_proj.weight :: seed_only bpw=3.0000 rel_err=0.2583 wrel_err=0.1895 t=18.99s [786/980] ETA=0.63h
2026-08-19 05:38:02 FIT model.layers.22.self_attn.o_proj.weight :: awq_p0.5 bpw=3.2400 rel_err=0.2542 wrel_err=0.1791 t=1.65s [787/980] ETA=0.62h
2026-08-19 05:38:04 FIT model.layers.22.self_attn.o_proj.weight :: awq_p1.0 bpw=3.4800 rel_err=0.2509 wrel_err=0.1730 t=2.48s [788/980] ETA=0.62h
2026-08-19 05:38:08 FIT model.layers.22.self_attn.o_proj.weight :: awq_p2.0 bpw=3.9600 rel_err=0.2449 wrel_err=0.1638 t=3.78s [789/980] ETA=0.61h
2026-08-19 05:38:08 SKIP cached model.layers.22.self_attn.o_proj.weight :: rtn4
2026-08-19 05:39:03 FIT model.layers.22.mlp.gate_proj.weight :: seed_only bpw=3.0000 rel_err=0.2425 wrel_err=0.1857 t=54.30s [791/980] ETA=0.61h
2026-08-19 05:39:07 FIT model.layers.22.mlp.gate_proj.weight :: awq_p0.5 bpw=3.2400 rel_err=0.2387 wrel_err=0.1824 t=4.28s [792/980] ETA=0.61h
2026-08-19 05:39:15 FIT model.layers.22.mlp.gate_proj.weight :: awq_p1.0 bpw=3.4800 rel_err=0.2347 wrel_err=0.1789 t=7.11s [793/980] ETA=0.60h
2026-08-19 05:39:27 FIT model.layers.22.mlp.gate_proj.weight :: awq_p2.0 bpw=3.9600 rel_err=0.2266 wrel_err=0.1722 t=12.33s [794/980] ETA=0.60h
2026-08-19 05:39:27 SKIP cached model.layers.22.mlp.gate_proj.weight :: rtn4
2026-08-19 05:40:22 FIT model.layers.22.mlp.up_proj.weight :: seed_only bpw=3.0000 rel_err=0.2421 wrel_err=0.2047 t=54.29s [796/980] ETA=0.60h
2026-08-19 05:40:26 FIT model.layers.22.mlp.up_proj.weight :: awq_p0.5 bpw=3.2400 rel_err=0.2381 wrel_err=0.2008 t=4.22s [797/980] ETA=0.59h
2026-08-19 05:40:33 FIT model.layers.22.mlp.up_proj.weight :: awq_p1.0 bpw=3.4800 rel_err=0.2339 wrel_err=0.1969 t=7.06s [798/980] ETA=0.59h
2026-08-19 05:40:46 FIT model.layers.22.mlp.up_proj.weight :: awq_p2.0 bpw=3.9600 rel_err=0.2260 wrel_err=0.1897 t=12.40s [799/980] ETA=0.59h
2026-08-19 05:40:46 SKIP cached model.layers.22.mlp.up_proj.weight :: rtn4
2026-08-19 05:41:41 FIT model.layers.22.mlp.down_proj.weight :: seed_only bpw=3.0000 rel_err=0.3507 wrel_err=0.1073 t=54.30s [801/980] ETA=0.58h
2026-08-19 05:41:45 FIT model.layers.22.mlp.down_proj.weight :: awq_p0.5 bpw=3.2400 rel_err=0.3476 wrel_err=0.1057 t=3.97s [802/980] ETA=0.58h
2026-08-19 05:41:52 FIT model.layers.22.mlp.down_proj.weight :: awq_p1.0 bpw=3.4800 rel_err=0.3454 wrel_err=0.1045 t=7.10s [803/980] ETA=0.58h
2026-08-19 05:42:05 FIT model.layers.22.mlp.down_proj.weight :: awq_p2.0 bpw=3.9600 rel_err=0.3410 wrel_err=0.1023 t=12.55s [804/980] ETA=0.57h
2026-08-19 05:42:06 SKIP cached model.layers.22.mlp.down_proj.weight :: rtn4
2026-08-19 05:42:26 FIT model.layers.23.self_attn.q_proj.weight :: seed_only bpw=3.0000 rel_err=0.2596 wrel_err=0.1456 t=19.01s [806/980] ETA=0.57h
2026-08-19 05:42:28 FIT model.layers.23.self_attn.q_proj.weight :: awq_p0.5 bpw=3.2400 rel_err=0.2541 wrel_err=0.1416 t=2.12s [807/980] ETA=0.56h
2026-08-19 05:42:31 FIT model.layers.23.self_attn.q_proj.weight :: awq_p1.0 bpw=3.4800 rel_err=0.2489 wrel_err=0.1382 t=3.16s [808/980] ETA=0.56h
2026-08-19 05:42:36 FIT model.layers.23.self_attn.q_proj.weight :: awq_p2.0 bpw=3.9600 rel_err=0.2396 wrel_err=0.1325 t=4.48s [809/980] ETA=0.56h
2026-08-19 05:42:36 SKIP cached model.layers.23.self_attn.q_proj.weight :: rtn4
2026-08-19 05:42:46 FIT model.layers.23.self_attn.k_proj.weight :: seed_only bpw=3.0000 rel_err=0.2605 wrel_err=0.1276 t=9.93s [811/980] ETA=0.55h
2026-08-19 05:42:47 FIT model.layers.23.self_attn.k_proj.weight :: awq_p0.5 bpw=3.2400 rel_err=0.2536 wrel_err=0.1235 t=1.44s [812/980] ETA=0.54h
2026-08-19 05:42:50 FIT model.layers.23.self_attn.k_proj.weight :: awq_p1.0 bpw=3.4800 rel_err=0.2504 wrel_err=0.1215 t=2.03s [813/980] ETA=0.54h
2026-08-19 05:42:53 FIT model.layers.23.self_attn.k_proj.weight :: awq_p2.0 bpw=3.9600 rel_err=0.2448 wrel_err=0.1181 t=2.97s [814/980] ETA=0.54h
2026-08-19 05:42:53 SKIP cached model.layers.23.self_attn.k_proj.weight :: rtn4
2026-08-19 05:43:03 FIT model.layers.23.self_attn.v_proj.weight :: seed_only bpw=3.0000 rel_err=0.2618 wrel_err=0.1923 t=9.94s [816/980] ETA=0.53h
2026-08-19 05:43:04 FIT model.layers.23.self_attn.v_proj.weight :: awq_p0.5 bpw=3.2400 rel_err=0.2527 wrel_err=0.1850 t=1.47s [817/980] ETA=0.53h
2026-08-19 05:43:06 FIT model.layers.23.self_attn.v_proj.weight :: awq_p1.0 bpw=3.4800 rel_err=0.2490 wrel_err=0.1819 t=2.05s [818/980] ETA=0.52h
2026-08-19 05:43:10 FIT model.layers.23.self_attn.v_proj.weight :: awq_p2.0 bpw=3.9600 rel_err=0.2431 wrel_err=0.1768 t=2.95s [819/980] ETA=0.52h
2026-08-19 05:43:10 SKIP cached model.layers.23.self_attn.v_proj.weight :: rtn4
2026-08-19 05:43:29 FIT model.layers.23.self_attn.o_proj.weight :: seed_only bpw=3.0000 rel_err=0.2614 wrel_err=0.1807 t=19.00s [821/980] ETA=0.51h
2026-08-19 05:43:30 FIT model.layers.23.self_attn.o_proj.weight :: awq_p0.5 bpw=3.2400 rel_err=0.2576 wrel_err=0.1725 t=1.61s [822/980] ETA=0.51h
2026-08-19 05:43:33 FIT model.layers.23.self_attn.o_proj.weight :: awq_p1.0 bpw=3.4800 rel_err=0.2546 wrel_err=0.1665 t=2.47s [823/980] ETA=0.50h
2026-08-19 05:43:37 FIT model.layers.23.self_attn.o_proj.weight :: awq_p2.0 bpw=3.9600 rel_err=0.2493 wrel_err=0.1568 t=3.88s [824/980] ETA=0.50h
2026-08-19 05:43:37 SKIP cached model.layers.23.self_attn.o_proj.weight :: rtn4
2026-08-19 05:44:32 FIT model.layers.23.mlp.gate_proj.weight :: seed_only bpw=3.0000 rel_err=0.2424 wrel_err=0.1856 t=54.30s [826/980] ETA=0.50h
2026-08-19 05:44:36 FIT model.layers.23.mlp.gate_proj.weight :: awq_p0.5 bpw=3.2400 rel_err=0.2392 wrel_err=0.1825 t=4.28s [827/980] ETA=0.49h
2026-08-19 05:44:43 FIT model.layers.23.mlp.gate_proj.weight :: awq_p1.0 bpw=3.4800 rel_err=0.2354 wrel_err=0.1792 t=7.13s [828/980] ETA=0.49h
2026-08-19 05:44:56 FIT model.layers.23.mlp.gate_proj.weight :: awq_p2.0 bpw=3.9600 rel_err=0.2276 wrel_err=0.1726 t=12.37s [829/980] ETA=0.49h
2026-08-19 05:44:56 SKIP cached model.layers.23.mlp.gate_proj.weight :: rtn4
2026-08-19 05:45:51 FIT model.layers.23.mlp.up_proj.weight :: seed_only bpw=3.0000 rel_err=0.2421 wrel_err=0.2042 t=54.31s [831/980] ETA=0.48h
2026-08-19 05:45:55 FIT model.layers.23.mlp.up_proj.weight :: awq_p0.5 bpw=3.2400 rel_err=0.2383 wrel_err=0.2005 t=4.24s [832/980] ETA=0.48h
2026-08-19 05:46:02 FIT model.layers.23.mlp.up_proj.weight :: awq_p1.0 bpw=3.4800 rel_err=0.2342 wrel_err=0.1966 t=7.08s [833/980] ETA=0.48h
2026-08-19 05:46:15 FIT model.layers.23.mlp.up_proj.weight :: awq_p2.0 bpw=3.9600 rel_err=0.2264 wrel_err=0.1895 t=12.41s [834/980] ETA=0.47h
2026-08-19 05:46:15 SKIP cached model.layers.23.mlp.up_proj.weight :: rtn4
2026-08-19 05:47:10 FIT model.layers.23.mlp.down_proj.weight :: seed_only bpw=3.0000 rel_err=0.3506 wrel_err=0.0921 t=54.30s [836/980] ETA=0.47h
2026-08-19 05:47:14 FIT model.layers.23.mlp.down_proj.weight :: awq_p0.5 bpw=3.2400 rel_err=0.3474 wrel_err=0.0906 t=4.03s [837/980] ETA=0.47h
2026-08-19 05:47:21 FIT model.layers.23.mlp.down_proj.weight :: awq_p1.0 bpw=3.4800 rel_err=0.3450 wrel_err=0.0895 t=7.06s [838/980] ETA=0.46h
2026-08-19 05:47:34 FIT model.layers.23.mlp.down_proj.weight :: awq_p2.0 bpw=3.9600 rel_err=0.3407 wrel_err=0.0876 t=12.48s [839/980] ETA=0.46h
2026-08-19 05:47:34 SKIP cached model.layers.23.mlp.down_proj.weight :: rtn4
2026-08-19 05:47:53 FIT model.layers.24.self_attn.q_proj.weight :: seed_only bpw=3.0000 rel_err=0.2640 wrel_err=0.1351 t=19.00s [841/980] ETA=0.45h
2026-08-19 05:47:55 FIT model.layers.24.self_attn.q_proj.weight :: awq_p0.5 bpw=3.2400 rel_err=0.2579 wrel_err=0.1311 t=2.02s [842/980] ETA=0.45h
2026-08-19 05:47:58 FIT model.layers.24.self_attn.q_proj.weight :: awq_p1.0 bpw=3.4800 rel_err=0.2530 wrel_err=0.1282 t=3.06s [843/980] ETA=0.45h
2026-08-19 05:48:03 FIT model.layers.24.self_attn.q_proj.weight :: awq_p2.0 bpw=3.9600 rel_err=0.2426 wrel_err=0.1222 t=4.51s [844/980] ETA=0.44h
2026-08-19 05:48:03 SKIP cached model.layers.24.self_attn.q_proj.weight :: rtn4
2026-08-19 05:48:13 FIT model.layers.24.self_attn.k_proj.weight :: seed_only bpw=3.0000 rel_err=0.2648 wrel_err=0.1204 t=9.93s [846/980] ETA=0.43h
2026-08-19 05:48:14 FIT model.layers.24.self_attn.k_proj.weight :: awq_p0.5 bpw=3.2400 rel_err=0.2578 wrel_err=0.1165 t=1.42s [847/980] ETA=0.43h
2026-08-19 05:48:17 FIT model.layers.24.self_attn.k_proj.weight :: awq_p1.0 bpw=3.4800 rel_err=0.2548 wrel_err=0.1148 t=2.02s [848/980] ETA=0.43h
2026-08-19 05:48:20 FIT model.layers.24.self_attn.k_proj.weight :: awq_p2.0 bpw=3.9600 rel_err=0.2493 wrel_err=0.1117 t=2.99s [849/980] ETA=0.42h
2026-08-19 05:48:20 SKIP cached model.layers.24.self_attn.k_proj.weight :: rtn4
2026-08-19 05:48:30 FIT model.layers.24.self_attn.v_proj.weight :: seed_only bpw=3.0000 rel_err=0.2652 wrel_err=0.1820 t=9.94s [851/980] ETA=0.42h
2026-08-19 05:48:31 FIT model.layers.24.self_attn.v_proj.weight :: awq_p0.5 bpw=3.2400 rel_err=0.2580 wrel_err=0.1763 t=1.40s [852/980] ETA=0.41h
2026-08-19 05:48:33 FIT model.layers.24.self_attn.v_proj.weight :: awq_p1.0 bpw=3.4800 rel_err=0.2548 wrel_err=0.1736 t=1.98s [853/980] ETA=0.41h
2026-08-19 05:48:36 FIT model.layers.24.self_attn.v_proj.weight :: awq_p2.0 bpw=3.9600 rel_err=0.2500 wrel_err=0.1696 t=2.96s [854/980] ETA=0.41h
2026-08-19 05:48:36 SKIP cached model.layers.24.self_attn.v_proj.weight :: rtn4
2026-08-19 05:48:56 FIT model.layers.24.self_attn.o_proj.weight :: seed_only bpw=3.0000 rel_err=0.2710 wrel_err=0.1761 t=19.01s [856/980] ETA=0.40h
2026-08-19 05:48:57 FIT model.layers.24.self_attn.o_proj.weight :: awq_p0.5 bpw=3.2400 rel_err=0.2669 wrel_err=0.1660 t=1.50s [857/980] ETA=0.40h
2026-08-19 05:49:00 FIT model.layers.24.self_attn.o_proj.weight :: awq_p1.0 bpw=3.4800 rel_err=0.2640 wrel_err=0.1585 t=2.36s [858/980] ETA=0.39h
2026-08-19 05:49:03 FIT model.layers.24.self_attn.o_proj.weight :: awq_p2.0 bpw=3.9600 rel_err=0.2591 wrel_err=0.1470 t=3.55s [859/980] ETA=0.39h
2026-08-19 05:49:03 SKIP cached model.layers.24.self_attn.o_proj.weight :: rtn4
2026-08-19 05:49:58 FIT model.layers.24.mlp.gate_proj.weight :: seed_only bpw=3.0000 rel_err=0.2452 wrel_err=0.1837 t=54.30s [861/980] ETA=0.38h
2026-08-19 05:50:03 FIT model.layers.24.mlp.gate_proj.weight :: awq_p0.5 bpw=3.2400 rel_err=0.2418 wrel_err=0.1807 t=4.28s [862/980] ETA=0.38h
2026-08-19 05:50:10 FIT model.layers.24.mlp.gate_proj.weight :: awq_p1.0 bpw=3.4800 rel_err=0.2384 wrel_err=0.1777 t=7.18s [863/980] ETA=0.38h
2026-08-19 05:50:23 FIT model.layers.24.mlp.gate_proj.weight :: awq_p2.0 bpw=3.9600 rel_err=0.2311 wrel_err=0.1716 t=12.50s [864/980] ETA=0.37h
2026-08-19 05:50:23 SKIP cached model.layers.24.mlp.gate_proj.weight :: rtn4
2026-08-19 05:51:17 FIT model.layers.24.mlp.up_proj.weight :: seed_only bpw=3.0000 rel_err=0.2449 wrel_err=0.2011 t=54.30s [866/980] ETA=0.37h
2026-08-19 05:51:22 FIT model.layers.24.mlp.up_proj.weight :: awq_p0.5 bpw=3.2400 rel_err=0.2414 wrel_err=0.1977 t=4.26s [867/980] ETA=0.37h
2026-08-19 05:51:29 FIT model.layers.24.mlp.up_proj.weight :: awq_p1.0 bpw=3.4800 rel_err=0.2375 wrel_err=0.1942 t=7.11s [868/980] ETA=0.36h
2026-08-19 05:51:42 FIT model.layers.24.mlp.up_proj.weight :: awq_p2.0 bpw=3.9600 rel_err=0.2301 wrel_err=0.1875 t=12.52s [869/980] ETA=0.36h
2026-08-19 05:51:42 SKIP cached model.layers.24.mlp.up_proj.weight :: rtn4
2026-08-19 05:52:37 FIT model.layers.24.mlp.down_proj.weight :: seed_only bpw=3.0000 rel_err=0.3452 wrel_err=0.0983 t=54.31s [871/980] ETA=0.36h
2026-08-19 05:52:41 FIT model.layers.24.mlp.down_proj.weight :: awq_p0.5 bpw=3.2400 rel_err=0.3423 wrel_err=0.0969 t=3.96s [872/980] ETA=0.35h
2026-08-19 05:52:48 FIT model.layers.24.mlp.down_proj.weight :: awq_p1.0 bpw=3.4800 rel_err=0.3400 wrel_err=0.0958 t=7.07s [873/980] ETA=0.35h
2026-08-19 05:53:01 FIT model.layers.24.mlp.down_proj.weight :: awq_p2.0 bpw=3.9600 rel_err=0.3358 wrel_err=0.0938 t=12.52s [874/980] ETA=0.34h
2026-08-19 05:53:01 SKIP cached model.layers.24.mlp.down_proj.weight :: rtn4
2026-08-19 05:53:20 FIT model.layers.25.self_attn.q_proj.weight :: seed_only bpw=3.0000 rel_err=0.2678 wrel_err=0.1309 t=19.01s [876/980] ETA=0.34h
2026-08-19 05:53:23 FIT model.layers.25.self_attn.q_proj.weight :: awq_p0.5 bpw=3.2400 rel_err=0.2615 wrel_err=0.1270 t=2.05s [877/980] ETA=0.34h
2026-08-19 05:53:26 FIT model.layers.25.self_attn.q_proj.weight :: awq_p1.0 bpw=3.4800 rel_err=0.2574 wrel_err=0.1245 t=3.06s [878/980] ETA=0.33h
2026-08-19 05:53:30 FIT model.layers.25.self_attn.q_proj.weight :: awq_p2.0 bpw=3.9600 rel_err=0.2485 wrel_err=0.1195 t=4.61s [879/980] ETA=0.33h
2026-08-19 05:53:31 SKIP cached model.layers.25.self_attn.q_proj.weight :: rtn4
2026-08-19 05:53:41 FIT model.layers.25.self_attn.k_proj.weight :: seed_only bpw=3.0000 rel_err=0.2683 wrel_err=0.1154 t=9.95s [881/980] ETA=0.32h
2026-08-19 05:53:42 FIT model.layers.25.self_attn.k_proj.weight :: awq_p0.5 bpw=3.2400 rel_err=0.2612 wrel_err=0.1117 t=1.44s [882/980] ETA=0.32h
2026-08-19 05:53:44 FIT model.layers.25.self_attn.k_proj.weight :: awq_p1.0 bpw=3.4800 rel_err=0.2581 wrel_err=0.1100 t=1.98s [883/980] ETA=0.31h
2026-08-19 05:53:47 FIT model.layers.25.self_attn.k_proj.weight :: awq_p2.0 bpw=3.9600 rel_err=0.2533 wrel_err=0.1073 t=2.93s [884/980] ETA=0.31h
2026-08-19 05:53:47 SKIP cached model.layers.25.self_attn.k_proj.weight :: rtn4
2026-08-19 05:53:57 FIT model.layers.25.self_attn.v_proj.weight :: seed_only bpw=3.0000 rel_err=0.2683 wrel_err=0.1691 t=9.93s [886/980] ETA=0.30h
2026-08-19 05:53:59 FIT model.layers.25.self_attn.v_proj.weight :: awq_p0.5 bpw=3.2400 rel_err=0.2608 wrel_err=0.1636 t=1.35s [887/980] ETA=0.30h
2026-08-19 05:54:01 FIT model.layers.25.self_attn.v_proj.weight :: awq_p1.0 bpw=3.4800 rel_err=0.2577 wrel_err=0.1611 t=1.85s [888/980] ETA=0.30h
2026-08-19 05:54:04 FIT model.layers.25.self_attn.v_proj.weight :: awq_p2.0 bpw=3.9600 rel_err=0.2534 wrel_err=0.1576 t=2.93s [889/980] ETA=0.29h
2026-08-19 05:54:04 SKIP cached model.layers.25.self_attn.v_proj.weight :: rtn4
2026-08-19 05:54:23 FIT model.layers.25.self_attn.o_proj.weight :: seed_only bpw=3.0000 rel_err=0.2649 wrel_err=0.1826 t=19.00s [891/980] ETA=0.29h
2026-08-19 05:54:25 FIT model.layers.25.self_attn.o_proj.weight :: awq_p0.5 bpw=3.2400 rel_err=0.2604 wrel_err=0.1740 t=1.72s [892/980] ETA=0.28h
2026-08-19 05:54:27 FIT model.layers.25.self_attn.o_proj.weight :: awq_p1.0 bpw=3.4800 rel_err=0.2573 wrel_err=0.1683 t=2.56s [893/980] ETA=0.28h
2026-08-19 05:54:31 FIT model.layers.25.self_attn.o_proj.weight :: awq_p2.0 bpw=3.9600 rel_err=0.2523 wrel_err=0.1592 t=3.93s [894/980] ETA=0.28h
2026-08-19 05:54:31 SKIP cached model.layers.25.self_attn.o_proj.weight :: rtn4
2026-08-19 05:55:26 FIT model.layers.25.mlp.gate_proj.weight :: seed_only bpw=3.0000 rel_err=0.2464 wrel_err=0.1809 t=54.31s [896/980] ETA=0.27h
2026-08-19 05:55:31 FIT model.layers.25.mlp.gate_proj.weight :: awq_p0.5 bpw=3.2400 rel_err=0.2431 wrel_err=0.1779 t=4.25s [897/980] ETA=0.27h
2026-08-19 05:55:38 FIT model.layers.25.mlp.gate_proj.weight :: awq_p1.0 bpw=3.4800 rel_err=0.2398 wrel_err=0.1751 t=7.19s [898/980] ETA=0.26h
2026-08-19 05:55:51 FIT model.layers.25.mlp.gate_proj.weight :: awq_p2.0 bpw=3.9600 rel_err=0.2328 wrel_err=0.1693 t=12.47s [899/980] ETA=0.26h
2026-08-19 05:55:51 SKIP cached model.layers.25.mlp.gate_proj.weight :: rtn4
2026-08-19 05:56:45 FIT model.layers.25.mlp.up_proj.weight :: seed_only bpw=3.0000 rel_err=0.2461 wrel_err=0.1982 t=54.30s [901/980] ETA=0.26h
2026-08-19 05:56:50 FIT model.layers.25.mlp.up_proj.weight :: awq_p0.5 bpw=3.2400 rel_err=0.2428 wrel_err=0.1950 t=4.27s [902/980] ETA=0.25h
2026-08-19 05:56:57 FIT model.layers.25.mlp.up_proj.weight :: awq_p1.0 bpw=3.4800 rel_err=0.2392 wrel_err=0.1917 t=7.12s [903/980] ETA=0.25h
2026-08-19 05:57:10 FIT model.layers.25.mlp.up_proj.weight :: awq_p2.0 bpw=3.9600 rel_err=0.2320 wrel_err=0.1853 t=12.50s [904/980] ETA=0.25h
2026-08-19 05:57:10 SKIP cached model.layers.25.mlp.up_proj.weight :: rtn4
2026-08-19 05:58:04 FIT model.layers.25.mlp.down_proj.weight :: seed_only bpw=3.0000 rel_err=0.3593 wrel_err=0.0987 t=54.30s [906/980] ETA=0.24h
2026-08-19 05:58:08 FIT model.layers.25.mlp.down_proj.weight :: awq_p0.5 bpw=3.2400 rel_err=0.3563 wrel_err=0.0973 t=3.98s [907/980] ETA=0.24h
2026-08-19 05:58:16 FIT model.layers.25.mlp.down_proj.weight :: awq_p1.0 bpw=3.4800 rel_err=0.3539 wrel_err=0.0961 t=7.06s [908/980] ETA=0.23h
2026-08-19 05:58:28 FIT model.layers.25.mlp.down_proj.weight :: awq_p2.0 bpw=3.9600 rel_err=0.3494 wrel_err=0.0939 t=12.51s [909/980] ETA=0.23h
2026-08-19 05:58:29 SKIP cached model.layers.25.mlp.down_proj.weight :: rtn4
2026-08-19 05:58:48 FIT model.layers.26.self_attn.q_proj.weight :: seed_only bpw=3.0000 rel_err=0.2693 wrel_err=0.1471 t=19.00s [911/980] ETA=0.22h
2026-08-19 05:58:50 FIT model.layers.26.self_attn.q_proj.weight :: awq_p0.5 bpw=3.2400 rel_err=0.2652 wrel_err=0.1442 t=2.06s [912/980] ETA=0.22h
2026-08-19 05:58:53 FIT model.layers.26.self_attn.q_proj.weight :: awq_p1.0 bpw=3.4800 rel_err=0.2616 wrel_err=0.1417 t=3.08s [913/980] ETA=0.22h
2026-08-19 05:58:58 FIT model.layers.26.self_attn.q_proj.weight :: awq_p2.0 bpw=3.9600 rel_err=0.2524 wrel_err=0.1358 t=4.61s [914/980] ETA=0.21h
2026-08-19 05:58:58 SKIP cached model.layers.26.self_attn.q_proj.weight :: rtn4
2026-08-19 05:59:08 FIT model.layers.26.self_attn.k_proj.weight :: seed_only bpw=3.0000 rel_err=0.2699 wrel_err=0.1179 t=9.93s [916/980] ETA=0.21h
2026-08-19 05:59:10 FIT model.layers.26.self_attn.k_proj.weight :: awq_p0.5 bpw=3.2400 rel_err=0.2635 wrel_err=0.1145 t=1.42s [917/980] ETA=0.20h
2026-08-19 05:59:12 FIT model.layers.26.self_attn.k_proj.weight :: awq_p1.0 bpw=3.4800 rel_err=0.2611 wrel_err=0.1130 t=1.99s [918/980] ETA=0.20h
2026-08-19 05:59:15 FIT model.layers.26.self_attn.k_proj.weight :: awq_p2.0 bpw=3.9600 rel_err=0.2570 wrel_err=0.1105 t=2.94s [919/980] ETA=0.20h
2026-08-19 05:59:15 SKIP cached model.layers.26.self_attn.k_proj.weight :: rtn4
2026-08-19 05:59:25 FIT model.layers.26.self_attn.v_proj.weight :: seed_only bpw=3.0000 rel_err=0.2694 wrel_err=0.1599 t=9.94s [921/980] ETA=0.19h
2026-08-19 05:59:26 FIT model.layers.26.self_attn.v_proj.weight :: awq_p0.5 bpw=3.2400 rel_err=0.2644 wrel_err=0.1563 t=1.38s [922/980] ETA=0.19h
2026-08-19 05:59:28 FIT model.layers.26.self_attn.v_proj.weight :: awq_p1.0 bpw=3.4800 rel_err=0.2619 wrel_err=0.1544 t=1.92s [923/980] ETA=0.18h
2026-08-19 05:59:31 FIT model.layers.26.self_attn.v_proj.weight :: awq_p2.0 bpw=3.9600 rel_err=0.2585 wrel_err=0.1515 t=2.95s [924/980] ETA=0.18h
2026-08-19 05:59:31 SKIP cached model.layers.26.self_attn.v_proj.weight :: rtn4
2026-08-19 05:59:50 FIT model.layers.26.self_attn.o_proj.weight :: seed_only bpw=3.0000 rel_err=0.2663 wrel_err=0.1910 t=19.00s [926/980] ETA=0.17h
2026-08-19 05:59:52 FIT model.layers.26.self_attn.o_proj.weight :: awq_p0.5 bpw=3.2400 rel_err=0.2589 wrel_err=0.1486 t=1.40s [927/980] ETA=0.17h
2026-08-19 05:59:54 FIT model.layers.26.self_attn.o_proj.weight :: awq_p1.0 bpw=3.4800 rel_err=0.2553 wrel_err=0.1433 t=2.30s [928/980] ETA=0.17h
2026-08-19 05:59:58 FIT model.layers.26.self_attn.o_proj.weight :: awq_p2.0 bpw=3.9600 rel_err=0.2494 wrel_err=0.1361 t=3.83s [929/980] ETA=0.16h
2026-08-19 05:59:58 SKIP cached model.layers.26.self_attn.o_proj.weight :: rtn4
2026-08-19 06:00:53 FIT model.layers.26.mlp.gate_proj.weight :: seed_only bpw=3.0000 rel_err=0.2473 wrel_err=0.1761 t=54.36s [931/980] ETA=0.16h
2026-08-19 06:00:58 FIT model.layers.26.mlp.gate_proj.weight :: awq_p0.5 bpw=3.2400 rel_err=0.2444 wrel_err=0.1735 t=4.23s [932/980] ETA=0.16h
2026-08-19 06:01:05 FIT model.layers.26.mlp.gate_proj.weight :: awq_p1.0 bpw=3.4800 rel_err=0.2413 wrel_err=0.1708 t=7.22s [933/980] ETA=0.15h
2026-08-19 06:01:18 FIT model.layers.26.mlp.gate_proj.weight :: awq_p2.0 bpw=3.9600 rel_err=0.2345 wrel_err=0.1653 t=12.51s [934/980] ETA=0.15h
2026-08-19 06:01:18 SKIP cached model.layers.26.mlp.gate_proj.weight :: rtn4
2026-08-19 06:02:13 FIT model.layers.26.mlp.up_proj.weight :: seed_only bpw=3.0000 rel_err=0.2468 wrel_err=0.1928 t=54.30s [936/980] ETA=0.14h
2026-08-19 06:02:17 FIT model.layers.26.mlp.up_proj.weight :: awq_p0.5 bpw=3.2400 rel_err=0.2439 wrel_err=0.1900 t=4.28s [937/980] ETA=0.14h
2026-08-19 06:02:25 FIT model.layers.26.mlp.up_proj.weight :: awq_p1.0 bpw=3.4800 rel_err=0.2405 wrel_err=0.1869 t=7.16s [938/980] ETA=0.14h
2026-08-19 06:02:37 FIT model.layers.26.mlp.up_proj.weight :: awq_p2.0 bpw=3.9600 rel_err=0.2336 wrel_err=0.1808 t=12.50s [939/980] ETA=0.13h
2026-08-19 06:02:37 SKIP cached model.layers.26.mlp.up_proj.weight :: rtn4
2026-08-19 06:03:32 FIT model.layers.26.mlp.down_proj.weight :: seed_only bpw=3.0000 rel_err=0.3730 wrel_err=0.0838 t=54.30s [941/980] ETA=0.13h
2026-08-19 06:03:36 FIT model.layers.26.mlp.down_proj.weight :: awq_p0.5 bpw=3.2400 rel_err=0.3696 wrel_err=0.0826 t=4.02s [942/980] ETA=0.12h
2026-08-19 06:03:44 FIT model.layers.26.mlp.down_proj.weight :: awq_p1.0 bpw=3.4800 rel_err=0.3673 wrel_err=0.0816 t=7.10s [943/980] ETA=0.12h
2026-08-19 06:03:56 FIT model.layers.26.mlp.down_proj.weight :: awq_p2.0 bpw=3.9600 rel_err=0.3629 wrel_err=0.0799 t=12.63s [944/980] ETA=0.12h
2026-08-19 06:03:57 SKIP cached model.layers.26.mlp.down_proj.weight :: rtn4
2026-08-19 06:04:16 FIT model.layers.27.self_attn.q_proj.weight :: seed_only bpw=3.0000 rel_err=0.2439 wrel_err=0.1767 t=19.00s [946/980] ETA=0.11h
2026-08-19 06:04:18 FIT model.layers.27.self_attn.q_proj.weight :: awq_p0.5 bpw=3.2400 rel_err=0.2385 wrel_err=0.1720 t=2.22s [947/980] ETA=0.11h
2026-08-19 06:04:21 FIT model.layers.27.self_attn.q_proj.weight :: awq_p1.0 bpw=3.4800 rel_err=0.2336 wrel_err=0.1682 t=2.96s [948/980] ETA=0.10h
2026-08-19 06:04:26 FIT model.layers.27.self_attn.q_proj.weight :: awq_p2.0 bpw=3.9600 rel_err=0.2253 wrel_err=0.1616 t=4.44s [949/980] ETA=0.10h
2026-08-19 06:04:26 SKIP cached model.layers.27.self_attn.q_proj.weight :: rtn4
2026-08-19 06:04:36 FIT model.layers.27.self_attn.k_proj.weight :: seed_only bpw=3.0000 rel_err=0.2439 wrel_err=0.1708 t=9.94s [951/980] ETA=0.09h
2026-08-19 06:04:38 FIT model.layers.27.self_attn.k_proj.weight :: awq_p0.5 bpw=3.2400 rel_err=0.2403 wrel_err=0.1677 t=1.54s [952/980] ETA=0.09h
2026-08-19 06:04:40 FIT model.layers.27.self_attn.k_proj.weight :: awq_p1.0 bpw=3.4800 rel_err=0.2368 wrel_err=0.1648 t=2.23s [953/980] ETA=0.09h
2026-08-19 06:04:43 FIT model.layers.27.self_attn.k_proj.weight :: awq_p2.0 bpw=3.9600 rel_err=0.2294 wrel_err=0.1591 t=2.96s [954/980] ETA=0.08h
2026-08-19 06:04:43 SKIP cached model.layers.27.self_attn.k_proj.weight :: rtn4
2026-08-19 06:04:53 FIT model.layers.27.self_attn.v_proj.weight :: seed_only bpw=3.0000 rel_err=0.2443 wrel_err=0.2145 t=9.99s [956/980] ETA=0.08h
2026-08-19 06:04:55 FIT model.layers.27.self_attn.v_proj.weight :: awq_p0.5 bpw=3.2400 rel_err=0.2399 wrel_err=0.2101 t=1.77s [957/980] ETA=0.07h
2026-08-19 06:04:57 FIT model.layers.27.self_attn.v_proj.weight :: awq_p1.0 bpw=3.4800 rel_err=0.2357 wrel_err=0.2060 t=2.17s [958/980] ETA=0.07h
2026-08-19 06:05:00 FIT model.layers.27.self_attn.v_proj.weight :: awq_p2.0 bpw=3.9600 rel_err=0.2280 wrel_err=0.1987 t=2.96s [959/980] ETA=0.07h
2026-08-19 06:05:00 SKIP cached model.layers.27.self_attn.v_proj.weight :: rtn4
2026-08-19 06:05:20 FIT model.layers.27.self_attn.o_proj.weight :: seed_only bpw=3.0000 rel_err=0.2488 wrel_err=0.2018 t=19.00s [961/980] ETA=0.06h
2026-08-19 06:05:22 FIT model.layers.27.self_attn.o_proj.weight :: awq_p0.5 bpw=3.2400 rel_err=0.2441 wrel_err=0.1936 t=2.00s [962/980] ETA=0.06h
2026-08-19 06:05:25 FIT model.layers.27.self_attn.o_proj.weight :: awq_p1.0 bpw=3.4800 rel_err=0.2407 wrel_err=0.1879 t=2.92s [963/980] ETA=0.05h
2026-08-19 06:05:29 FIT model.layers.27.self_attn.o_proj.weight :: awq_p2.0 bpw=3.9600 rel_err=0.2348 wrel_err=0.1784 t=4.37s [964/980] ETA=0.05h
2026-08-19 06:05:29 SKIP cached model.layers.27.self_attn.o_proj.weight :: rtn4
2026-08-19 06:06:24 FIT model.layers.27.mlp.gate_proj.weight :: seed_only bpw=3.0000 rel_err=0.2468 wrel_err=0.1632 t=54.29s [966/980] ETA=0.05h
2026-08-19 06:06:29 FIT model.layers.27.mlp.gate_proj.weight :: awq_p0.5 bpw=3.2400 rel_err=0.2440 wrel_err=0.1607 t=4.25s [967/980] ETA=0.04h
2026-08-19 06:06:36 FIT model.layers.27.mlp.gate_proj.weight :: awq_p1.0 bpw=3.4800 rel_err=0.2410 wrel_err=0.1584 t=7.17s [968/980] ETA=0.04h
2026-08-19 06:06:49 FIT model.layers.27.mlp.gate_proj.weight :: awq_p2.0 bpw=3.9600 rel_err=0.2338 wrel_err=0.1530 t=12.36s [969/980] ETA=0.04h
2026-08-19 06:06:49 SKIP cached model.layers.27.mlp.gate_proj.weight :: rtn4
2026-08-19 06:07:43 FIT model.layers.27.mlp.up_proj.weight :: seed_only bpw=3.0000 rel_err=0.2464 wrel_err=0.1777 t=54.28s [971/980] ETA=0.03h
2026-08-19 06:07:48 FIT model.layers.27.mlp.up_proj.weight :: awq_p0.5 bpw=3.2400 rel_err=0.2440 wrel_err=0.1754 t=4.29s [972/980] ETA=0.03h
2026-08-19 06:07:55 FIT model.layers.27.mlp.up_proj.weight :: awq_p1.0 bpw=3.4800 rel_err=0.2404 wrel_err=0.1724 t=7.13s [973/980] ETA=0.02h
2026-08-19 06:08:08 FIT model.layers.27.mlp.up_proj.weight :: awq_p2.0 bpw=3.9600 rel_err=0.2330 wrel_err=0.1665 t=12.43s [974/980] ETA=0.02h
2026-08-19 06:08:08 SKIP cached model.layers.27.mlp.up_proj.weight :: rtn4
2026-08-19 06:09:03 FIT model.layers.27.mlp.down_proj.weight :: seed_only bpw=3.0000 rel_err=0.4633 wrel_err=0.0253 t=54.30s [976/980] ETA=0.01h
2026-08-19 06:09:07 FIT model.layers.27.mlp.down_proj.weight :: awq_p0.5 bpw=3.2400 rel_err=0.4600 wrel_err=0.0249 t=3.82s [977/980] ETA=0.01h
2026-08-19 06:09:14 FIT model.layers.27.mlp.down_proj.weight :: awq_p1.0 bpw=3.4800 rel_err=0.4580 wrel_err=0.0246 t=6.96s [978/980] ETA=0.01h
2026-08-19 06:09:27 FIT model.layers.27.mlp.down_proj.weight :: awq_p2.0 bpw=3.9600 rel_err=0.4539 wrel_err=0.0241 t=12.52s [979/980] ETA=0.00h
2026-08-19 06:09:27 SKIP cached model.layers.27.mlp.down_proj.weight :: rtn4
2026-08-19 06:09:27 FIT done in 153.1 min
2026-08-19 06:09:35 HASH re-verify originals verified=True sha256=42fb692854712fa1c4d375c5cde965af...
2026-08-19 06:09:35 RUN phase3-20260819-033614 complete
2026-08-19 06:10:16 RUN phase3-20260819-061016 layout=phase3 model=Qwen3-1.7B config=c12p4wr fit_weighting=awq coeff_rounding=weighted incoherence=none C=12 P=4 stage=eval n_seeds=65535 stage2_seeds=65535 layers_limit=None eval_mode=cached resume=True stack=e60684062468|NVIDIA GeForce RTX 4090|torch2.11.0+cu128
2026-08-19 06:10:18 HASH originals sha256=42fb692854712fa1c4d375c5cde965af... verified=True
2026-08-19 06:13:03 EVAL model=Qwen3-1.7B loaded, 196 target tensors (layers_limit=None, eval_mode=cached)
2026-08-19 06:13:03 SKIP cached reference.json fp=6f7a7d9b5d3fd99d
2026-08-19 06:13:03 REFLOGITS 12 prompts (0.44 GB, 12 cached, 0.0s) -> /workspace/results/Qwen3-1.7B/ref_logits
2026-08-19 06:14:08 EVAL c12p4wr_seed_only    bpw=3.0000 mean_kl=0.544878 p95=2.799338 max=20.3750 top1=82.63% fp=add43723f5343d48 (37.4s)
2026-08-19 06:14:41 EVAL c12p4wr_awq_p0.5     bpw=3.2400 mean_kl=0.489034 p95=2.331001 max=23.1250 top1=83.72% fp=c01ff5d358e33804 (33.6s)
2026-08-19 06:15:18 EVAL c12p4wr_awq_p1.0     bpw=3.4800 mean_kl=0.485679 p95=2.236849 max=23.0625 top1=83.72% fp=970f1561486c77f4 (36.7s)
2026-08-19 06:15:54 EVAL c12p4wr_awq_p2.0     bpw=3.9600 mean_kl=0.468470 p95=2.144181 max=25.8199 top1=84.27% fp=644c2e008774d164 (36.1s)
2026-08-19 06:16:28 EVAL rtn4                 bpw=4.5000 mean_kl=0.176448 p95=0.895672 max=7.7504 top1=91.66% fp=2b0802153224bacc (34.2s)
2026-08-19 06:17:02 EVAL q4km                 bpw=4.8008 mean_kl=0.032270 p95=0.142677 max=2.1059 top1=96.85% fp=7de7ee7bb6f8dae5 (33.6s)
2026-08-19 06:17:39 EVAL q3km                 bpw=3.8478 mean_kl=0.204809 p95=0.966012 max=13.7500 top1=90.29% fp=ea45e80c2083e804 (37.0s)
2026-08-19 06:17:40 WARN awq_w4: 196 tensors missing from cache -> skipping variant
2026-08-19 06:17:57 EVAL bf16                 bpw=16.0000 mean_kl=0.000000 p95=0.000000 max=0.0000 top1=100.00% fp=6f7a7d9b5d3fd99d (16.9s)
2026-08-19 06:17:57 EVAL done in 7.6 min
2026-08-19 06:17:57 GATE FAIL pass_a=False pass_b=False best_seed=c12p4wr_awq_p2.0 @3.9600 bpw
2026-08-19 06:18:06 HASH re-verify originals verified=True sha256=42fb692854712fa1c4d375c5cde965af...
2026-08-19 06:18:06 RUN phase3-20260819-061016 complete
2026-08-19 06:18:46 RUN phase3-20260819-061846 layout=phase3 model=Qwen3-1.7B config=c8p3 fit_weighting=none coeff_rounding=nearest incoherence=none C=8 P=3 stage=verdict n_seeds=16384 stage2_seeds=65535 layers_limit=None eval_mode=cached resume=True stack=e60684062468|NVIDIA GeForce RTX 4090|torch2.11.0+cu128
2026-08-19 06:18:49 HASH originals sha256=42fb692854712fa1c4d375c5cde965af... verified=True
2026-08-19 06:19:53 GATE FAIL
2026-08-19 06:19:55 HASH re-verify originals verified=True sha256=42fb692854712fa1c4d375c5cde965af...
2026-08-19 06:19:55 RUN phase3-20260819-061846 complete
2026-08-22 06:39:25 RUN phase3-20260822-063925 layout=phase3 model=Qwen3-1.7B config=c12p4w@wt256 fit_weighting=awq coeff_rounding=nearest incoherence=none calib_id=wt256 C=12 P=4 stage=calib n_seeds=16384 stage2_seeds=65535 layers_limit=None eval_mode=cached resume=True stack=8ebd2f131f8f|NVIDIA GeForce RTX 4090|torch2.11.0+cu128
2026-08-22 06:39:33 HASH originals sha256=42fb692854712fa1c4d375c5cde965af... verified=True
2026-08-22 06:39:33 ACT capturing activation scales (calib=wt256, 256 prompts, chat_template=False, bf16 model)
2026-08-22 06:42:22 ACT done (196 tensors, 169.0s) -> act_scales@wt256.safetensors corpus_sha256=3e4cc6171387b03f…
2026-08-22 06:42:22 CALIB act_scales@wt256.safetensors: 196 tensors, 169.0s
2026-08-22 06:42:22 CALIB drift vs p12 over 196 tensors: cosine median=0.9400 min=0.6064 | channels moving >2x: median=0.488% max=68.229% | smallest normalised scale 4.30e-06
2026-08-22 06:42:22 CALIB reading: cosine ~1.00 and few channels moving means the 12-prompt estimate was already converged and a refit will not move KL; a low cosine means it was not, and the refit is worth its money.
2026-08-22 06:47:05 RUN phase3-20260822-064705 layout=phase3 model=Qwen3-1.7B config=c12p4w@wt256 fit_weighting=awq coeff_rounding=nearest incoherence=none calib_id=wt256 C=12 P=4 stage=fit n_seeds=65535 stage2_seeds=65535 layers_limit=None eval_mode=cached resume=True stack=8ebd2f131f8f|NVIDIA GeForce RTX 4090|torch2.11.0+cu128
2026-08-22 06:47:14 HASH originals sha256=42fb692854712fa1c4d375c5cde965af... verified=True
2026-08-22 06:47:14 SKIP cached act_scales (196 tensors, calib=wt256, act_scales@wt256.safetensors)
2026-08-22 06:47:14 FIT start model=Qwen3-1.7B config=c12p4w@wt256 C=12 P=4 fit_weighting=awq coeff_rounding=nearest incoherence=none tensors=196 variants=2 n_seeds=65535 units=392
2026-08-22 06:47:35 FIT model.layers.0.self_attn.q_proj.weight :: seed_only bpw=3.0000 rel_err=0.2424 wrel_err=0.1683 t=20.70s [1/392] ETA=2.27h
2026-08-22 06:47:38 FIT model.layers.0.self_attn.q_proj.weight :: awq_p1.0 bpw=3.4800 rel_err=0.2315 wrel_err=0.1596 t=3.14s [2/392] ETA=1.31h
2026-08-22 06:47:48 FIT model.layers.0.self_attn.k_proj.weight :: seed_only bpw=3.0000 rel_err=0.2419 wrel_err=0.1555 t=9.80s [3/392] ETA=1.22h
2026-08-22 06:47:51 FIT model.layers.0.self_attn.k_proj.weight :: awq_p1.0 bpw=3.4800 rel_err=0.2314 wrel_err=0.1477 t=2.13s [4/392] ETA=0.98h
2026-08-22 06:48:00 FIT model.layers.0.self_attn.v_proj.weight :: seed_only bpw=3.0000 rel_err=0.2418 wrel_err=0.2060 t=9.82s [5/392] ETA=0.99h
2026-08-22 06:48:03 FIT model.layers.0.self_attn.v_proj.weight :: awq_p1.0 bpw=3.4800 rel_err=0.2334 wrel_err=0.1979 t=2.11s [6/392] ETA=0.86h
2026-08-22 06:48:22 FIT model.layers.0.self_attn.o_proj.weight :: seed_only bpw=3.0000 rel_err=0.2416 wrel_err=0.2065 t=18.81s [7/392] ETA=1.03h
2026-08-22 06:48:24 FIT model.layers.0.self_attn.o_proj.weight :: awq_p1.0 bpw=3.4800 rel_err=0.2266 wrel_err=0.1815 t=2.17s [8/392] ETA=0.93h
2026-08-22 06:49:18 FIT model.layers.0.mlp.gate_proj.weight :: seed_only bpw=3.0000 rel_err=0.2704 wrel_err=0.1581 t=53.83s [9/392] ETA=1.46h
2026-08-22 06:49:25 FIT model.layers.0.mlp.gate_proj.weight :: awq_p1.0 bpw=3.4800 rel_err=0.2592 wrel_err=0.1507 t=6.92s [10/392] ETA=1.38h
2026-08-22 06:50:19 FIT model.layers.0.mlp.up_proj.weight :: seed_only bpw=3.0000 rel_err=0.2705 wrel_err=0.2040 t=53.81s [11/392] ETA=1.78h
2026-08-22 06:50:26 FIT model.layers.0.mlp.up_proj.weight :: awq_p1.0 bpw=3.4800 rel_err=0.2607 wrel_err=0.1959 t=7.04s [12/392] ETA=1.69h
2026-08-22 06:51:20 FIT model.layers.0.mlp.down_proj.weight :: seed_only bpw=3.0000 rel_err=0.2407 wrel_err=0.2129 t=53.83s [13/392] ETA=1.99h
2026-08-22 06:51:28 FIT model.layers.0.mlp.down_proj.weight :: awq_p1.0 bpw=3.4800 rel_err=0.2305 wrel_err=0.2030 t=7.17s [14/392] ETA=1.90h
2026-08-22 06:51:47 FIT model.layers.1.self_attn.q_proj.weight :: seed_only bpw=3.0000 rel_err=0.2468 wrel_err=0.1592 t=18.84s [15/392] ETA=1.90h
2026-08-22 06:51:50 FIT model.layers.1.self_attn.q_proj.weight :: awq_p1.0 bpw=3.4800 rel_err=0.2348 wrel_err=0.1502 t=2.94s [16/392] ETA=1.80h
2026-08-22 06:52:00 FIT model.layers.1.self_attn.k_proj.weight :: seed_only bpw=3.0000 rel_err=0.2477 wrel_err=0.1384 t=9.80s [17/392] ETA=1.75h
2026-08-22 06:52:02 FIT model.layers.1.self_attn.k_proj.weight :: awq_p1.0 bpw=3.4800 rel_err=0.2367 wrel_err=0.1311 t=2.07s [18/392] ETA=1.66h
2026-08-22 06:52:12 FIT model.layers.1.self_attn.v_proj.weight :: seed_only bpw=3.0000 rel_err=0.2469 wrel_err=0.2052 t=9.81s [19/392] ETA=1.62h
2026-08-22 06:52:14 FIT model.layers.1.self_attn.v_proj.weight :: awq_p1.0 bpw=3.4800 rel_err=0.2393 wrel_err=0.1978 t=2.09s [20/392] ETA=1.55h
2026-08-22 06:52:33 FIT model.layers.1.self_attn.o_proj.weight :: seed_only bpw=3.0000 rel_err=0.2437 wrel_err=0.2051 t=18.77s [21/392] ETA=1.56h
2026-08-22 06:52:36 FIT model.layers.1.self_attn.o_proj.weight :: awq_p1.0 bpw=3.4800 rel_err=0.2344 wrel_err=0.1934 t=2.89s [22/392] ETA=1.50h
2026-08-22 06:53:30 FIT model.layers.1.mlp.gate_proj.weight :: seed_only bpw=3.0000 rel_err=0.2422 wrel_err=0.0688 t=53.78s [23/392] ETA=1.67h
2026-08-22 06:53:37 FIT model.layers.1.mlp.gate_proj.weight :: awq_p1.0 bpw=3.4800 rel_err=0.2348 wrel_err=0.0662 t=7.23s [24/392] ETA=1.63h
2026-08-22 06:54:31 FIT model.layers.1.mlp.up_proj.weight :: seed_only bpw=3.0000 rel_err=0.2418 wrel_err=0.1824 t=53.81s [25/392] ETA=1.78h
2026-08-22 06:54:38 FIT model.layers.1.mlp.up_proj.weight :: awq_p1.0 bpw=3.4800 rel_err=0.2321 wrel_err=0.1741 t=6.82s [26/392] ETA=1.74h
2026-08-22 06:55:33 FIT model.layers.1.mlp.down_proj.weight :: seed_only bpw=3.0000 rel_err=0.4021 wrel_err=0.1615 t=53.79s [27/392] ETA=1.87h
2026-08-22 06:55:40 FIT model.layers.1.mlp.down_proj.weight :: awq_p1.0 bpw=3.4800 rel_err=0.3892 wrel_err=0.1547 t=7.00s [28/392] ETA=1.83h
2026-08-22 06:55:59 FIT model.layers.2.self_attn.q_proj.weight :: seed_only bpw=3.0000 rel_err=0.2488 wrel_err=0.1500 t=18.78s [29/392] ETA=1.82h
2026-08-22 06:56:02 FIT model.layers.2.self_attn.q_proj.weight :: awq_p1.0 bpw=3.4800 rel_err=0.2371 wrel_err=0.1416 t=2.97s [30/392] ETA=1.77h
2026-08-22 06:56:12 FIT model.layers.2.self_attn.k_proj.weight :: seed_only bpw=3.0000 rel_err=0.2486 wrel_err=0.1393 t=9.80s [31/392] ETA=1.74h
2026-08-22 06:56:14 FIT model.layers.2.self_attn.k_proj.weight :: awq_p1.0 bpw=3.4800 rel_err=0.2386 wrel_err=0.1323 t=2.02s [32/392] ETA=1.69h
2026-08-22 06:56:24 FIT model.layers.2.self_attn.v_proj.weight :: seed_only bpw=3.0000 rel_err=0.2482 wrel_err=0.2010 t=9.81s [33/392] ETA=1.66h
2026-08-22 06:56:26 FIT model.layers.2.self_attn.v_proj.weight :: awq_p1.0 bpw=3.4800 rel_err=0.2412 wrel_err=0.1942 t=2.06s [34/392] ETA=1.61h
2026-08-22 06:56:45 FIT model.layers.2.self_attn.o_proj.weight :: seed_only bpw=3.0000 rel_err=0.2443 wrel_err=0.2065 t=18.77s [35/392] ETA=1.62h
2026-08-22 06:56:48 FIT model.layers.2.self_attn.o_proj.weight :: awq_p1.0 bpw=3.4800 rel_err=0.2326 wrel_err=0.1925 t=2.72s [36/392] ETA=1.58h
2026-08-22 06:57:42 FIT model.layers.2.mlp.gate_proj.weight :: seed_only bpw=3.0000 rel_err=0.2426 wrel_err=0.0841 t=53.79s [37/392] ETA=1.67h
2026-08-22 06:57:49 FIT model.layers.2.mlp.gate_proj.weight :: awq_p1.0 bpw=3.4800 rel_err=0.2350 wrel_err=0.0809 t=7.14s [38/392] ETA=1.64h
2026-08-22 06:58:43 FIT model.layers.2.mlp.up_proj.weight :: seed_only bpw=3.0000 rel_err=0.2423 wrel_err=0.2073 t=53.80s [39/392] ETA=1.73h
2026-08-22 06:58:50 FIT model.layers.2.mlp.up_proj.weight :: awq_p1.0 bpw=3.4800 rel_err=0.2330 wrel_err=0.1986 t=6.82s [40/392] ETA=1.70h
2026-08-22 06:59:44 FIT model.layers.2.mlp.down_proj.weight :: seed_only bpw=3.0000 rel_err=0.2571 wrel_err=0.0146 t=53.79s [41/392] ETA=1.78h
2026-08-22 06:59:52 FIT model.layers.2.mlp.down_proj.weight :: awq_p1.0 bpw=3.4800 rel_err=0.2480 wrel_err=0.0140 t=7.02s [42/392] ETA=1.75h
2026-08-22 07:00:11 FIT model.layers.3.self_attn.q_proj.weight :: seed_only bpw=3.0000 rel_err=0.2446 wrel_err=0.1563 t=18.79s [43/392] ETA=1.75h
2026-08-22 07:00:14 FIT model.layers.3.self_attn.q_proj.weight :: awq_p1.0 bpw=3.4800 rel_err=0.2322 wrel_err=0.1471 t=2.98s [44/392] ETA=1.71h
2026-08-22 07:00:24 FIT model.layers.3.self_attn.k_proj.weight :: seed_only bpw=3.0000 rel_err=0.2451 wrel_err=0.1592 t=9.81s [45/392] ETA=1.69h
2026-08-22 07:00:26 FIT model.layers.3.self_attn.k_proj.weight :: awq_p1.0 bpw=3.4800 rel_err=0.2328 wrel_err=0.1498 t=2.07s [46/392] ETA=1.65h
2026-08-22 07:00:36 FIT model.layers.3.self_attn.v_proj.weight :: seed_only bpw=3.0000 rel_err=0.2443 wrel_err=0.2118 t=9.81s [47/392] ETA=1.63h
2026-08-22 07:00:38 FIT model.layers.3.self_attn.v_proj.weight :: awq_p1.0 bpw=3.4800 rel_err=0.2356 wrel_err=0.2032 t=2.09s [48/392] ETA=1.60h
2026-08-22 07:00:57 FIT model.layers.3.self_attn.o_proj.weight :: seed_only bpw=3.0000 rel_err=0.2440 wrel_err=0.1966 t=18.78s [49/392] ETA=1.60h
2026-08-22 07:01:00 FIT model.layers.3.self_attn.o_proj.weight :: awq_p1.0 bpw=3.4800 rel_err=0.2357 wrel_err=0.1875 t=2.83s [50/392] ETA=1.57h
2026-08-22 07:01:54 FIT model.layers.3.mlp.gate_proj.weight :: seed_only bpw=3.0000 rel_err=0.2396 wrel_err=0.1040 t=53.79s [51/392] ETA=1.63h
2026-08-22 07:02:02 FIT model.layers.3.mlp.gate_proj.weight :: awq_p1.0 bpw=3.4800 rel_err=0.2324 wrel_err=0.1002 t=7.23s [52/392] ETA=1.61h
2026-08-22 07:02:56 FIT model.layers.3.mlp.up_proj.weight :: seed_only bpw=3.0000 rel_err=0.2396 wrel_err=0.2113 t=53.80s [53/392] ETA=1.67h
2026-08-22 07:03:03 FIT model.layers.3.mlp.up_proj.weight :: awq_p1.0 bpw=3.4800 rel_err=0.2302 wrel_err=0.2024 t=6.92s [54/392] ETA=1.65h
2026-08-22 07:03:57 FIT model.layers.3.mlp.down_proj.weight :: seed_only bpw=3.0000 rel_err=0.2534 wrel_err=0.2059 t=53.79s [55/392] ETA=1.71h
2026-08-22 07:04:04 FIT model.layers.3.mlp.down_proj.weight :: awq_p1.0 bpw=3.4800 rel_err=0.2459 wrel_err=0.1986 t=6.98s [56/392] ETA=1.68h
2026-08-22 07:04:23 FIT model.layers.4.self_attn.q_proj.weight :: seed_only bpw=3.0000 rel_err=0.2431 wrel_err=0.1660 t=18.77s [57/392] ETA=1.68h
2026-08-22 07:04:26 FIT model.layers.4.self_attn.q_proj.weight :: awq_p1.0 bpw=3.4800 rel_err=0.2326 wrel_err=0.1576 t=3.01s [58/392] ETA=1.65h
2026-08-22 07:04:36 FIT model.layers.4.self_attn.k_proj.weight :: seed_only bpw=3.0000 rel_err=0.2439 wrel_err=0.1527 t=9.81s [59/392] ETA=1.63h
2026-08-22 07:04:38 FIT model.layers.4.self_attn.k_proj.weight :: awq_p1.0 bpw=3.4800 rel_err=0.2330 wrel_err=0.1446 t=2.14s [60/392] ETA=1.60h
2026-08-22 07:04:48 FIT model.layers.4.self_attn.v_proj.weight :: seed_only bpw=3.0000 rel_err=0.2432 wrel_err=0.2124 t=9.80s [61/392] ETA=1.59h
2026-08-22 07:04:50 FIT model.layers.4.self_attn.v_proj.weight :: awq_p1.0 bpw=3.4800 rel_err=0.2357 wrel_err=0.2049 t=2.11s [62/392] ETA=1.56h
2026-08-22 07:05:09 FIT model.layers.4.self_attn.o_proj.weight :: seed_only bpw=3.0000 rel_err=0.2416 wrel_err=0.2108 t=18.77s [63/392] ETA=1.56h
2026-08-22 07:05:12 FIT model.layers.4.self_attn.o_proj.weight :: awq_p1.0 bpw=3.4800 rel_err=0.2332 wrel_err=0.1896 t=2.41s [64/392] ETA=1.53h
2026-08-22 07:06:06 FIT model.layers.4.mlp.gate_proj.weight :: seed_only bpw=3.0000 rel_err=0.2386 wrel_err=0.1256 t=53.79s [65/392] ETA=1.58h
2026-08-22 07:06:13 FIT model.layers.4.mlp.gate_proj.weight :: awq_p1.0 bpw=3.4800 rel_err=0.2310 wrel_err=0.1208 t=7.09s [66/392] ETA=1.56h
2026-08-22 07:07:08 FIT model.layers.4.mlp.up_proj.weight :: seed_only bpw=3.0000 rel_err=0.2385 wrel_err=0.2164 t=53.80s [67/392] ETA=1.61h
2026-08-22 07:07:15 FIT model.layers.4.mlp.up_proj.weight :: awq_p1.0 bpw=3.4800 rel_err=0.2281 wrel_err=0.2065 t=6.95s [68/392] ETA=1.59h
2026-08-22 07:08:09 FIT model.layers.4.mlp.down_proj.weight :: seed_only bpw=3.0000 rel_err=0.2519 wrel_err=0.2114 t=53.81s [69/392] ETA=1.63h
2026-08-22 07:08:16 FIT model.layers.4.mlp.down_proj.weight :: awq_p1.0 bpw=3.4800 rel_err=0.2419 wrel_err=0.2018 t=6.99s [70/392] ETA=1.61h
2026-08-22 07:08:35 FIT model.layers.5.self_attn.q_proj.weight :: seed_only bpw=3.0000 rel_err=0.2458 wrel_err=0.1700 t=18.78s [71/392] ETA=1.61h
2026-08-22 07:08:38 FIT model.layers.5.self_attn.q_proj.weight :: awq_p1.0 bpw=3.4800 rel_err=0.2356 wrel_err=0.1618 t=2.97s [72/392] ETA=1.58h
2026-08-22 07:08:48 FIT model.layers.5.self_attn.k_proj.weight :: seed_only bpw=3.0000 rel_err=0.2454 wrel_err=0.1507 t=9.82s [73/392] ETA=1.57h
2026-08-22 07:08:50 FIT model.layers.5.self_attn.k_proj.weight :: awq_p1.0 bpw=3.4800 rel_err=0.2380 wrel_err=0.1449 t=2.10s [74/392] ETA=1.55h
2026-08-22 07:09:00 FIT model.layers.5.self_attn.v_proj.weight :: seed_only bpw=3.0000 rel_err=0.2473 wrel_err=0.2047 t=9.81s [75/392] ETA=1.53h
2026-08-22 07:09:02 FIT model.layers.5.self_attn.v_proj.weight :: awq_p1.0 bpw=3.4800 rel_err=0.2364 wrel_err=0.1944 t=2.04s [76/392] ETA=1.51h
2026-08-22 07:09:21 FIT model.layers.5.self_attn.o_proj.weight :: seed_only bpw=3.0000 rel_err=0.2430 wrel_err=0.2057 t=18.76s [77/392] ETA=1.51h
2026-08-22 07:09:23 FIT model.layers.5.self_attn.o_proj.weight :: awq_p1.0 bpw=3.4800 rel_err=0.2300 wrel_err=0.1844 t=2.29s [78/392] ETA=1.49h
2026-08-22 07:10:17 FIT model.layers.5.mlp.gate_proj.weight :: seed_only bpw=3.0000 rel_err=0.2379 wrel_err=0.1696 t=53.79s [79/392] ETA=1.52h
2026-08-22 07:10:24 FIT model.layers.5.mlp.gate_proj.weight :: awq_p1.0 bpw=3.4800 rel_err=0.2287 wrel_err=0.1621 t=6.91s [80/392] ETA=1.51h
2026-08-22 07:11:18 FIT model.layers.5.mlp.up_proj.weight :: seed_only bpw=3.0000 rel_err=0.2378 wrel_err=0.2178 t=53.80s [81/392] ETA=1.54h
2026-08-22 07:11:26 FIT model.layers.5.mlp.up_proj.weight :: awq_p1.0 bpw=3.4800 rel_err=0.2277 wrel_err=0.2079 t=7.04s [82/392] ETA=1.52h
2026-08-22 07:12:20 FIT model.layers.5.mlp.down_proj.weight :: seed_only bpw=3.0000 rel_err=0.2344 wrel_err=0.2216 t=53.81s [83/392] ETA=1.56h
2026-08-22 07:12:27 FIT model.layers.5.mlp.down_proj.weight :: awq_p1.0 bpw=3.4800 rel_err=0.2226 wrel_err=0.2099 t=7.03s [84/392] ETA=1.54h
2026-08-22 07:12:46 FIT model.layers.6.self_attn.q_proj.weight :: seed_only bpw=3.0000 rel_err=0.2479 wrel_err=0.1607 t=18.78s [85/392] ETA=1.54h
2026-08-22 07:12:49 FIT model.layers.6.self_attn.q_proj.weight :: awq_p1.0 bpw=3.4800 rel_err=0.2336 wrel_err=0.1498 t=2.94s [86/392] ETA=1.52h
2026-08-22 07:12:59 FIT model.layers.6.self_attn.k_proj.weight :: seed_only bpw=3.0000 rel_err=0.2490 wrel_err=0.1533 t=9.81s [87/392] ETA=1.50h
2026-08-22 07:13:01 FIT model.layers.6.self_attn.k_proj.weight :: awq_p1.0 bpw=3.4800 rel_err=0.2362 wrel_err=0.1438 t=2.05s [88/392] ETA=1.48h
2026-08-22 07:13:11 FIT model.layers.6.self_attn.v_proj.weight :: seed_only bpw=3.0000 rel_err=0.2475 wrel_err=0.2171 t=9.80s [89/392] ETA=1.47h
2026-08-22 07:13:13 FIT model.layers.6.self_attn.v_proj.weight :: awq_p1.0 bpw=3.4800 rel_err=0.2394 wrel_err=0.2091 t=2.08s [90/392] ETA=1.45h
2026-08-22 07:13:32 FIT model.layers.6.self_attn.o_proj.weight :: seed_only bpw=3.0000 rel_err=0.2442 wrel_err=0.2006 t=18.77s [91/392] ETA=1.45h
2026-08-22 07:13:35 FIT model.layers.6.self_attn.o_proj.weight :: awq_p1.0 bpw=3.4800 rel_err=0.2364 wrel_err=0.1808 t=2.43s [92/392] ETA=1.43h
2026-08-22 07:14:29 FIT model.layers.6.mlp.gate_proj.weight :: seed_only bpw=3.0000 rel_err=0.2389 wrel_err=0.1589 t=53.78s [93/392] ETA=1.46h
2026-08-22 07:14:36 FIT model.layers.6.mlp.gate_proj.weight :: awq_p1.0 bpw=3.4800 rel_err=0.2298 wrel_err=0.1519 t=6.93s [94/392] ETA=1.45h
2026-08-22 07:15:30 FIT model.layers.6.mlp.up_proj.weight :: seed_only bpw=3.0000 rel_err=0.2388 wrel_err=0.2180 t=53.77s [95/392] ETA=1.47h
2026-08-22 07:15:37 FIT model.layers.6.mlp.up_proj.weight :: awq_p1.0 bpw=3.4800 rel_err=0.2286 wrel_err=0.2081 t=7.01s [96/392] ETA=1.46h
2026-08-22 07:16:31 FIT model.layers.6.mlp.down_proj.weight :: seed_only bpw=3.0000 rel_err=0.2388 wrel_err=0.2171 t=53.79s [97/392] ETA=1.48h
2026-08-22 07:16:38 FIT model.layers.6.mlp.down_proj.weight :: awq_p1.0 bpw=3.4800 rel_err=0.2280 wrel_err=0.2065 t=7.00s [98/392] ETA=1.47h
2026-08-22 07:16:57 FIT model.layers.7.self_attn.q_proj.weight :: seed_only bpw=3.0000 rel_err=0.2442 wrel_err=0.1732 t=18.78s [99/392] ETA=1.47h
2026-08-22 07:17:00 FIT model.layers.7.self_attn.q_proj.weight :: awq_p1.0 bpw=3.4800 rel_err=0.2333 wrel_err=0.1643 t=3.01s [100/392] ETA=1.45h
2026-08-22 07:17:10 FIT model.layers.7.self_attn.k_proj.weight :: seed_only bpw=3.0000 rel_err=0.2443 wrel_err=0.1601 t=9.81s [101/392] ETA=1.44h
2026-08-22 07:17:12 FIT model.layers.7.self_attn.k_proj.weight :: awq_p1.0 bpw=3.4800 rel_err=0.2363 wrel_err=0.1536 t=2.10s [102/392] ETA=1.42h
2026-08-22 07:17:22 FIT model.layers.7.self_attn.v_proj.weight :: seed_only bpw=3.0000 rel_err=0.2444 wrel_err=0.2218 t=9.81s [103/392] ETA=1.41h
2026-08-22 07:17:25 FIT model.layers.7.self_attn.v_proj.weight :: awq_p1.0 bpw=3.4800 rel_err=0.2342 wrel_err=0.2117 t=2.07s [104/392] ETA=1.39h
2026-08-22 07:17:43 FIT model.layers.7.self_attn.o_proj.weight :: seed_only bpw=3.0000 rel_err=0.2406 wrel_err=0.2106 t=18.78s [105/392] ETA=1.39h
2026-08-22 07:17:46 FIT model.layers.7.self_attn.o_proj.weight :: awq_p1.0 bpw=3.4800 rel_err=0.2314 wrel_err=0.2001 t=2.92s [106/392] ETA=1.37h
2026-08-22 07:18:40 FIT model.layers.7.mlp.gate_proj.weight :: seed_only bpw=3.0000 rel_err=0.2368 wrel_err=0.1638 t=53.85s [107/392] ETA=1.40h
2026-08-22 07:18:48 FIT model.layers.7.mlp.gate_proj.weight :: awq_p1.0 bpw=3.4800 rel_err=0.2285 wrel_err=0.1571 t=6.91s [108/392] ETA=1.38h
2026-08-22 07:19:42 FIT model.layers.7.mlp.up_proj.weight :: seed_only bpw=3.0000 rel_err=0.2370 wrel_err=0.2186 t=53.79s [109/392] ETA=1.40h
2026-08-22 07:19:49 FIT model.layers.7.mlp.up_proj.weight :: awq_p1.0 bpw=3.4800 rel_err=0.2261 wrel_err=0.2080 t=6.96s [110/392] ETA=1.39h
2026-08-22 07:20:43 FIT model.layers.7.mlp.down_proj.weight :: seed_only bpw=3.0000 rel_err=0.2427 wrel_err=0.2142 t=53.78s [111/392] ETA=1.41h
2026-08-22 07:20:50 FIT model.layers.7.mlp.down_proj.weight :: awq_p1.0 bpw=3.4800 rel_err=0.2328 wrel_err=0.2045 t=6.99s [112/392] ETA=1.40h
2026-08-22 07:21:09 FIT model.layers.8.self_attn.q_proj.weight :: seed_only bpw=3.0000 rel_err=0.2450 wrel_err=0.1760 t=18.78s [113/392] ETA=1.40h
2026-08-22 07:21:11 FIT model.layers.8.self_attn.q_proj.weight :: awq_p1.0 bpw=3.4800 rel_err=0.2313 wrel_err=0.1648 t=2.90s [114/392] ETA=1.38h
2026-08-22 07:21:21 FIT model.layers.8.self_attn.k_proj.weight :: seed_only bpw=3.0000 rel_err=0.2458 wrel_err=0.1758 t=9.81s [115/392] ETA=1.37h
2026-08-22 07:21:24 FIT model.layers.8.self_attn.k_proj.weight :: awq_p1.0 bpw=3.4800 rel_err=0.2324 wrel_err=0.1646 t=2.11s [116/392] ETA=1.35h
2026-08-22 07:21:34 FIT model.layers.8.self_attn.v_proj.weight :: seed_only bpw=3.0000 rel_err=0.2442 wrel_err=0.2191 t=9.81s [117/392] ETA=1.34h
2026-08-22 07:21:36 FIT model.layers.8.self_attn.v_proj.weight :: awq_p1.0 bpw=3.4800 rel_err=0.2356 wrel_err=0.2106 t=2.07s [118/392] ETA=1.33h
2026-08-22 07:21:55 FIT model.layers.8.self_attn.o_proj.weight :: seed_only bpw=3.0000 rel_err=0.2442 wrel_err=0.2010 t=18.81s [119/392] ETA=1.33h
2026-08-22 07:21:57 FIT model.layers.8.self_attn.o_proj.weight :: awq_p1.0 bpw=3.4800 rel_err=0.2375 wrel_err=0.1891 t=2.65s [120/392] ETA=1.31h
2026-08-22 07:22:51 FIT model.layers.8.mlp.gate_proj.weight :: seed_only bpw=3.0000 rel_err=0.2388 wrel_err=0.1699 t=53.83s [121/392] ETA=1.33h
2026-08-22 07:22:58 FIT model.layers.8.mlp.gate_proj.weight :: awq_p1.0 bpw=3.4800 rel_err=0.2297 wrel_err=0.1624 t=6.85s [122/392] ETA=1.32h
2026-08-22 07:23:52 FIT model.layers.8.mlp.up_proj.weight :: seed_only bpw=3.0000 rel_err=0.2388 wrel_err=0.2181 t=53.91s [123/392] ETA=1.34h
2026-08-22 07:24:00 FIT model.layers.8.mlp.up_proj.weight :: awq_p1.0 bpw=3.4800 rel_err=0.2282 wrel_err=0.2077 t=6.99s [124/392] ETA=1.32h
2026-08-22 07:24:54 FIT model.layers.8.mlp.down_proj.weight :: seed_only bpw=3.0000 rel_err=0.2411 wrel_err=0.2170 t=53.85s [125/392] ETA=1.34h
2026-08-22 07:25:01 FIT model.layers.8.mlp.down_proj.weight :: awq_p1.0 bpw=3.4800 rel_err=0.2308 wrel_err=0.2068 t=6.98s [126/392] ETA=1.33h
2026-08-22 07:25:20 FIT model.layers.9.self_attn.q_proj.weight :: seed_only bpw=3.0000 rel_err=0.2463 wrel_err=0.1640 t=18.86s [127/392] ETA=1.32h
2026-08-22 07:25:23 FIT model.layers.9.self_attn.q_proj.weight :: awq_p1.0 bpw=3.4800 rel_err=0.2326 wrel_err=0.1533 t=2.91s [128/392] ETA=1.31h
2026-08-22 07:25:33 FIT model.layers.9.self_attn.k_proj.weight :: seed_only bpw=3.0000 rel_err=0.2473 wrel_err=0.1609 t=9.85s [129/392] ETA=1.30h
2026-08-22 07:25:35 FIT model.layers.9.self_attn.k_proj.weight :: awq_p1.0 bpw=3.4800 rel_err=0.2360 wrel_err=0.1523 t=2.12s [130/392] ETA=1.29h
2026-08-22 07:25:45 FIT model.layers.9.self_attn.v_proj.weight :: seed_only bpw=3.0000 rel_err=0.2465 wrel_err=0.2191 t=9.93s [131/392] ETA=1.28h
2026-08-22 07:25:47 FIT model.layers.9.self_attn.v_proj.weight :: awq_p1.0 bpw=3.4800 rel_err=0.2348 wrel_err=0.2079 t=2.08s [132/392] ETA=1.27h
2026-08-22 07:26:06 FIT model.layers.9.self_attn.o_proj.weight :: seed_only bpw=3.0000 rel_err=0.2427 wrel_err=0.2043 t=18.82s [133/392] ETA=1.26h
2026-08-22 07:26:09 FIT model.layers.9.self_attn.o_proj.weight :: awq_p1.0 bpw=3.4800 rel_err=0.2343 wrel_err=0.1758 t=2.48s [134/392] ETA=1.25h
2026-08-22 07:27:03 FIT model.layers.9.mlp.gate_proj.weight :: seed_only bpw=3.0000 rel_err=0.2406 wrel_err=0.1726 t=53.80s [135/392] ETA=1.26h
2026-08-22 07:27:10 FIT model.layers.9.mlp.gate_proj.weight :: awq_p1.0 bpw=3.4800 rel_err=0.2319 wrel_err=0.1653 t=6.83s [136/392] ETA=1.25h
2026-08-22 07:28:04 FIT model.layers.9.mlp.up_proj.weight :: seed_only bpw=3.0000 rel_err=0.2407 wrel_err=0.2118 t=53.79s [137/392] ETA=1.27h
2026-08-22 07:28:11 FIT model.layers.9.mlp.up_proj.weight :: awq_p1.0 bpw=3.4800 rel_err=0.2312 wrel_err=0.2026 t=6.94s [138/392] ETA=1.26h
2026-08-22 07:29:05 FIT model.layers.9.mlp.down_proj.weight :: seed_only bpw=3.0000 rel_err=0.2464 wrel_err=0.2076 t=53.81s [139/392] ETA=1.27h
2026-08-22 07:29:12 FIT model.layers.9.mlp.down_proj.weight :: awq_p1.0 bpw=3.4800 rel_err=0.2382 wrel_err=0.1996 t=6.99s [140/392] ETA=1.26h
2026-08-22 07:29:31 FIT model.layers.10.self_attn.q_proj.weight :: seed_only bpw=3.0000 rel_err=0.2505 wrel_err=0.1673 t=18.77s [141/392] ETA=1.25h
2026-08-22 07:29:35 FIT model.layers.10.self_attn.q_proj.weight :: awq_p1.0 bpw=3.4800 rel_err=0.2394 wrel_err=0.1587 t=2.96s [142/392] ETA=1.24h
2026-08-22 07:29:45 FIT model.layers.10.self_attn.k_proj.weight :: seed_only bpw=3.0000 rel_err=0.2510 wrel_err=0.1599 t=9.81s [143/392] ETA=1.23h
2026-08-22 07:29:47 FIT model.layers.10.self_attn.k_proj.weight :: awq_p1.0 bpw=3.4800 rel_err=0.2429 wrel_err=0.1535 t=2.14s [144/392] ETA=1.22h
2026-08-22 07:29:57 FIT model.layers.10.self_attn.v_proj.weight :: seed_only bpw=3.0000 rel_err=0.2506 wrel_err=0.2168 t=9.81s [145/392] ETA=1.21h
2026-08-22 07:29:59 FIT model.layers.10.self_attn.v_proj.weight :: awq_p1.0 bpw=3.4800 rel_err=0.2411 wrel_err=0.2075 t=2.07s [146/392] ETA=1.20h
2026-08-22 07:30:18 FIT model.layers.10.self_attn.o_proj.weight :: seed_only bpw=3.0000 rel_err=0.2487 wrel_err=0.1999 t=18.79s [147/392] ETA=1.20h
2026-08-22 07:30:21 FIT model.layers.10.self_attn.o_proj.weight :: awq_p1.0 bpw=3.4800 rel_err=0.2390 wrel_err=0.1893 t=2.82s [148/392] ETA=1.18h
2026-08-22 07:31:15 FIT model.layers.10.mlp.gate_proj.weight :: seed_only bpw=3.0000 rel_err=0.2419 wrel_err=0.1802 t=53.80s [149/392] ETA=1.20h
2026-08-22 07:31:22 FIT model.layers.10.mlp.gate_proj.weight :: awq_p1.0 bpw=3.4800 rel_err=0.2316 wrel_err=0.1714 t=6.75s [150/392] ETA=1.19h
2026-08-22 07:32:16 FIT model.layers.10.mlp.up_proj.weight :: seed_only bpw=3.0000 rel_err=0.2419 wrel_err=0.2089 t=53.79s [151/392] ETA=1.20h
2026-08-22 07:32:23 FIT model.layers.10.mlp.up_proj.weight :: awq_p1.0 bpw=3.4800 rel_err=0.2321 wrel_err=0.1996 t=6.91s [152/392] ETA=1.19h
2026-08-22 07:33:17 FIT model.layers.10.mlp.down_proj.weight :: seed_only bpw=3.0000 rel_err=0.2569 wrel_err=0.1888 t=53.77s [153/392] ETA=1.20h
2026-08-22 07:33:24 FIT model.layers.10.mlp.down_proj.weight :: awq_p1.0 bpw=3.4800 rel_err=0.2489 wrel_err=0.1817 t=7.00s [154/392] ETA=1.19h
2026-08-22 07:33:43 FIT model.layers.11.self_attn.q_proj.weight :: seed_only bpw=3.0000 rel_err=0.2587 wrel_err=0.1378 t=18.78s [155/392] ETA=1.18h
2026-08-22 07:33:46 FIT model.layers.11.self_attn.q_proj.weight :: awq_p1.0 bpw=3.4800 rel_err=0.2442 wrel_err=0.1285 t=2.87s [156/392] ETA=1.17h
2026-08-22 07:33:56 FIT model.layers.11.self_attn.k_proj.weight :: seed_only bpw=3.0000 rel_err=0.2600 wrel_err=0.1380 t=9.83s [157/392] ETA=1.16h
2026-08-22 07:33:58 FIT model.layers.11.self_attn.k_proj.weight :: awq_p1.0 bpw=3.4800 rel_err=0.2510 wrel_err=0.1317 t=2.05s [158/392] ETA=1.15h
2026-08-22 07:34:08 FIT model.layers.11.self_attn.v_proj.weight :: seed_only bpw=3.0000 rel_err=0.2598 wrel_err=0.1932 t=9.80s [159/392] ETA=1.15h
2026-08-22 07:34:10 FIT model.layers.11.self_attn.v_proj.weight :: awq_p1.0 bpw=3.4800 rel_err=0.2511 wrel_err=0.1853 t=2.04s [160/392] ETA=1.13h
2026-08-22 07:34:29 FIT model.layers.11.self_attn.o_proj.weight :: seed_only bpw=3.0000 rel_err=0.2531 wrel_err=0.2024 t=18.77s [161/392] ETA=1.13h
2026-08-22 07:34:32 FIT model.layers.11.self_attn.o_proj.weight :: awq_p1.0 bpw=3.4800 rel_err=0.2366 wrel_err=0.1498 t=2.34s [162/392] ETA=1.12h
2026-08-22 07:35:26 FIT model.layers.11.mlp.gate_proj.weight :: seed_only bpw=3.0000 rel_err=0.2451 wrel_err=0.1827 t=53.80s [163/392] ETA=1.13h
2026-08-22 07:35:33 FIT model.layers.11.mlp.gate_proj.weight :: awq_p1.0 bpw=3.4800 rel_err=0.2350 wrel_err=0.1740 t=6.75s [164/392] ETA=1.12h
2026-08-22 07:36:27 FIT model.layers.11.mlp.up_proj.weight :: seed_only bpw=3.0000 rel_err=0.2449 wrel_err=0.2111 t=53.88s [165/392] ETA=1.13h
2026-08-22 07:36:34 FIT model.layers.11.mlp.up_proj.weight :: awq_p1.0 bpw=3.4800 rel_err=0.2347 wrel_err=0.2014 t=6.89s [166/392] ETA=1.12h
2026-08-22 07:37:28 FIT model.layers.11.mlp.down_proj.weight :: seed_only bpw=3.0000 rel_err=0.2547 wrel_err=0.1995 t=53.80s [167/392] ETA=1.13h
2026-08-22 07:37:35 FIT model.layers.11.mlp.down_proj.weight :: awq_p1.0 bpw=3.4800 rel_err=0.2482 wrel_err=0.1933 t=7.03s [168/392] ETA=1.12h
2026-08-22 07:37:54 FIT model.layers.12.self_attn.q_proj.weight :: seed_only bpw=3.0000 rel_err=0.2679 wrel_err=0.1521 t=18.79s [169/392] ETA=1.11h
2026-08-22 07:37:57 FIT model.layers.12.self_attn.q_proj.weight :: awq_p1.0 bpw=3.4800 rel_err=0.2551 wrel_err=0.1432 t=2.89s [170/392] ETA=1.10h
2026-08-22 07:38:07 FIT model.layers.12.self_attn.k_proj.weight :: seed_only bpw=3.0000 rel_err=0.2693 wrel_err=0.1433 t=9.82s [171/392] ETA=1.10h
2026-08-22 07:38:09 FIT model.layers.12.self_attn.k_proj.weight :: awq_p1.0 bpw=3.4800 rel_err=0.2591 wrel_err=0.1364 t=2.12s [172/392] ETA=1.09h
2026-08-22 07:38:19 FIT model.layers.12.self_attn.v_proj.weight :: seed_only bpw=3.0000 rel_err=0.2690 wrel_err=0.2049 t=9.81s [173/392] ETA=1.08h
2026-08-22 07:38:21 FIT model.layers.12.self_attn.v_proj.weight :: awq_p1.0 bpw=3.4800 rel_err=0.2603 wrel_err=0.1967 t=2.07s [174/392] ETA=1.07h
2026-08-22 07:38:40 FIT model.layers.12.self_attn.o_proj.weight :: seed_only bpw=3.0000 rel_err=0.2501 wrel_err=0.1921 t=18.77s [175/392] ETA=1.06h
2026-08-22 07:38:43 FIT model.layers.12.self_attn.o_proj.weight :: awq_p1.0 bpw=3.4800 rel_err=0.2420 wrel_err=0.1776 t=2.63s [176/392] ETA=1.05h
2026-08-22 07:39:37 FIT model.layers.12.mlp.gate_proj.weight :: seed_only bpw=3.0000 rel_err=0.2465 wrel_err=0.1829 t=53.83s [177/392] ETA=1.06h
2026-08-22 07:39:44 FIT model.layers.12.mlp.gate_proj.weight :: awq_p1.0 bpw=3.4800 rel_err=0.2364 wrel_err=0.1742 t=6.71s [178/392] ETA=1.05h
2026-08-22 07:40:38 FIT model.layers.12.mlp.up_proj.weight :: seed_only bpw=3.0000 rel_err=0.2466 wrel_err=0.2123 t=53.80s [179/392] ETA=1.06h
2026-08-22 07:40:45 FIT model.layers.12.mlp.up_proj.weight :: awq_p1.0 bpw=3.4800 rel_err=0.2358 wrel_err=0.2021 t=6.88s [180/392] ETA=1.05h
2026-08-22 07:41:39 FIT model.layers.12.mlp.down_proj.weight :: seed_only bpw=3.0000 rel_err=0.2593 wrel_err=0.1936 t=53.82s [181/392] ETA=1.06h
2026-08-22 07:41:46 FIT model.layers.12.mlp.down_proj.weight :: awq_p1.0 bpw=3.4800 rel_err=0.2541 wrel_err=0.1886 t=7.03s [182/392] ETA=1.05h
2026-08-22 07:42:05 FIT model.layers.13.self_attn.q_proj.weight :: seed_only bpw=3.0000 rel_err=0.2718 wrel_err=0.1424 t=18.79s [183/392] ETA=1.04h
2026-08-22 07:42:08 FIT model.layers.13.self_attn.q_proj.weight :: awq_p1.0 bpw=3.4800 rel_err=0.2569 wrel_err=0.1329 t=2.90s [184/392] ETA=1.03h
2026-08-22 07:42:18 FIT model.layers.13.self_attn.k_proj.weight :: seed_only bpw=3.0000 rel_err=0.2751 wrel_err=0.1294 t=9.81s [185/392] ETA=1.03h
2026-08-22 07:42:20 FIT model.layers.13.self_attn.k_proj.weight :: awq_p1.0 bpw=3.4800 rel_err=0.2671 wrel_err=0.1242 t=2.07s [186/392] ETA=1.02h
2026-08-22 07:42:30 FIT model.layers.13.self_attn.v_proj.weight :: seed_only bpw=3.0000 rel_err=0.2722 wrel_err=0.2000 t=9.85s [187/392] ETA=1.01h
2026-08-22 07:42:32 FIT model.layers.13.self_attn.v_proj.weight :: awq_p1.0 bpw=3.4800 rel_err=0.2642 wrel_err=0.1927 t=2.06s [188/392] ETA=1.00h
2026-08-22 07:42:51 FIT model.layers.13.self_attn.o_proj.weight :: seed_only bpw=3.0000 rel_err=0.2524 wrel_err=0.1911 t=18.78s [189/392] ETA=1.00h
2026-08-22 07:42:54 FIT model.layers.13.self_attn.o_proj.weight :: awq_p1.0 bpw=3.4800 rel_err=0.2452 wrel_err=0.1810 t=2.71s [190/392] ETA=0.99h
2026-08-22 07:43:48 FIT model.layers.13.mlp.gate_proj.weight :: seed_only bpw=3.0000 rel_err=0.2491 wrel_err=0.1859 t=53.79s [191/392] ETA=0.99h
2026-08-22 07:43:55 FIT model.layers.13.mlp.gate_proj.weight :: awq_p1.0 bpw=3.4800 rel_err=0.2382 wrel_err=0.1767 t=6.65s [192/392] ETA=0.98h
2026-08-22 07:44:49 FIT model.layers.13.mlp.up_proj.weight :: seed_only bpw=3.0000 rel_err=0.2485 wrel_err=0.2119 t=53.81s [193/392] ETA=0.99h
2026-08-22 07:44:56 FIT model.layers.13.mlp.up_proj.weight :: awq_p1.0 bpw=3.4800 rel_err=0.2380 wrel_err=0.2019 t=6.86s [194/392] ETA=0.98h
2026-08-22 07:45:50 FIT model.layers.13.mlp.down_proj.weight :: seed_only bpw=3.0000 rel_err=0.2605 wrel_err=0.1947 t=53.81s [195/392] ETA=0.99h
2026-08-22 07:45:57 FIT model.layers.13.mlp.down_proj.weight :: awq_p1.0 bpw=3.4800 rel_err=0.2551 wrel_err=0.1893 t=7.01s [196/392] ETA=0.98h
2026-08-22 07:46:16 FIT model.layers.14.self_attn.q_proj.weight :: seed_only bpw=3.0000 rel_err=0.2756 wrel_err=0.1466 t=18.79s [197/392] ETA=0.97h
2026-08-22 07:46:19 FIT model.layers.14.self_attn.q_proj.weight :: awq_p1.0 bpw=3.4800 rel_err=0.2621 wrel_err=0.1375 t=2.91s [198/392] ETA=0.96h
2026-08-22 07:46:29 FIT model.layers.14.self_attn.k_proj.weight :: seed_only bpw=3.0000 rel_err=0.2779 wrel_err=0.1351 t=9.83s [199/392] ETA=0.96h
2026-08-22 07:46:31 FIT model.layers.14.self_attn.k_proj.weight :: awq_p1.0 bpw=3.4800 rel_err=0.2678 wrel_err=0.1284 t=2.10s [200/392] ETA=0.95h
2026-08-22 07:46:41 FIT model.layers.14.self_attn.v_proj.weight :: seed_only bpw=3.0000 rel_err=0.2742 wrel_err=0.2047 t=9.85s [201/392] ETA=0.94h
2026-08-22 07:46:43 FIT model.layers.14.self_attn.v_proj.weight :: awq_p1.0 bpw=3.4800 rel_err=0.2653 wrel_err=0.1968 t=2.08s [202/392] ETA=0.93h
2026-08-22 07:47:02 FIT model.layers.14.self_attn.o_proj.weight :: seed_only bpw=3.0000 rel_err=0.2461 wrel_err=0.2037 t=18.78s [203/392] ETA=0.93h
2026-08-22 07:47:05 FIT model.layers.14.self_attn.o_proj.weight :: awq_p1.0 bpw=3.4800 rel_err=0.2373 wrel_err=0.1906 t=2.68s [204/392] ETA=0.92h
2026-08-22 07:47:59 FIT model.layers.14.mlp.gate_proj.weight :: seed_only bpw=3.0000 rel_err=0.2462 wrel_err=0.1871 t=53.79s [205/392] ETA=0.92h
2026-08-22 07:48:06 FIT model.layers.14.mlp.gate_proj.weight :: awq_p1.0 bpw=3.4800 rel_err=0.2353 wrel_err=0.1778 t=6.69s [206/392] ETA=0.92h
2026-08-22 07:49:00 FIT model.layers.14.mlp.up_proj.weight :: seed_only bpw=3.0000 rel_err=0.2457 wrel_err=0.2120 t=53.78s [207/392] ETA=0.92h
2026-08-22 07:49:07 FIT model.layers.14.mlp.up_proj.weight :: awq_p1.0 bpw=3.4800 rel_err=0.2354 wrel_err=0.2022 t=6.84s [208/392] ETA=0.91h
2026-08-22 07:50:01 FIT model.layers.14.mlp.down_proj.weight :: seed_only bpw=3.0000 rel_err=0.2664 wrel_err=0.1830 t=53.81s [209/392] ETA=0.92h
2026-08-22 07:50:09 FIT model.layers.14.mlp.down_proj.weight :: awq_p1.0 bpw=3.4800 rel_err=0.2611 wrel_err=0.1780 t=7.06s [210/392] ETA=0.91h
2026-08-22 07:50:28 FIT model.layers.15.self_attn.q_proj.weight :: seed_only bpw=3.0000 rel_err=0.2606 wrel_err=0.1471 t=18.77s [211/392] ETA=0.90h
2026-08-22 07:50:31 FIT model.layers.15.self_attn.q_proj.weight :: awq_p1.0 bpw=3.4800 rel_err=0.2466 wrel_err=0.1375 t=2.90s [212/392] ETA=0.90h
2026-08-22 07:50:40 FIT model.layers.15.self_attn.k_proj.weight :: seed_only bpw=3.0000 rel_err=0.2608 wrel_err=0.1332 t=9.81s [213/392] ETA=0.89h
2026-08-22 07:50:43 FIT model.layers.15.self_attn.k_proj.weight :: awq_p1.0 bpw=3.4800 rel_err=0.2535 wrel_err=0.1283 t=2.13s [214/392] ETA=0.88h
2026-08-22 07:50:53 FIT model.layers.15.self_attn.v_proj.weight :: seed_only bpw=3.0000 rel_err=0.2629 wrel_err=0.2148 t=9.80s [215/392] ETA=0.87h
2026-08-22 07:50:55 FIT model.layers.15.self_attn.v_proj.weight :: awq_p1.0 bpw=3.4800 rel_err=0.2518 wrel_err=0.2046 t=2.08s [216/392] ETA=0.86h
2026-08-22 07:51:14 FIT model.layers.15.self_attn.o_proj.weight :: seed_only bpw=3.0000 rel_err=0.2499 wrel_err=0.2016 t=18.77s [217/392] ETA=0.86h
2026-08-22 07:51:16 FIT model.layers.15.self_attn.o_proj.weight :: awq_p1.0 bpw=3.4800 rel_err=0.2428 wrel_err=0.1808 t=2.41s [218/392] ETA=0.85h
2026-08-22 07:52:10 FIT model.layers.15.mlp.gate_proj.weight :: seed_only bpw=3.0000 rel_err=0.2451 wrel_err=0.1833 t=53.80s [219/392] ETA=0.85h
2026-08-22 07:52:18 FIT model.layers.15.mlp.gate_proj.weight :: awq_p1.0 bpw=3.4800 rel_err=0.2347 wrel_err=0.1745 t=6.85s [220/392] ETA=0.85h
2026-08-22 07:53:12 FIT model.layers.15.mlp.up_proj.weight :: seed_only bpw=3.0000 rel_err=0.2446 wrel_err=0.2075 t=53.78s [221/392] ETA=0.85h
2026-08-22 07:53:19 FIT model.layers.15.mlp.up_proj.weight :: awq_p1.0 bpw=3.4800 rel_err=0.2353 wrel_err=0.1986 t=6.82s [222/392] ETA=0.84h
2026-08-22 07:54:13 FIT model.layers.15.mlp.down_proj.weight :: seed_only bpw=3.0000 rel_err=0.2777 wrel_err=0.1761 t=53.79s [223/392] ETA=0.85h
2026-08-22 07:54:20 FIT model.layers.15.mlp.down_proj.weight :: awq_p1.0 bpw=3.4800 rel_err=0.2724 wrel_err=0.1713 t=7.04s [224/392] ETA=0.84h
2026-08-22 07:54:39 FIT model.layers.16.self_attn.q_proj.weight :: seed_only bpw=3.0000 rel_err=0.2566 wrel_err=0.1431 t=18.79s [225/392] ETA=0.83h
2026-08-22 07:54:42 FIT model.layers.16.self_attn.q_proj.weight :: awq_p1.0 bpw=3.4800 rel_err=0.2418 wrel_err=0.1332 t=2.90s [226/392] ETA=0.83h
2026-08-22 07:54:52 FIT model.layers.16.self_attn.k_proj.weight :: seed_only bpw=3.0000 rel_err=0.2577 wrel_err=0.1282 t=9.81s [227/392] ETA=0.82h
2026-08-22 07:54:54 FIT model.layers.16.self_attn.k_proj.weight :: awq_p1.0 bpw=3.4800 rel_err=0.2442 wrel_err=0.1200 t=2.10s [228/392] ETA=0.81h
2026-08-22 07:55:04 FIT model.layers.16.self_attn.v_proj.weight :: seed_only bpw=3.0000 rel_err=0.2574 wrel_err=0.2027 t=9.81s [229/392] ETA=0.80h
2026-08-22 07:55:06 FIT model.layers.16.self_attn.v_proj.weight :: awq_p1.0 bpw=3.4800 rel_err=0.2510 wrel_err=0.1965 t=2.12s [230/392] ETA=0.80h
2026-08-22 07:55:25 FIT model.layers.16.self_attn.o_proj.weight :: seed_only bpw=3.0000 rel_err=0.2541 wrel_err=0.1907 t=18.78s [231/392] ETA=0.79h
2026-08-22 07:55:28 FIT model.layers.16.self_attn.o_proj.weight :: awq_p1.0 bpw=3.4800 rel_err=0.2459 wrel_err=0.1782 t=2.46s [232/392] ETA=0.78h
2026-08-22 07:56:22 FIT model.layers.16.mlp.gate_proj.weight :: seed_only bpw=3.0000 rel_err=0.2452 wrel_err=0.1783 t=53.82s [233/392] ETA=0.79h
2026-08-22 07:56:29 FIT model.layers.16.mlp.gate_proj.weight :: awq_p1.0 bpw=3.4800 rel_err=0.2355 wrel_err=0.1701 t=6.77s [234/392] ETA=0.78h
2026-08-22 07:57:23 FIT model.layers.16.mlp.up_proj.weight :: seed_only bpw=3.0000 rel_err=0.2448 wrel_err=0.2025 t=53.86s [235/392] ETA=0.78h
2026-08-22 07:57:30 FIT model.layers.16.mlp.up_proj.weight :: awq_p1.0 bpw=3.4800 rel_err=0.2357 wrel_err=0.1940 t=6.85s [236/392] ETA=0.77h
2026-08-22 07:58:24 FIT model.layers.16.mlp.down_proj.weight :: seed_only bpw=3.0000 rel_err=0.2990 wrel_err=0.1336 t=53.84s [237/392] ETA=0.78h
2026-08-22 07:58:31 FIT model.layers.16.mlp.down_proj.weight :: awq_p1.0 bpw=3.4800 rel_err=0.2895 wrel_err=0.1278 t=7.00s [238/392] ETA=0.77h
2026-08-22 07:58:50 FIT model.layers.17.self_attn.q_proj.weight :: seed_only bpw=3.0000 rel_err=0.2572 wrel_err=0.1453 t=18.78s [239/392] ETA=0.76h
2026-08-22 07:58:53 FIT model.layers.17.self_attn.q_proj.weight :: awq_p1.0 bpw=3.4800 rel_err=0.2452 wrel_err=0.1370 t=2.95s [240/392] ETA=0.76h
2026-08-22 07:59:03 FIT model.layers.17.self_attn.k_proj.weight :: seed_only bpw=3.0000 rel_err=0.2577 wrel_err=0.1206 t=9.83s [241/392] ETA=0.75h
2026-08-22 07:59:05 FIT model.layers.17.self_attn.k_proj.weight :: awq_p1.0 bpw=3.4800 rel_err=0.2508 wrel_err=0.1162 t=1.92s [242/392] ETA=0.74h
2026-08-22 07:59:15 FIT model.layers.17.self_attn.v_proj.weight :: seed_only bpw=3.0000 rel_err=0.2581 wrel_err=0.2087 t=9.82s [243/392] ETA=0.74h
2026-08-22 07:59:17 FIT model.layers.17.self_attn.v_proj.weight :: awq_p1.0 bpw=3.4800 rel_err=0.2489 wrel_err=0.2001 t=2.08s [244/392] ETA=0.73h
2026-08-22 07:59:36 FIT model.layers.17.self_attn.o_proj.weight :: seed_only bpw=3.0000 rel_err=0.2478 wrel_err=0.2087 t=18.82s [245/392] ETA=0.72h
2026-08-22 07:59:39 FIT model.layers.17.self_attn.o_proj.weight :: awq_p1.0 bpw=3.4800 rel_err=0.2367 wrel_err=0.1869 t=2.67s [246/392] ETA=0.72h
2026-08-22 08:00:33 FIT model.layers.17.mlp.gate_proj.weight :: seed_only bpw=3.0000 rel_err=0.2480 wrel_err=0.1719 t=53.89s [247/392] ETA=0.72h
2026-08-22 08:00:40 FIT model.layers.17.mlp.gate_proj.weight :: awq_p1.0 bpw=3.4800 rel_err=0.2377 wrel_err=0.1636 t=6.80s [248/392] ETA=0.71h
2026-08-22 08:01:34 FIT model.layers.17.mlp.up_proj.weight :: seed_only bpw=3.0000 rel_err=0.2472 wrel_err=0.1959 t=53.77s [249/392] ETA=0.71h
2026-08-22 08:01:41 FIT model.layers.17.mlp.up_proj.weight :: awq_p1.0 bpw=3.4800 rel_err=0.2399 wrel_err=0.1891 t=6.83s [250/392] ETA=0.70h
2026-08-22 08:02:35 FIT model.layers.17.mlp.down_proj.weight :: seed_only bpw=3.0000 rel_err=0.2939 wrel_err=0.1618 t=53.77s [251/392] ETA=0.71h
2026-08-22 08:02:42 FIT model.layers.17.mlp.down_proj.weight :: awq_p1.0 bpw=3.4800 rel_err=0.2883 wrel_err=0.1573 t=7.02s [252/392] ETA=0.70h
2026-08-22 08:03:01 FIT model.layers.18.self_attn.q_proj.weight :: seed_only bpw=3.0000 rel_err=0.2571 wrel_err=0.1450 t=18.77s [253/392] ETA=0.69h
2026-08-22 08:03:04 FIT model.layers.18.self_attn.q_proj.weight :: awq_p1.0 bpw=3.4800 rel_err=0.2464 wrel_err=0.1374 t=2.94s [254/392] ETA=0.69h
2026-08-22 08:03:14 FIT model.layers.18.self_attn.k_proj.weight :: seed_only bpw=3.0000 rel_err=0.2579 wrel_err=0.1347 t=9.80s [255/392] ETA=0.68h
2026-08-22 08:03:16 FIT model.layers.18.self_attn.k_proj.weight :: awq_p1.0 bpw=3.4800 rel_err=0.2511 wrel_err=0.1297 t=1.99s [256/392] ETA=0.67h
2026-08-22 08:03:26 FIT model.layers.18.self_attn.v_proj.weight :: seed_only bpw=3.0000 rel_err=0.2590 wrel_err=0.1975 t=9.80s [257/392] ETA=0.67h
2026-08-22 08:03:28 FIT model.layers.18.self_attn.v_proj.weight :: awq_p1.0 bpw=3.4800 rel_err=0.2535 wrel_err=0.1921 t=2.05s [258/392] ETA=0.66h
2026-08-22 08:03:47 FIT model.layers.18.self_attn.o_proj.weight :: seed_only bpw=3.0000 rel_err=0.2526 wrel_err=0.1990 t=18.77s [259/392] ETA=0.66h
2026-08-22 08:03:50 FIT model.layers.18.self_attn.o_proj.weight :: awq_p1.0 bpw=3.4800 rel_err=0.2430 wrel_err=0.1857 t=2.56s [260/392] ETA=0.65h
2026-08-22 08:04:44 FIT model.layers.18.mlp.gate_proj.weight :: seed_only bpw=3.0000 rel_err=0.2467 wrel_err=0.1701 t=53.77s [261/392] ETA=0.65h
2026-08-22 08:04:51 FIT model.layers.18.mlp.gate_proj.weight :: awq_p1.0 bpw=3.4800 rel_err=0.2366 wrel_err=0.1618 t=6.83s [262/392] ETA=0.64h
2026-08-22 08:05:45 FIT model.layers.18.mlp.up_proj.weight :: seed_only bpw=3.0000 rel_err=0.2461 wrel_err=0.1933 t=53.78s [263/392] ETA=0.64h
2026-08-22 08:05:52 FIT model.layers.18.mlp.up_proj.weight :: awq_p1.0 bpw=3.4800 rel_err=0.2385 wrel_err=0.1861 t=6.84s [264/392] ETA=0.64h
2026-08-22 08:06:47 FIT model.layers.18.mlp.down_proj.weight :: seed_only bpw=3.0000 rel_err=0.3310 wrel_err=0.1516 t=53.78s [265/392] ETA=0.64h
2026-08-22 08:06:54 FIT model.layers.18.mlp.down_proj.weight :: awq_p1.0 bpw=3.4800 rel_err=0.3249 wrel_err=0.1471 t=7.02s [266/392] ETA=0.63h
2026-08-22 08:07:13 FIT model.layers.19.self_attn.q_proj.weight :: seed_only bpw=3.0000 rel_err=0.2543 wrel_err=0.1524 t=18.77s [267/392] ETA=0.62h
2026-08-22 08:07:16 FIT model.layers.19.self_attn.q_proj.weight :: awq_p1.0 bpw=3.4800 rel_err=0.2419 wrel_err=0.1433 t=2.91s [268/392] ETA=0.62h
2026-08-22 08:07:26 FIT model.layers.19.self_attn.k_proj.weight :: seed_only bpw=3.0000 rel_err=0.2548 wrel_err=0.1345 t=9.81s [269/392] ETA=0.61h
2026-08-22 08:07:28 FIT model.layers.19.self_attn.k_proj.weight :: awq_p1.0 bpw=3.4800 rel_err=0.2474 wrel_err=0.1292 t=1.93s [270/392] ETA=0.60h
2026-08-22 08:07:38 FIT model.layers.19.self_attn.v_proj.weight :: seed_only bpw=3.0000 rel_err=0.2568 wrel_err=0.2048 t=9.80s [271/392] ETA=0.60h
2026-08-22 08:07:40 FIT model.layers.19.self_attn.v_proj.weight :: awq_p1.0 bpw=3.4800 rel_err=0.2460 wrel_err=0.1951 t=2.05s [272/392] ETA=0.59h
2026-08-22 08:07:59 FIT model.layers.19.self_attn.o_proj.weight :: seed_only bpw=3.0000 rel_err=0.2587 wrel_err=0.2029 t=18.77s [273/392] ETA=0.59h
2026-08-22 08:08:01 FIT model.layers.19.self_attn.o_proj.weight :: awq_p1.0 bpw=3.4800 rel_err=0.2513 wrel_err=0.1805 t=2.25s [274/392] ETA=0.58h
2026-08-22 08:08:56 FIT model.layers.19.mlp.gate_proj.weight :: seed_only bpw=3.0000 rel_err=0.2485 wrel_err=0.1678 t=53.77s [275/392] ETA=0.58h
2026-08-22 08:09:03 FIT model.layers.19.mlp.gate_proj.weight :: awq_p1.0 bpw=3.4800 rel_err=0.2371 wrel_err=0.1589 t=6.82s [276/392] ETA=0.57h
2026-08-22 08:09:57 FIT model.layers.19.mlp.up_proj.weight :: seed_only bpw=3.0000 rel_err=0.2473 wrel_err=0.1931 t=53.78s [277/392] ETA=0.57h
2026-08-22 08:10:04 FIT model.layers.19.mlp.up_proj.weight :: awq_p1.0 bpw=3.4800 rel_err=0.2390 wrel_err=0.1855 t=6.85s [278/392] ETA=0.57h
2026-08-22 08:10:58 FIT model.layers.19.mlp.down_proj.weight :: seed_only bpw=3.0000 rel_err=0.3642 wrel_err=0.1278 t=53.80s [279/392] ETA=0.57h
2026-08-22 08:11:05 FIT model.layers.19.mlp.down_proj.weight :: awq_p1.0 bpw=3.4800 rel_err=0.3577 wrel_err=0.1237 t=7.02s [280/392] ETA=0.56h
2026-08-22 08:11:24 FIT model.layers.20.self_attn.q_proj.weight :: seed_only bpw=3.0000 rel_err=0.2622 wrel_err=0.1523 t=18.77s [281/392] ETA=0.55h
2026-08-22 08:11:27 FIT model.layers.20.self_attn.q_proj.weight :: awq_p1.0 bpw=3.4800 rel_err=0.2507 wrel_err=0.1438 t=2.92s [282/392] ETA=0.55h
2026-08-22 08:11:37 FIT model.layers.20.self_attn.k_proj.weight :: seed_only bpw=3.0000 rel_err=0.2629 wrel_err=0.1360 t=9.80s [283/392] ETA=0.54h
2026-08-22 08:11:39 FIT model.layers.20.self_attn.k_proj.weight :: awq_p1.0 bpw=3.4800 rel_err=0.2539 wrel_err=0.1299 t=2.01s [284/392] ETA=0.54h
2026-08-22 08:11:49 FIT model.layers.20.self_attn.v_proj.weight :: seed_only bpw=3.0000 rel_err=0.2652 wrel_err=0.1917 t=9.80s [285/392] ETA=0.53h
2026-08-22 08:11:51 FIT model.layers.20.self_attn.v_proj.weight :: awq_p1.0 bpw=3.4800 rel_err=0.2511 wrel_err=0.1804 t=2.03s [286/392] ETA=0.52h
2026-08-22 08:12:10 FIT model.layers.20.self_attn.o_proj.weight :: seed_only bpw=3.0000 rel_err=0.2488 wrel_err=0.2044 t=18.77s [287/392] ETA=0.52h
2026-08-22 08:12:13 FIT model.layers.20.self_attn.o_proj.weight :: awq_p1.0 bpw=3.4800 rel_err=0.2398 wrel_err=0.1797 t=2.25s [288/392] ETA=0.51h
2026-08-22 08:13:07 FIT model.layers.20.mlp.gate_proj.weight :: seed_only bpw=3.0000 rel_err=0.2468 wrel_err=0.1640 t=53.80s [289/392] ETA=0.51h
2026-08-22 08:13:14 FIT model.layers.20.mlp.gate_proj.weight :: awq_p1.0 bpw=3.4800 rel_err=0.2369 wrel_err=0.1563 t=6.86s [290/392] ETA=0.50h
2026-08-22 08:14:08 FIT model.layers.20.mlp.up_proj.weight :: seed_only bpw=3.0000 rel_err=0.2459 wrel_err=0.1924 t=53.80s [291/392] ETA=0.50h
2026-08-22 08:14:16 FIT model.layers.20.mlp.up_proj.weight :: awq_p1.0 bpw=3.4800 rel_err=0.2384 wrel_err=0.1854 t=6.89s [292/392] ETA=0.50h
2026-08-22 08:15:10 FIT model.layers.20.mlp.down_proj.weight :: seed_only bpw=3.0000 rel_err=0.3898 wrel_err=0.1133 t=53.81s [293/392] ETA=0.50h
2026-08-22 08:15:17 FIT model.layers.20.mlp.down_proj.weight :: awq_p1.0 bpw=3.4800 rel_err=0.3831 wrel_err=0.1099 t=7.05s [294/392] ETA=0.49h
2026-08-22 08:15:36 FIT model.layers.21.self_attn.q_proj.weight :: seed_only bpw=3.0000 rel_err=0.2581 wrel_err=0.1566 t=18.77s [295/392] ETA=0.48h
2026-08-22 08:15:39 FIT model.layers.21.self_attn.q_proj.weight :: awq_p1.0 bpw=3.4800 rel_err=0.2494 wrel_err=0.1497 t=3.01s [296/392] ETA=0.48h
2026-08-22 08:15:49 FIT model.layers.21.self_attn.k_proj.weight :: seed_only bpw=3.0000 rel_err=0.2584 wrel_err=0.1461 t=9.81s [297/392] ETA=0.47h
2026-08-22 08:15:51 FIT model.layers.21.self_attn.k_proj.weight :: awq_p1.0 bpw=3.4800 rel_err=0.2513 wrel_err=0.1406 t=2.02s [298/392] ETA=0.47h
2026-08-22 08:16:01 FIT model.layers.21.self_attn.v_proj.weight :: seed_only bpw=3.0000 rel_err=0.2606 wrel_err=0.1981 t=9.81s [299/392] ETA=0.46h
2026-08-22 08:16:04 FIT model.layers.21.self_attn.v_proj.weight :: awq_p1.0 bpw=3.4800 rel_err=0.2480 wrel_err=0.1874 t=2.09s [300/392] ETA=0.45h
2026-08-22 08:16:22 FIT model.layers.21.self_attn.o_proj.weight :: seed_only bpw=3.0000 rel_err=0.2451 wrel_err=0.2090 t=18.76s [301/392] ETA=0.45h
2026-08-22 08:16:25 FIT model.layers.21.self_attn.o_proj.weight :: awq_p1.0 bpw=3.4800 rel_err=0.2327 wrel_err=0.1904 t=2.60s [302/392] ETA=0.44h
2026-08-22 08:17:19 FIT model.layers.21.mlp.gate_proj.weight :: seed_only bpw=3.0000 rel_err=0.2442 wrel_err=0.1655 t=53.78s [303/392] ETA=0.44h
2026-08-22 08:17:27 FIT model.layers.21.mlp.gate_proj.weight :: awq_p1.0 bpw=3.4800 rel_err=0.2361 wrel_err=0.1590 t=6.97s [304/392] ETA=0.44h
2026-08-22 08:18:21 FIT model.layers.21.mlp.up_proj.weight :: seed_only bpw=3.0000 rel_err=0.2437 wrel_err=0.1982 t=53.93s [305/392] ETA=0.43h
2026-08-22 08:18:28 FIT model.layers.21.mlp.up_proj.weight :: awq_p1.0 bpw=3.4800 rel_err=0.2362 wrel_err=0.1911 t=6.91s [306/392] ETA=0.43h
2026-08-22 08:19:23 FIT model.layers.21.mlp.down_proj.weight :: seed_only bpw=3.0000 rel_err=0.4009 wrel_err=0.0913 t=53.78s [307/392] ETA=0.43h
2026-08-22 08:19:30 FIT model.layers.21.mlp.down_proj.weight :: awq_p1.0 bpw=3.4800 rel_err=0.3952 wrel_err=0.0888 t=6.96s [308/392] ETA=0.42h
2026-08-22 08:19:49 FIT model.layers.22.self_attn.q_proj.weight :: seed_only bpw=3.0000 rel_err=0.2596 wrel_err=0.1593 t=18.78s [309/392] ETA=0.41h
2026-08-22 08:19:52 FIT model.layers.22.self_attn.q_proj.weight :: awq_p1.0 bpw=3.4800 rel_err=0.2517 wrel_err=0.1529 t=3.00s [310/392] ETA=0.41h
2026-08-22 08:20:02 FIT model.layers.22.self_attn.k_proj.weight :: seed_only bpw=3.0000 rel_err=0.2600 wrel_err=0.1397 t=9.82s [311/392] ETA=0.40h
2026-08-22 08:20:04 FIT model.layers.22.self_attn.k_proj.weight :: awq_p1.0 bpw=3.4800 rel_err=0.2533 wrel_err=0.1348 t=2.00s [312/392] ETA=0.40h
2026-08-22 08:20:14 FIT model.layers.22.self_attn.v_proj.weight :: seed_only bpw=3.0000 rel_err=0.2619 wrel_err=0.1942 t=9.81s [313/392] ETA=0.39h
2026-08-22 08:20:16 FIT model.layers.22.self_attn.v_proj.weight :: awq_p1.0 bpw=3.4800 rel_err=0.2502 wrel_err=0.1843 t=2.02s [314/392] ETA=0.39h
2026-08-22 08:20:35 FIT model.layers.22.self_attn.o_proj.weight :: seed_only bpw=3.0000 rel_err=0.2443 wrel_err=0.2077 t=18.78s [315/392] ETA=0.38h
2026-08-22 08:20:38 FIT model.layers.22.self_attn.o_proj.weight :: awq_p1.0 bpw=3.4800 rel_err=0.2358 wrel_err=0.1920 t=2.53s [316/392] ETA=0.37h
2026-08-22 08:21:32 FIT model.layers.22.mlp.gate_proj.weight :: seed_only bpw=3.0000 rel_err=0.2428 wrel_err=0.1679 t=53.76s [317/392] ETA=0.37h
2026-08-22 08:21:40 FIT model.layers.22.mlp.gate_proj.weight :: awq_p1.0 bpw=3.4800 rel_err=0.2357 wrel_err=0.1619 t=7.01s [318/392] ETA=0.37h
2026-08-22 08:22:34 FIT model.layers.22.mlp.up_proj.weight :: seed_only bpw=3.0000 rel_err=0.2424 wrel_err=0.2017 t=53.76s [319/392] ETA=0.36h
2026-08-22 08:22:41 FIT model.layers.22.mlp.up_proj.weight :: awq_p1.0 bpw=3.4800 rel_err=0.2351 wrel_err=0.1948 t=6.95s [320/392] ETA=0.36h
2026-08-22 08:23:36 FIT model.layers.22.mlp.down_proj.weight :: seed_only bpw=3.0000 rel_err=0.3951 wrel_err=0.0905 t=53.77s [321/392] ETA=0.36h
2026-08-22 08:23:43 FIT model.layers.22.mlp.down_proj.weight :: awq_p1.0 bpw=3.4800 rel_err=0.3896 wrel_err=0.0881 t=7.00s [322/392] ETA=0.35h
2026-08-22 08:24:02 FIT model.layers.23.self_attn.q_proj.weight :: seed_only bpw=3.0000 rel_err=0.2591 wrel_err=0.1499 t=18.77s [323/392] ETA=0.34h
2026-08-22 08:24:05 FIT model.layers.23.self_attn.q_proj.weight :: awq_p1.0 bpw=3.4800 rel_err=0.2488 wrel_err=0.1424 t=2.99s [324/392] ETA=0.34h
2026-08-22 08:24:15 FIT model.layers.23.self_attn.k_proj.weight :: seed_only bpw=3.0000 rel_err=0.2601 wrel_err=0.1333 t=9.81s [325/392] ETA=0.33h
2026-08-22 08:24:17 FIT model.layers.23.self_attn.k_proj.weight :: awq_p1.0 bpw=3.4800 rel_err=0.2502 wrel_err=0.1269 t=1.96s [326/392] ETA=0.33h
2026-08-22 08:24:27 FIT model.layers.23.self_attn.v_proj.weight :: seed_only bpw=3.0000 rel_err=0.2616 wrel_err=0.1923 t=9.80s [327/392] ETA=0.32h
2026-08-22 08:24:29 FIT model.layers.23.self_attn.v_proj.weight :: awq_p1.0 bpw=3.4800 rel_err=0.2487 wrel_err=0.1817 t=1.93s [328/392] ETA=0.32h
2026-08-22 08:24:48 FIT model.layers.23.self_attn.o_proj.weight :: seed_only bpw=3.0000 rel_err=0.2414 wrel_err=0.2115 t=18.76s [329/392] ETA=0.31h
2026-08-22 08:24:50 FIT model.layers.23.self_attn.o_proj.weight :: awq_p1.0 bpw=3.4800 rel_err=0.2340 wrel_err=0.1935 t=2.42s [330/392] ETA=0.31h
2026-08-22 08:25:45 FIT model.layers.23.mlp.gate_proj.weight :: seed_only bpw=3.0000 rel_err=0.2417 wrel_err=0.1703 t=53.77s [331/392] ETA=0.30h
2026-08-22 08:25:52 FIT model.layers.23.mlp.gate_proj.weight :: awq_p1.0 bpw=3.4800 rel_err=0.2353 wrel_err=0.1647 t=7.05s [332/392] ETA=0.30h
2026-08-22 08:26:46 FIT model.layers.23.mlp.up_proj.weight :: seed_only bpw=3.0000 rel_err=0.2414 wrel_err=0.2028 t=53.78s [333/392] ETA=0.29h
2026-08-22 08:26:54 FIT model.layers.23.mlp.up_proj.weight :: awq_p1.0 bpw=3.4800 rel_err=0.2343 wrel_err=0.1958 t=6.96s [334/392] ETA=0.29h
2026-08-22 08:27:48 FIT model.layers.23.mlp.down_proj.weight :: seed_only bpw=3.0000 rel_err=0.3827 wrel_err=0.0897 t=53.77s [335/392] ETA=0.29h
2026-08-22 08:27:55 FIT model.layers.23.mlp.down_proj.weight :: awq_p1.0 bpw=3.4800 rel_err=0.3772 wrel_err=0.0872 t=6.94s [336/392] ETA=0.28h
2026-08-22 08:28:14 FIT model.layers.24.self_attn.q_proj.weight :: seed_only bpw=3.0000 rel_err=0.2621 wrel_err=0.1402 t=18.77s [337/392] ETA=0.27h
2026-08-22 08:28:17 FIT model.layers.24.self_attn.q_proj.weight :: awq_p1.0 bpw=3.4800 rel_err=0.2512 wrel_err=0.1328 t=2.97s [338/392] ETA=0.27h
2026-08-22 08:28:27 FIT model.layers.24.self_attn.k_proj.weight :: seed_only bpw=3.0000 rel_err=0.2628 wrel_err=0.1259 t=9.81s [339/392] ETA=0.26h
2026-08-22 08:28:29 FIT model.layers.24.self_attn.k_proj.weight :: awq_p1.0 bpw=3.4800 rel_err=0.2530 wrel_err=0.1199 t=1.93s [340/392] ETA=0.26h
2026-08-22 08:28:39 FIT model.layers.24.self_attn.v_proj.weight :: seed_only bpw=3.0000 rel_err=0.2632 wrel_err=0.1820 t=9.81s [341/392] ETA=0.25h
2026-08-22 08:28:41 FIT model.layers.24.self_attn.v_proj.weight :: awq_p1.0 bpw=3.4800 rel_err=0.2529 wrel_err=0.1735 t=1.87s [342/392] ETA=0.25h
2026-08-22 08:29:00 FIT model.layers.24.self_attn.o_proj.weight :: seed_only bpw=3.0000 rel_err=0.2412 wrel_err=0.2029 t=18.76s [343/392] ETA=0.24h
2026-08-22 08:29:02 FIT model.layers.24.self_attn.o_proj.weight :: awq_p1.0 bpw=3.4800 rel_err=0.2360 wrel_err=0.1787 t=1.85s [344/392] ETA=0.24h
2026-08-22 08:29:57 FIT model.layers.24.mlp.gate_proj.weight :: seed_only bpw=3.0000 rel_err=0.2425 wrel_err=0.1723 t=53.79s [345/392] ETA=0.23h
2026-08-22 08:30:04 FIT model.layers.24.mlp.gate_proj.weight :: awq_p1.0 bpw=3.4800 rel_err=0.2361 wrel_err=0.1667 t=7.09s [346/392] ETA=0.23h
2026-08-22 08:30:58 FIT model.layers.24.mlp.up_proj.weight :: seed_only bpw=3.0000 rel_err=0.2421 wrel_err=0.2026 t=53.83s [347/392] ETA=0.22h
2026-08-22 08:31:06 FIT model.layers.24.mlp.up_proj.weight :: awq_p1.0 bpw=3.4800 rel_err=0.2352 wrel_err=0.1958 t=6.99s [348/392] ETA=0.22h
2026-08-22 08:32:00 FIT model.layers.24.mlp.down_proj.weight :: seed_only bpw=3.0000 rel_err=0.3643 wrel_err=0.0914 t=53.83s [349/392] ETA=0.22h
2026-08-22 08:32:07 FIT model.layers.24.mlp.down_proj.weight :: awq_p1.0 bpw=3.4800 rel_err=0.3590 wrel_err=0.0890 t=6.97s [350/392] ETA=0.21h
2026-08-22 08:32:26 FIT model.layers.25.self_attn.q_proj.weight :: seed_only bpw=3.0000 rel_err=0.2646 wrel_err=0.1325 t=18.80s [351/392] ETA=0.20h
2026-08-22 08:32:29 FIT model.layers.25.self_attn.q_proj.weight :: awq_p1.0 bpw=3.4800 rel_err=0.2544 wrel_err=0.1259 t=2.98s [352/392] ETA=0.20h
2026-08-22 08:32:39 FIT model.layers.25.self_attn.k_proj.weight :: seed_only bpw=3.0000 rel_err=0.2652 wrel_err=0.1192 t=9.82s [353/392] ETA=0.19h
2026-08-22 08:32:41 FIT model.layers.25.self_attn.k_proj.weight :: awq_p1.0 bpw=3.4800 rel_err=0.2552 wrel_err=0.1135 t=1.87s [354/392] ETA=0.19h
2026-08-22 08:32:51 FIT model.layers.25.self_attn.v_proj.weight :: seed_only bpw=3.0000 rel_err=0.2653 wrel_err=0.1675 t=9.80s [355/392] ETA=0.18h
2026-08-22 08:32:53 FIT model.layers.25.self_attn.v_proj.weight :: awq_p1.0 bpw=3.4800 rel_err=0.2548 wrel_err=0.1594 t=1.77s [356/392] ETA=0.18h
2026-08-22 08:33:12 FIT model.layers.25.self_attn.o_proj.weight :: seed_only bpw=3.0000 rel_err=0.2396 wrel_err=0.2037 t=18.79s [357/392] ETA=0.17h
2026-08-22 08:33:15 FIT model.layers.25.self_attn.o_proj.weight :: awq_p1.0 bpw=3.4800 rel_err=0.2336 wrel_err=0.1912 t=2.57s [358/392] ETA=0.17h
2026-08-22 08:34:09 FIT model.layers.25.mlp.gate_proj.weight :: seed_only bpw=3.0000 rel_err=0.2432 wrel_err=0.1729 t=53.84s [359/392] ETA=0.16h
2026-08-22 08:34:16 FIT model.layers.25.mlp.gate_proj.weight :: awq_p1.0 bpw=3.4800 rel_err=0.2370 wrel_err=0.1674 t=7.09s [360/392] ETA=0.16h
2026-08-22 08:35:10 FIT model.layers.25.mlp.up_proj.weight :: seed_only bpw=3.0000 rel_err=0.2428 wrel_err=0.2003 t=53.77s [361/392] ETA=0.15h
2026-08-22 08:35:18 FIT model.layers.25.mlp.up_proj.weight :: awq_p1.0 bpw=3.4800 rel_err=0.2363 wrel_err=0.1939 t=6.99s [362/392] ETA=0.15h
2026-08-22 08:36:12 FIT model.layers.25.mlp.down_proj.weight :: seed_only bpw=3.0000 rel_err=0.3716 wrel_err=0.0979 t=53.81s [363/392] ETA=0.15h
2026-08-22 08:36:19 FIT model.layers.25.mlp.down_proj.weight :: awq_p1.0 bpw=3.4800 rel_err=0.3660 wrel_err=0.0952 t=6.92s [364/392] ETA=0.14h
2026-08-22 08:36:38 FIT model.layers.26.self_attn.q_proj.weight :: seed_only bpw=3.0000 rel_err=0.2649 wrel_err=0.1527 t=18.78s [365/392] ETA=0.13h
2026-08-22 08:36:41 FIT model.layers.26.self_attn.q_proj.weight :: awq_p1.0 bpw=3.4800 rel_err=0.2576 wrel_err=0.1470 t=2.98s [366/392] ETA=0.13h
2026-08-22 08:36:51 FIT model.layers.26.self_attn.k_proj.weight :: seed_only bpw=3.0000 rel_err=0.2655 wrel_err=0.1237 t=9.81s [367/392] ETA=0.12h
2026-08-22 08:36:53 FIT model.layers.26.self_attn.k_proj.weight :: awq_p1.0 bpw=3.4800 rel_err=0.2569 wrel_err=0.1184 t=1.85s [368/392] ETA=0.12h
2026-08-22 08:37:03 FIT model.layers.26.self_attn.v_proj.weight :: seed_only bpw=3.0000 rel_err=0.2650 wrel_err=0.1594 t=9.80s [369/392] ETA=0.11h
2026-08-22 08:37:05 FIT model.layers.26.self_attn.v_proj.weight :: awq_p1.0 bpw=3.4800 rel_err=0.2577 wrel_err=0.1537 t=1.82s [370/392] ETA=0.11h
2026-08-22 08:37:24 FIT model.layers.26.self_attn.o_proj.weight :: seed_only bpw=3.0000 rel_err=0.2435 wrel_err=0.2131 t=18.77s [371/392] ETA=0.10h
2026-08-22 08:37:26 FIT model.layers.26.self_attn.o_proj.weight :: awq_p1.0 bpw=3.4800 rel_err=0.2330 wrel_err=0.1522 t=2.13s [372/392] ETA=0.10h
2026-08-22 08:38:20 FIT model.layers.26.mlp.gate_proj.weight :: seed_only bpw=3.0000 rel_err=0.2437 wrel_err=0.1725 t=53.78s [373/392] ETA=0.09h
2026-08-22 08:38:27 FIT model.layers.26.mlp.gate_proj.weight :: awq_p1.0 bpw=3.4800 rel_err=0.2380 wrel_err=0.1674 t=7.08s [374/392] ETA=0.09h
2026-08-22 08:39:22 FIT model.layers.26.mlp.up_proj.weight :: seed_only bpw=3.0000 rel_err=0.2434 wrel_err=0.1960 t=53.80s [375/392] ETA=0.08h
2026-08-22 08:39:29 FIT model.layers.26.mlp.up_proj.weight :: awq_p1.0 bpw=3.4800 rel_err=0.2375 wrel_err=0.1902 t=7.02s [376/392] ETA=0.08h
2026-08-22 08:40:23 FIT model.layers.26.mlp.down_proj.weight :: seed_only bpw=3.0000 rel_err=0.3744 wrel_err=0.0933 t=53.78s [377/392] ETA=0.08h
2026-08-22 08:40:30 FIT model.layers.26.mlp.down_proj.weight :: awq_p1.0 bpw=3.4800 rel_err=0.3683 wrel_err=0.0906 t=6.93s [378/392] ETA=0.07h
2026-08-22 08:40:49 FIT model.layers.27.self_attn.q_proj.weight :: seed_only bpw=3.0000 rel_err=0.2407 wrel_err=0.1826 t=18.77s [379/392] ETA=0.06h
2026-08-22 08:40:52 FIT model.layers.27.self_attn.q_proj.weight :: awq_p1.0 bpw=3.4800 rel_err=0.2304 wrel_err=0.1737 t=2.87s [380/392] ETA=0.06h
2026-08-22 08:41:02 FIT model.layers.27.self_attn.k_proj.weight :: seed_only bpw=3.0000 rel_err=0.2408 wrel_err=0.1706 t=9.81s [381/392] ETA=0.05h
2026-08-22 08:41:04 FIT model.layers.27.self_attn.k_proj.weight :: awq_p1.0 bpw=3.4800 rel_err=0.2340 wrel_err=0.1647 t=2.12s [382/392] ETA=0.05h
2026-08-22 08:41:14 FIT model.layers.27.self_attn.v_proj.weight :: seed_only bpw=3.0000 rel_err=0.2410 wrel_err=0.2237 t=9.83s [383/392] ETA=0.04h
2026-08-22 08:41:16 FIT model.layers.27.self_attn.v_proj.weight :: awq_p1.0 bpw=3.4800 rel_err=0.2321 wrel_err=0.2147 t=2.11s [384/392] ETA=0.04h
2026-08-22 08:41:35 FIT model.layers.27.self_attn.o_proj.weight :: seed_only bpw=3.0000 rel_err=0.2572 wrel_err=0.2147 t=18.77s [385/392] ETA=0.03h
2026-08-22 08:41:38 FIT model.layers.27.self_attn.o_proj.weight :: awq_p1.0 bpw=3.4800 rel_err=0.2480 wrel_err=0.1934 t=2.51s [386/392] ETA=0.03h
2026-08-22 08:42:32 FIT model.layers.27.mlp.gate_proj.weight :: seed_only bpw=3.0000 rel_err=0.2433 wrel_err=0.1602 t=53.77s [387/392] ETA=0.02h
2026-08-22 08:42:39 FIT model.layers.27.mlp.gate_proj.weight :: awq_p1.0 bpw=3.4800 rel_err=0.2375 wrel_err=0.1553 t=7.02s [388/392] ETA=0.02h
2026-08-22 08:43:34 FIT model.layers.27.mlp.up_proj.weight :: seed_only bpw=3.0000 rel_err=0.2429 wrel_err=0.1903 t=53.77s [389/392] ETA=0.01h
2026-08-22 08:43:41 FIT model.layers.27.mlp.up_proj.weight :: awq_p1.0 bpw=3.4800 rel_err=0.2371 wrel_err=0.1848 t=7.02s [390/392] ETA=0.01h
2026-08-22 08:44:35 FIT model.layers.27.mlp.down_proj.weight :: seed_only bpw=3.0000 rel_err=0.4252 wrel_err=0.0229 t=53.91s [391/392] ETA=0.01h
2026-08-22 08:44:42 FIT model.layers.27.mlp.down_proj.weight :: awq_p1.0 bpw=3.4800 rel_err=0.4216 wrel_err=0.0224 t=6.87s [392/392] ETA=0.00h
2026-08-22 08:44:43 FIT done in 117.5 min
2026-08-22 08:44:51 HASH re-verify originals verified=True sha256=42fb692854712fa1c4d375c5cde965af...
2026-08-22 08:44:51 RUN phase3-20260822-064705 complete
2026-08-22 08:45:26 RUN phase3-20260822-084526 layout=phase3 model=Qwen3-1.7B config=c12p4w@wt256 fit_weighting=awq coeff_rounding=nearest incoherence=none calib_id=wt256 C=12 P=4 stage=eval n_seeds=65535 stage2_seeds=65535 layers_limit=None eval_mode=cached resume=True stack=8ebd2f131f8f|NVIDIA GeForce RTX 4090|torch2.11.0+cu128
2026-08-22 08:45:29 HASH originals sha256=42fb692854712fa1c4d375c5cde965af... verified=True
2026-08-22 08:47:51 EVAL model=Qwen3-1.7B loaded, 196 target tensors (layers_limit=None, eval_mode=cached)
2026-08-22 08:47:51 SKIP cached reference.json fp=6f7a7d9b5d3fd99d
2026-08-22 08:47:51 REFLOGITS 12 prompts (0.44 GB, 12 cached, 0.0s) -> /workspace/results/Qwen3-1.7B/ref_logits
2026-08-22 08:48:52 EVAL c12p4w@wt256_seed_only bpw=3.0000 mean_kl=0.597257 p95=3.320129 max=20.8393 top1=82.08% fp=f15677f2a878713d (42.3s)
2026-08-22 08:48:53 WARN awq_p0.5: 196 tensors missing from cache -> skipping variant
2026-08-22 08:49:34 EVAL c12p4w@wt256_awq_p1.0 bpw=3.4800 mean_kl=0.569260 p95=2.925778 max=24.8750 top1=83.45% fp=94b24f9d7023c4fc (41.0s)
2026-08-22 08:49:34 WARN awq_p2.0: 196 tensors missing from cache -> skipping variant
2026-08-22 08:50:11 EVAL rtn4                 bpw=4.5000 mean_kl=0.176448 p95=0.895672 max=7.7504 top1=91.66% fp=2b0802153224bacc (36.7s)
2026-08-22 08:50:47 EVAL q4km                 bpw=4.8008 mean_kl=0.032270 p95=0.142677 max=2.1059 top1=96.85% fp=7de7ee7bb6f8dae5 (36.1s)
2026-08-22 08:51:25 EVAL q3km                 bpw=3.8478 mean_kl=0.204809 p95=0.966012 max=13.7500 top1=90.29% fp=ea45e80c2083e804 (37.7s)
2026-08-22 08:51:25 WARN awq_w4: 196 tensors missing from cache -> skipping variant
2026-08-22 08:51:45 EVAL bf16                 bpw=16.0000 mean_kl=0.000000 p95=0.000000 max=0.0000 top1=100.00% fp=6f7a7d9b5d3fd99d (19.2s)
2026-08-22 08:51:45 EVAL done in 6.3 min
2026-08-22 08:51:45 GATE FAIL pass_a=False pass_b=False best_seed=c12p4w@wt256_awq_p1.0 @3.4800 bpw
2026-08-22 08:51:53 HASH re-verify originals verified=True sha256=42fb692854712fa1c4d375c5cde965af...
2026-08-22 08:51:53 RUN phase3-20260822-084526 complete
